"Latitude (decimal degrees):	42.088",,,,,,
"Longitude (decimal degrees):	2.816",,,,,,
"Elevation (m):	99",,,,,,
"Radiation database:	PVGIS-SARAH3",,,,,,
,,,,,,
,,,,,,
Slope: 30 deg. ,,,,,,
Azimuth: 0 deg. ,,,,,,
"Nominal power of the PV system (c-Si) (kWp):	1.0",,,,,,
"System losses (%):	14.0",,,,,,
time,P,G(i),H_sun,T2m,WS10m,Int
20230101:0010,0,0,0,10.23,3.31,0
20230101:0110,0,0,0,9.85,3.24,0
20230101:0210,0,0,0,9.4,3.1,0
20230101:0310,0,0,0,9.07,2.97,0
20230101:0410,0,0,0,8.76,2.97,0
20230101:0510,0,0,0,8.61,2.97,0
20230101:0610,0,0,0,8.73,3.03,0
20230101:0710,0,0,0,8.67,2.9,0
20230101:0810,120.25,158.38,7.21,8.72,2.83,0
20230101:0910,421.05,518.53,14.94,10.66,2.55,0
20230101:1010,441.36,549.33,20.78,13.58,2.83,0
20230101:1110,603.43,772.1,24.19,15.73,3.66,0
20230101:1210,620.05,794.19,24.77,16.78,4.34,0
20230101:1310,518.92,655.26,22.44,17.25,4.41,0
20230101:1410,228.13,288.27,17.49,17.2,4.21,0
20230101:1510,82.18,115.64,10.44,16.36,3.79,0
20230101:1610,0,1.81,1.81,15,3.52,0
20230101:1710,0,0,0,13.16,3.31,0
20230101:1810,0,0,0,11.96,3.1,0
20230101:1910,0,0,0,11.22,2.9,0
20230101:2010,0,0,0,10.69,2.76,0
20230101:2110,0,0,0,10.3,2.62,0
20230101:2210,0,0,0,9.9,2.62,0
20230101:2310,0,0,0,9.61,2.62,0
20230102:0010,0,0,0,9.5,2.62,0
20230102:0110,0,0,0,9.5,2.48,0
20230102:0210,0,0,0,9.31,2.48,0
20230102:0310,0,0,0,9.09,2.41,0
20230102:0410,0,0,0,8.77,2.34,0
20230102:0510,0,0,0,8.69,2.28,0
20230102:0610,0,0,0,8.41,2.34,0
20230102:0710,0,0,0,8.5,2.14,0
20230102:0810,45.3,69.12,7.21,8.52,2.07,0
20230102:0910,56.25,82.16,14.96,9.71,2,0
20230102:1010,157.66,201.63,20.83,11.99,2.14,0
20230102:1110,312.26,387.71,24.26,13.44,2.28,0
20230102:1210,395.74,497.65,24.86,14.54,1.79,0
20230102:1310,373.9,478.85,22.55,15.02,0.14,0
20230102:1410,281.42,351.51,17.62,14.86,2.48,0
20230102:1510,84.48,117.45,10.57,14.09,2.62,0
20230102:1610,0,5.43,1.94,13.09,2.14,0
20230102:1710,0,0,0,12.32,1.45,0
20230102:1810,0,0,0,11.69,1.31,0
20230102:1910,0,0,0,11.37,1.86,0
20230102:2010,0,0,0,10.96,2,0
20230102:2110,0,0,0,11.01,1.93,0
20230102:2210,0,0,0,10.58,2.07,0
20230102:2310,0,0,0,10.37,2.14,0
20230103:0010,0,0,0,10.03,2.14,0
20230103:0110,0,0,0,9.42,2.14,0
20230103:0210,0,0,0,9.09,2.07,0
20230103:0310,0,0,0,8.62,2.07,0
20230103:0410,0,0,0,8.22,2,0
20230103:0510,0,0,0,7.69,1.86,0
20230103:0610,0,0,0,7.33,1.72,0
20230103:0710,0,0,0,7.94,1.86,0
20230103:0810,127.85,167.26,7.22,7.87,1.79,0
20230103:0910,76.87,106.44,14.99,9.49,1.24,0
20230103:1010,388.97,484.86,20.88,11.27,0.9,0
20230103:1110,294.56,368.32,24.34,13.19,1.17,0
20230103:1210,456.02,577.27,24.96,14.04,1.66,0
20230103:1310,569.49,735.71,22.67,14.4,1.86,0
20230103:1410,412.04,518.13,17.74,14.48,1.93,0
20230103:1510,211.83,269.76,10.7,13.82,1.72,0
20230103:1610,0.24,6.34,2.08,13.1,1.66,0
20230103:1710,0,0,0,12.44,1.52,0
20230103:1810,0,0,0,11.83,1.45,0
20230103:1910,0,0,0,11.13,1.24,0
20230103:2010,0,0,0,10.67,1.52,0
20230103:2110,0,0,0,10.73,1.66,0
20230103:2210,0,0,0,9.97,1.66,0
20230103:2310,0,0,0,9.46,1.66,0
20230104:0010,0,0,0,8.89,1.72,0
20230104:0110,0,0,0,8.64,1.52,0
20230104:0210,0,0,0,8.29,1.59,0
20230104:0310,0,0,0,7.91,1.59,0
20230104:0410,0,0,0,7.03,1.72,0
20230104:0510,0,0,0,6.42,1.79,0
20230104:0610,0,0,0,5.93,1.86,0
20230104:0710,0,0,0,6.59,1.79,0
20230104:0810,209.4,263.19,7.24,6.46,1.72,0
20230104:0910,407.6,504.2,15.03,8.68,0.97,0
20230104:1010,538.07,695.97,20.94,12.01,0.62,0
20230104:1110,594.43,786.21,24.42,13.34,0.69,0
20230104:1210,605.64,803.16,25.07,14.23,0.97,0
20230104:1310,568.05,745.55,22.79,14.84,1.1,0
20230104:1410,465.8,598.35,17.88,15.02,1.1,0
20230104:1510,308.75,393.59,10.84,14.75,1.24,0
20230104:1610,0.98,8.15,2.22,13.65,1.24,0
20230104:1710,0,0,0,12.06,0.62,0
20230104:1810,0,0,0,11.92,0.34,0
20230104:1910,0,0,0,10.19,1.24,0
20230104:2010,0,0,0,9.15,1.86,0
20230104:2110,0,0,0,8.78,2.07,0
20230104:2210,0,0,0,7.73,2.07,0
20230104:2310,0,0,0,7.1,2,0
20230105:0010,0,0,0,6.57,2,0
20230105:0110,0,0,0,6.17,1.93,0
20230105:0210,0,0,0,5.89,1.93,0
20230105:0310,0,0,0,5.61,1.93,0
20230105:0410,0,0,0,5.28,1.93,0
20230105:0510,0,0,0,5.06,1.93,0
20230105:0610,0,0,0,4.97,2,0
20230105:0710,0,0,0,4.85,2.07,0
20230105:0810,206.32,257.73,7.26,5.09,1.86,0
20230105:0910,420.25,516.41,15.08,7.66,1.24,0
20230105:1010,533.42,687.28,21.01,11.77,0.69,0
20230105:1110,593.63,789.86,24.51,13.54,0.48,0
20230105:1210,600.18,799.86,25.18,14.28,0.69,0
20230105:1310,568.25,749.33,22.92,14.68,0.83,0
20230105:1410,461.43,592.47,18.02,14.73,0.97,0
20230105:1510,309.61,394.57,10.99,14.41,1.03,0
20230105:1610,0.99,8.15,2.37,13.47,1.17,0
20230105:1710,0,0,0,12.14,1.45,0
20230105:1810,0,0,0,10.9,1.72,0
20230105:1910,0,0,0,10.12,2.14,0
20230105:2010,0,0,0,8.92,2.14,0
20230105:2110,0,0,0,7.7,2,0
20230105:2210,0,0,0,6.82,1.86,0
20230105:2310,0,0,0,6.23,1.79,0
20230106:0010,0,0,0,5.83,1.79,0
20230106:0110,0,0,0,5.44,1.86,0
20230106:0210,0,0,0,5.15,1.86,0
20230106:0310,0,0,0,4.98,1.86,0
20230106:0410,0,0,0,4.98,1.93,0
20230106:0510,0,0,0,5.12,2,0
20230106:0610,0,0,0,5.36,2.07,0
20230106:0710,0,0,0,5.76,2.34,0
20230106:0810,213.06,266.44,7.29,5.73,2.07,0
20230106:0910,415.99,510.29,15.13,7.43,1.24,0
20230106:1010,442.62,557.44,21.08,11.34,0.76,0
20230106:1110,548.11,713.91,24.61,12.66,0.62,0
20230106:1210,571.72,750.53,25.3,13.37,0.76,0
20230106:1310,569.02,743.4,23.06,13.78,1.03,0
20230106:1410,461.67,587.17,18.17,13.87,1.31,0
20230106:1510,319.76,403.7,11.14,13.52,1.66,0
20230106:1610,1.41,9.05,2.52,12.43,1.72,0
20230106:1710,0,0,0,11.17,1.52,0
20230106:1810,0,0,0,9.85,1.03,0
20230106:1910,0,0,0,9.98,0.62,0
20230106:2010,0,0,0,8.49,1.1,0
20230106:2110,0,0,0,7.07,1.52,0
20230106:2210,0,0,0,6.43,1.72,0
20230106:2310,0,0,0,5.85,1.79,0
20230107:0010,0,0,0,5.5,1.86,0
20230107:0110,0,0,0,5.32,2,0
20230107:0210,0,0,0,5.4,2.14,0
20230107:0310,0,0,0,4.95,2.34,0
20230107:0410,0,0,0,4.58,2.41,0
20230107:0510,0,0,0,4.4,2.48,0
20230107:0610,0,0,0,4.35,2.76,0
20230107:0710,0,0,0,4.23,3.1,0
20230107:0810,234.85,289.57,7.33,4.44,3.17,0
20230107:0910,454.6,547.85,15.18,6.47,3.1,0
20230107:1010,576.76,712.13,21.16,9.52,3.45,0
20230107:1110,638.89,803.96,24.72,12.14,4,0
20230107:1210,651.41,822.64,25.43,13.77,4.69,0
20230107:1310,599.99,753.2,23.2,14.59,4.83,0
20230107:1410,499.04,619.55,18.32,14.75,4.76,0
20230107:1510,335.65,417.77,11.3,14.21,4.55,0
20230107:1610,2.3,10.86,2.67,12.94,4.14,0
20230107:1710,0,0,0,11.08,3.66,0
20230107:1810,0,0,0,9.71,3.24,0
20230107:1910,0,0,0,8.42,2.48,0
20230107:2010,0,0,0,7.41,2.69,0
20230107:2110,0,0,0,6.83,2.97,0
20230107:2210,0,0,0,6.63,3.1,0
20230107:2310,0,0,0,6.56,3.38,0
20230108:0010,0,0,0,7.07,3.93,0
20230108:0110,0,0,0,8.38,4.28,0
20230108:0210,0,0,0,9.5,4.14,0
20230108:0310,0,0,0,9.83,3.86,0
20230108:0410,0,0,0,10.01,3.59,0
20230108:0510,0,0,0,9.76,3.38,0
20230108:0610,0,0,0,9.35,3.1,0
20230108:0710,0,0,0,10.02,3.52,0
20230108:0810,67.54,96.49,7.37,9.84,2.97,0
20230108:0910,79.6,110.02,15.25,10.77,2.41,0
20230108:1010,113.6,150.46,21.25,12.08,2.83,0
20230108:1110,180.03,227.9,24.83,12.85,3.59,0
20230108:1210,221.04,275.34,25.57,13.3,4.62,0
20230108:1310,129.87,169.77,23.35,13.57,5.1,0
20230108:1410,118.21,156.1,18.48,14.13,5.86,0
20230108:1510,72.42,102.8,11.46,14.52,6.21,0
20230108:1610,0.59,7.24,2.83,14.25,6.07,0
20230108:1710,0,0,0,13.53,4.62,0
20230108:1810,0,0,0,13.07,2.97,0
20230108:1910,0,0,0,12.27,2.76,0
20230108:2010,0,0,0,11.65,2,0
20230108:2110,0,0,0,10.71,1.86,0
20230108:2210,0,0,0,9.72,1.93,0
20230108:2310,0,0,0,8.9,1.79,0
20230109:0010,0,0,0,8.46,1.59,0
20230109:0110,0,0,0,8.43,1.45,0
20230109:0210,0,0,0,8.63,1.66,0
20230109:0310,0,0,0,9.05,1.86,0
20230109:0410,0,0,0,9.32,1.86,0
20230109:0510,0,0,0,9.18,1.52,0
20230109:0610,0,0,0,9.06,1.38,0
20230109:0710,0,0,0,8.93,1.31,0
20230109:0810,204.89,260.76,7.42,8.54,1.45,0
20230109:0910,409.31,510.61,15.32,9.43,0.62,0
20230109:1010,545.43,697.41,21.35,10.57,0.9,0
20230109:1110,603.64,778.58,24.95,11.05,1.38,0
20230109:1210,609.35,776.39,25.71,11.32,2.28,0
20230109:1310,553.42,696.67,23.51,11.51,2.34,0
20230109:1410,294.26,362.13,18.65,11.17,1.93,0
20230109:1510,344.14,428.82,11.62,11.03,1.79,0
20230109:1610,3.84,13.58,3,9.94,1.66,0
20230109:1710,0,0,0,8.79,1.1,0
20230109:1810,0,0,0,8.16,1.24,0
20230109:1910,0,0,0,7.62,0.9,0
20230109:2010,0,0,0,7.32,1.31,0
20230109:2110,0,0,0,6.46,1.31,0
20230109:2210,0,0,0,7.1,0.9,0
20230109:2310,0,0,0,7.85,0.55,0
20230110:0010,0,0,0,5.58,1.93,0
20230110:0110,0,0,0,6.03,2.07,0
20230110:0210,0,0,0,6.41,2.41,0
20230110:0310,0,0,0,6.6,2.28,0
20230110:0410,0,0,0,6.54,2.28,0
20230110:0510,0,0,0,6.42,2.21,0
20230110:0610,0,0,0,6.12,2.21,0
20230110:0710,0,0,0,5.32,2,0
20230110:0810,207.97,260.36,7.48,5.27,1.66,0
20230110:0910,421.2,520.7,15.4,8.16,0.97,0
20230110:1010,543.86,699.07,21.45,10.88,0.69,0
20230110:1110,529.44,675.51,25.08,11.79,1.24,0
20230110:1210,575.43,736.92,25.86,12.38,1.86,0
20230110:1310,556.36,706.3,23.68,12.78,2.28,0
20230110:1410,489.4,614.22,18.82,12.78,2.28,0
20230110:1510,316.12,395.09,11.8,12.62,2.21,0
20230110:1610,4.31,14.48,3.17,11.98,2,0
20230110:1710,0,0,0,10.73,2.21,0
20230110:1810,0,0,0,9.71,2.28,0
20230110:1910,0,0,0,8.7,2.21,0
20230110:2010,0,0,0,7.6,2.07,0
20230110:2110,0,0,0,6.62,2,0
20230110:2210,0,0,0,5.91,1.93,0
20230110:2310,0,0,0,5.49,1.93,0
20230111:0010,0,0,0,5.06,2,0
20230111:0110,0,0,0,4.66,1.93,0
20230111:0210,0,0,0,4.26,1.93,0
20230111:0310,0,0,0,4,1.93,0
20230111:0410,0,0,0,3.86,2,0
20230111:0510,0,0,0,3.88,2.07,0
20230111:0610,0,0,0,3.99,2.14,0
20230111:0710,0,0,0,4.27,2.28,0
20230111:0810,155.45,196.94,7.54,4.41,2.14,0
20230111:0910,359.98,437.79,15.48,7.47,1.59,0
20230111:1010,509.79,648.58,21.56,11.56,1.03,0
20230111:1110,393.34,498.44,25.22,13.82,0.76,0
20230111:1210,315.46,397.86,26.02,14.58,1.03,0
20230111:1310,259.25,326.75,23.85,14.84,1.52,0
20230111:1410,180.16,230.96,18.99,14.97,1.79,0
20230111:1510,261.83,332.58,11.97,14.84,1.45,0
20230111:1610,25.39,47.29,3.34,14.02,0.28,0
20230111:1710,0,0,0,12.81,0,0
20230111:1810,0,0,0,11.67,1.1,0
20230111:1910,0,0,0,10.82,2.34,0
20230111:2010,0,0,0,9.93,2.21,0
20230111:2110,0,0,0,9.35,2.28,0
20230111:2210,0,0,0,8.27,2,0
20230111:2310,0,0,0,7.32,1.79,0
20230112:0010,0,0,0,6.54,1.79,0
20230112:0110,0,0,0,5.93,1.86,0
20230112:0210,0,0,0,5.33,1.72,0
20230112:0310,0,0,0,4.85,1.79,0
20230112:0410,0,0,0,4.46,1.79,0
20230112:0510,0,0,0,4.17,1.72,0
20230112:0610,0,0,0,3.88,1.72,0
20230112:0710,0,0,0,3.86,1.72,0
20230112:0810,241.66,299.31,7.61,4.02,1.72,0
20230112:0910,425.08,519.38,15.57,6.25,1.17,0
20230112:1010,543.02,692.65,21.68,10.23,0.9,0
20230112:1110,601.08,799.4,25.36,11.58,0.14,0
20230112:1210,626.49,820.61,26.18,12.57,1.38,0
20230112:1310,591.74,760.98,24.02,13,2,0
20230112:1410,495.86,627.63,19.18,13.22,1.86,0
20230112:1510,317.71,398.33,12.15,13.11,2,0
20230112:1610,59.25,92.23,3.52,12.1,1.86,0
20230112:1710,0,0,0,10.78,1.66,0
20230112:1810,0,0,0,9.82,1.45,0
20230112:1910,0,0,0,8.83,1.17,0
20230112:2010,0,0,0,7.91,1.31,0
20230112:2110,0,0,0,7.08,1.59,0
20230112:2210,0,0,0,6.55,1.66,0
20230112:2310,0,0,0,6.05,1.59,0
20230113:0010,0,0,0,5.65,1.72,0
20230113:0110,0,0,0,5.88,1.86,0
20230113:0210,0,0,0,6.24,2,0
20230113:0310,0,0,0,6.65,1.93,0
20230113:0410,0,0,0,6.29,1.86,0
20230113:0510,0,0,0,5.59,1.86,0
20230113:0610,0,0,0,5.13,1.93,0
20230113:0710,0,0,0,5.23,2,0
20230113:0810,24.53,42.47,7.68,5.39,1.79,0
20230113:0910,69.59,96.97,15.67,6.96,1.38,0
20230113:1010,571.32,733.1,21.8,9.98,0.9,0
20230113:1110,452.15,573.45,25.51,12.71,0.97,0
20230113:1210,625.39,824.8,26.35,13.76,1.38,0
20230113:1310,592.35,771.79,24.21,14.62,1.79,0
20230113:1410,509.13,653.94,19.36,14.9,1.66,0
20230113:1510,333.96,425.93,12.34,14.83,1.03,0
20230113:1610,58.27,91.47,3.7,13.99,0.97,0
20230113:1710,0,0,0,11.54,1.03,0
20230113:1810,0,0,0,11.63,0.69,0
20230113:1910,0,0,0,12.19,0.41,0
20230113:2010,0,0,0,11.66,0.97,0
20230113:2110,0,0,0,9.05,1.38,0
20230113:2210,0,0,0,7.42,1.72,0
20230113:2310,0,0,0,6.41,1.93,0
20230114:0010,0,0,0,5.85,2,0
20230114:0110,0,0,0,5.44,2,0
20230114:0210,0,0,0,4.91,1.93,0
20230114:0310,0,0,0,4.7,1.86,0
20230114:0410,0,0,0,4.35,1.93,0
20230114:0510,0,0,0,3.81,1.93,0
20230114:0610,0,0,0,3.42,1.93,0
20230114:0710,0,0,0,3.49,2.48,0
20230114:0810,99.85,132.03,7.77,4.35,2.55,0
20230114:0910,358.42,432.04,15.78,6.84,2.34,0
20230114:1010,527.8,655.65,21.94,10.13,2.48,0
20230114:1110,628.52,808.08,25.67,12.51,2.41,0
20230114:1210,642.14,843.38,26.53,14.32,2,0
20230114:1310,583.02,765.57,24.4,15.52,1.52,0
20230114:1410,516.27,674.88,19.56,16.02,1.03,0
20230114:1510,346.8,443.15,12.53,15.43,1.24,0
20230114:1610,65.36,100.4,3.89,13.87,1.31,0
20230114:1710,0,0,0,11.81,0.62,0
20230114:1810,0,0,0,11.25,0.55,0
20230114:1910,0,0,0,8.85,1.03,0
20230114:2010,0,0,0,7.11,1.52,0
20230114:2110,0,0,0,6.24,1.72,0
20230114:2210,0,0,0,5.88,1.86,0
20230114:2310,0,0,0,5.86,2,0
20230115:0010,0,0,0,5.92,2.07,0
20230115:0110,0,0,0,5.81,2.14,0
20230115:0210,0,0,0,5.47,2.14,0
20230115:0310,0,0,0,5.35,2.21,0
20230115:0410,0,0,0,5.38,2.21,0
20230115:0510,0,0,0,5.46,2.14,0
20230115:0610,0,0,0,5.22,2.07,0
20230115:0710,0,0,0,5.6,1.93,0
20230115:0810,68.45,96.04,7.86,5.66,1.86,0
20230115:0910,337.06,411.03,15.89,7.76,1.31,0
20230115:1010,581.57,743.61,22.07,10.95,1.52,0
20230115:1110,655.98,851.76,25.83,12.04,2.07,0
20230115:1210,630.37,817.43,26.71,12.69,2,0
20230115:1310,382.84,478.29,24.59,13.19,1.66,0
20230115:1410,25.14,44.46,19.75,13.09,1.72,0
20230115:1510,54.99,81.33,12.73,11.99,2.41,0
20230115:1610,5.88,17.03,4.08,10.6,2.55,0
20230115:1710,0,0,0,9.26,3.03,0
20230115:1810,0,0,0,8.47,3.17,0
20230115:1910,0,0,0,7.81,3.17,0
20230115:2010,0,0,0,7.34,2.48,0
20230115:2110,0,0,0,6.89,1.31,0
20230115:2210,0,0,0,6.55,0.21,0
20230115:2310,0,0,0,5.89,0.69,0
20230116:0010,0,0,0,5.72,1.24,0
20230116:0110,0,0,0,5.83,1.59,0
20230116:0210,0,0,0,6.29,2.62,0
20230116:0310,0,0,0,6.87,4.28,0
20230116:0410,0,0,0,6.85,5.24,0
20230116:0510,0,0,0,6.34,5.17,0
20230116:0610,0,0,0,6,5.1,0
20230116:0710,0,0,0,6.38,6.07,0
20230116:0810,66.71,93.85,7.95,6.44,5.79,0
20230116:0910,229.32,276.94,16.01,7.43,5.1,0
20230116:1010,477.88,575.66,22.22,8.44,4.14,0
20230116:1110,611.93,755.81,26,9.58,4,0
20230116:1210,520.76,638.13,26.9,10.83,4.21,0
20230116:1310,202.49,252.99,24.79,11.75,3.38,0
20230116:1410,124.7,163.57,19.96,12.16,2.07,0
20230116:1510,209.54,264.72,12.93,12.05,1.1,0
20230116:1610,98.83,142.23,4.27,11.46,0.21,0
20230116:1710,0,0,0,9.71,0.69,0
20230116:1810,0,0,0,9.82,0.34,0
20230116:1910,0,0,0,7.57,1.38,0
20230116:2010,0,0,0,6.65,1.72,0
20230116:2110,0,0,0,6.45,1.66,0
20230116:2210,0,0,0,6.93,1.52,0
20230116:2310,0,0,0,7.44,1.52,0
20230117:0010,0,0,0,7.4,1.66,0
20230117:0110,0,0,0,8.16,2.41,0
20230117:0210,0,0,0,9.44,4.48,0
20230117:0310,0,0,0,9.72,5.24,0
20230117:0410,0,0,0,9.65,4.69,0
20230117:0510,0,0,0,9.55,4.41,0
20230117:0610,0,0,0,9.3,3.72,0
20230117:0710,0,0,0,8.09,1.1,0
20230117:0810,240.66,303.26,8.05,7.37,1.38,0
20230117:0910,260.94,320.68,16.13,8.96,1.24,0
20230117:1010,92.34,125.21,22.37,10.24,1.24,0
20230117:1110,31.33,52.03,26.18,10.89,1.38,0
20230117:1210,235,294.15,27.1,11.51,1.03,0
20230117:1310,18.84,35.95,25,12.08,0.83,0
20230117:1410,496.13,624.45,20.17,12.19,1.86,0
20230117:1510,58.28,84.95,13.13,10.84,2,0
20230117:1610,110.71,155.09,4.47,9.28,1.72,0
20230117:1710,0,0,0,7.43,1.24,0
20230117:1810,0,0,0,7.09,0.97,0
20230117:1910,0,0,0,7.16,0.69,0
20230117:2010,0,0,0,5.37,1.24,0
20230117:2110,0,0,0,3.31,2.14,0
20230117:2210,0,0,0,3.1,2.48,0
20230117:2310,0,0,0,2.67,2.55,0
20230118:0010,0,0,0,2.7,2.34,0
20230118:0110,0,0,0,1.71,2.14,0
20230118:0210,0,0,0,1.01,1.72,0
20230118:0310,0,0,0,0.36,1.52,0
20230118:0410,0,0,0,0.32,1.31,0
20230118:0510,0,0,0,0.75,1.31,0
20230118:0610,0,0,0,1.1,1.59,0
20230118:0710,0,0,0,2.14,2.41,0
20230118:0810,100.74,132.17,8.16,2.67,2.07,0
20230118:0910,203.61,247.11,16.27,4.19,1.66,0
20230118:1010,277.76,334.4,22.53,6.08,2.07,0
20230118:1110,607.78,754.39,26.36,7.19,2.55,0
20230118:1210,203.48,251.45,27.3,7.75,1.93,0
20230118:1310,137.03,175.84,25.21,8.55,1.66,0
20230118:1410,347.67,426.19,20.38,9.07,1.24,0
20230118:1510,372.07,464.54,13.34,9.26,0.62,0
20230118:1610,136.17,186.47,4.67,8.57,0.97,0
20230118:1710,0,0,0,6.87,1.93,0
20230118:1810,0,0,0,5.69,2.55,0
20230118:1910,0,0,0,5.58,2.62,0
20230118:2010,0,0,0,4.79,2.76,0
20230118:2110,0,0,0,4.24,2.97,0
20230118:2210,0,0,0,3.8,2.97,0
20230118:2310,0,0,0,3.46,2.28,0
20230119:0010,0,0,0,2.85,1.86,0
20230119:0110,0,0,0,1.87,1.72,0
20230119:0210,0,0,0,1.01,1.72,0
20230119:0310,0,0,0,0.43,1.86,0
20230119:0410,0,0,0,-0.04,1.86,0
20230119:0510,0,0,0,-0.28,1.86,0
20230119:0610,0,0,0,-0.63,1.86,0
20230119:0710,0,0,0,-0.27,2.21,0
20230119:0810,263.09,318.46,8.27,0,2.14,0
20230119:0910,471.79,567.97,16.4,2.73,1.52,0
20230119:1010,584.02,740.52,22.7,6.99,0.83,0
20230119:1110,649.6,859.36,26.56,8.47,0.28,0
20230119:1210,682.16,891.69,27.51,9.35,1.38,0
20230119:1310,648.46,832.26,25.43,9.86,1.93,0
20230119:1410,542.3,678.01,20.6,10.11,2.21,0
20230119:1510,380.01,469.42,13.55,10,2.14,0
20230119:1610,139.89,190.82,4.88,9.26,1.72,0
20230119:1710,0,0,0,7.8,2.14,0
20230119:1810,0,0,0,6.74,2.83,0
20230119:1910,0,0,0,6.93,4.21,0
20230119:2010,0,0,0,6.31,4.76,0
20230119:2110,0,0,0,6.44,5.24,0
20230119:2210,0,0,0,6.44,5.03,0
20230119:2310,0,0,0,6.1,3.72,0
20230120:0010,0,0,0,5.25,3.1,0
20230120:0110,0,0,0,4.48,5.59,0
20230120:0210,0,0,0,3.57,6.14,0
20230120:0310,0,0,0,3.13,5.17,0
20230120:0410,0,0,0,2.92,4.48,0
20230120:0510,0,0,0,3.01,4.28,0
20230120:0610,0,0,0,3.33,4.76,0
20230120:0710,0,0,0,3.43,5.59,0
20230120:0810,257.56,312.99,8.39,3.54,5.31,0
20230120:0910,477.72,566.46,16.55,4.69,4.34,0
20230120:1010,610.38,738.17,22.87,6.17,4.28,0
20230120:1110,688.04,851.34,26.75,7.73,4.21,0
20230120:1210,711.18,889.07,27.73,8.9,4.28,0
20230120:1310,670.44,836.75,25.66,9.68,4.07,0
20230120:1410,554.55,682.25,20.82,9.93,3.72,0
20230120:1510,390.19,478.29,13.77,9.74,3.03,0
20230120:1610,147.56,199.22,5.08,8.86,2.41,0
20230120:1710,0,0,0,7.16,2.34,0
20230120:1810,0,0,0,5.83,2.34,0
20230120:1910,0,0,0,4.49,2.97,0
20230120:2010,0,0,0,3.5,3.1,0
20230120:2110,0,0,0,2.74,3.17,0
20230120:2210,0,0,0,2.23,3.38,0
20230120:2310,0,0,0,1.88,3.59,0
20230121:0010,0,0,0,1.54,3.72,0
20230121:0110,0,0,0,1.3,3.86,0
20230121:0210,0,0,0,1.2,3.86,0
20230121:0310,0,0,0,1.16,3.93,0
20230121:0410,0,0,0,1.06,4,0
20230121:0510,0,0,0,1.09,4.28,0
20230121:0610,0,0,0,1.22,4.41,0
20230121:0710,0,0,0,1.65,4.62,0
20230121:0810,271.1,327.47,8.52,2.22,4.83,0
20230121:0910,488.55,577.63,16.7,3.96,4.41,0
20230121:1010,622.77,748.91,23.05,5.66,4.83,0
20230121:1110,705.73,856.34,26.96,6.83,5.93,0
20230121:1210,739.1,901.12,27.95,7.55,6.41,0
20230121:1310,689.34,831.72,25.89,7.92,6.97,0
20230121:1410,587.19,699.43,21.05,7.82,7.03,0
20230121:1510,414.06,493.45,13.99,7.37,6.14,0
20230121:1610,166.23,217.91,5.29,6.54,6.14,0
20230121:1710,0,0,0,5.33,5.93,0
20230121:1810,0,0,0,4.39,5.79,0
20230121:1910,0,0,0,3.79,6.21,0
20230121:2010,0,0,0,3.4,6.55,0
20230121:2110,0,0,0,3.06,6.69,0
20230121:2210,0,0,0,2.86,6.62,0
20230121:2310,0,0,0,2.71,6.48,0
20230122:0010,0,0,0,2.51,6.07,0
20230122:0110,0,0,0,2.26,5.52,0
20230122:0210,0,0,0,1.92,4.9,0
20230122:0310,0,0,0,1.47,4.28,0
20230122:0410,0,0,0,1.01,3.79,0
20230122:0510,0,0,0,0.71,3.79,0
20230122:0610,0,0,0,0.53,3.66,0
20230122:0710,0,0,0,1.03,4.62,0
20230122:0810,284.12,342.29,8.65,1.49,4.34,0
20230122:0910,477.42,564.39,16.86,3.06,3.66,0
20230122:1010,568.51,680.92,23.23,4.86,4,0
20230122:1110,687.35,845.74,27.17,6.4,4.07,0
20230122:1210,611.32,743.49,28.18,7.28,4.48,0
20230122:1310,557.38,671.23,26.12,7.6,4.9,0
20230122:1410,551.97,662.14,21.28,7.6,5.24,0
20230122:1510,186.14,228.16,14.21,6.92,5.24,0
20230122:1610,49.58,75.03,5.51,5.42,5.45,0
20230122:1710,0,0,0,3.86,5.52,0
20230122:1810,0,0,0,3.08,5.24,0
20230122:1910,0,0,0,2.26,6,0
20230122:2010,0,0,0,1.91,5.79,0
20230122:2110,0,0,0,1.68,5.59,0
20230122:2210,0,0,0,1.44,5.17,0
20230122:2310,0,0,0,1.36,4.62,0
20230123:0010,0,0,0,1.33,4.34,0
20230123:0110,0,0,0,1.2,4.21,0
20230123:0210,0,0,0,1.03,3.93,0
20230123:0310,0,0,0,0.66,3.79,0
20230123:0410,0,0,0,0.42,3.72,0
20230123:0510,0,0,0,0.25,3.59,0
20230123:0610,0,0,0,0.05,3.52,0
20230123:0710,0,0,0,-0.04,3.03,0
20230123:0810,124.71,157.46,8.79,-0.02,3.1,0
20230123:0910,471.37,556.36,17.02,2,3.1,0
20230123:1010,172.12,210.28,23.42,3.73,3.66,0
20230123:1110,686.86,844.78,27.38,5.39,3.66,0
20230123:1210,715.49,890.87,28.41,6.68,3.72,0
20230123:1310,683.6,845.46,26.36,7.4,4,0
20230123:1410,568.37,692.05,21.52,7.71,3.79,0
20230123:1510,407.51,493.57,14.44,7.53,3.24,0
20230123:1610,88.81,123.59,5.72,6.44,3.1,0
20230123:1710,0,0,0,4.88,2.97,0
20230123:1810,0,0,0,4.01,2.83,0
20230123:1910,0,0,0,2.45,3.52,0
20230123:2010,0,0,0,2.23,3.1,0
20230123:2110,0,0,0,1.88,3.03,0
20230123:2210,0,0,0,1.56,2.69,0
20230123:2310,0,0,0,1.38,2.41,0
20230124:0010,0,0,0,1.12,2.34,0
20230124:0110,0,0,0,0.96,2.07,0
20230124:0210,0,0,0,1.12,1.86,0
20230124:0310,0,0,0,1.45,1.79,0
20230124:0410,0,0,0,1.58,2.07,0
20230124:0510,0,0,0,1.72,2.07,0
20230124:0610,0,0,0,1.8,2,0
20230124:0710,0,0,0,2.23,2.76,0
20230124:0810,190.79,235.33,8.94,2.53,2.97,0
20230124:0910,37.31,57.7,17.19,3.33,3.38,0
20230124:1010,21.11,37.84,23.62,4.42,3.93,0
20230124:1110,22.48,39.73,27.61,5.41,4.69,0
20230124:1210,23.91,41.62,28.65,5.94,5.52,0
20230124:1310,43.93,66.22,26.61,6.1,5.52,0
20230124:1410,91.49,121.39,21.76,6.24,5.45,0
20230124:1510,21.65,38.79,14.67,6.3,5.03,0
20230124:1610,172.02,223.85,5.94,6.35,4.69,0
20230124:1710,0,0,0,5.79,4.21,0
20230124:1810,0,0,0,5.27,4,0
20230124:1910,0,0,0,4.61,4,0
20230124:2010,0,0,0,4.93,4.28,0
20230124:2110,0,0,0,5.29,4.28,0
20230124:2210,0,0,0,5.42,4.14,0
20230124:2310,0,0,0,5.32,4.07,0
20230125:0010,0,0,0,5.27,4.07,0
20230125:0110,0,0,0,5.25,4.14,0
20230125:0210,0,0,0,5.21,4.28,0
20230125:0310,0,0,0,5.18,4.34,0
20230125:0410,0,0,0,5.14,4.28,0
20230125:0510,0,0,0,4.96,4,0
20230125:0610,0,0,0,4.46,3.72,0
20230125:0710,0,0,0,4.43,4,0
20230125:0810,113.81,147.65,9.09,4.52,3.79,0
20230125:0910,477.2,573.47,17.37,6.11,3.45,0
20230125:1010,611.56,751.86,23.82,8.18,3.72,0
20230125:1110,696.66,873.97,27.83,9.79,4.14,0
20230125:1210,717.17,907.24,28.9,10.97,4.34,0
20230125:1310,679.53,851.6,26.86,11.59,4.76,0
20230125:1410,572.88,703.79,22.01,11.61,5.1,0
20230125:1510,404.47,492.74,14.91,11.03,4.9,0
20230125:1610,171.6,226.21,6.17,9.79,4.62,0
20230125:1710,0,0,0,8.06,4.21,0
20230125:1810,0,0,0,6.77,3.93,0
20230125:1910,0,0,0,5.43,3.31,0
20230125:2010,0,0,0,4.61,3.17,0
20230125:2110,0,0,0,3.85,3.1,0
20230125:2210,0,0,0,3.08,2.83,0
20230125:2310,0,0,0,2.43,2.69,0
20230126:0010,0,0,0,1.84,2.62,0
20230126:0110,0,0,0,1.27,2.62,0
20230126:0210,0,0,0,0.76,2.55,0
20230126:0310,0,0,0,0.4,2.41,0
20230126:0410,0,0,0,0.1,2.34,0
20230126:0510,0,0,0,-0.06,2.21,0
20230126:0610,0,0,0,-0.12,2.21,0
20230126:0710,0,0,0,0.32,2.34,0
20230126:0810,256.41,310.89,9.24,0.41,1.93,0
20230126:0910,469,566.3,17.55,3.33,1.45,0
20230126:1010,394.02,474.01,24.03,5.54,1.79,0
20230126:1110,681.04,868.19,28.07,6.93,1.86,0
20230126:1210,697.69,902.97,29.15,7.67,1.59,0
20230126:1310,653.17,840.71,27.12,8.5,1.45,0
20230126:1410,554.53,694.72,22.26,9.03,1.79,0
20230126:1510,404.43,495.79,15.15,8.92,2.41,0
20230126:1610,179.11,234.16,6.39,7.83,2.97,0
20230126:1710,0,0,0,6.02,3.1,0
20230126:1810,0,0,0,5.06,2.62,0
20230126:1910,0,0,0,4.31,2.28,0
20230126:2010,0,0,0,3.46,2.07,0
20230126:2110,0,0,0,3.02,2.14,0
20230126:2210,0,0,0,2.21,2.14,0
20230126:2310,0,0,0,1.37,2.14,0
20230127:0010,0,0,0,0.95,1.93,0
20230127:0110,0,0,0,0.65,1.86,0
20230127:0210,0,0,0,0.55,1.93,0
20230127:0310,0,0,0,0.5,2.14,0
20230127:0410,0,0,0,0.36,2.21,0
20230127:0510,0,0,0,0.15,2.21,0
20230127:0610,0,0,0,-0.03,2.14,0
20230127:0710,0,0,0,1.24,2.21,0
20230127:0810,261.52,317.83,9.41,1.39,2.21,0
20230127:0910,476.08,569.68,17.74,3.16,2.28,0
20230127:1010,641.34,784.18,24.25,4.75,3.1,0
20230127:1110,696.47,860.93,28.31,5.64,3.52,0
20230127:1210,657.67,809.76,29.41,6.78,3.79,0
20230127:1310,474.15,569.27,27.38,7.41,4.07,0
20230127:1410,213.16,259.54,22.51,7.46,4.21,0
20230127:1510,295.91,355.36,15.39,7.25,4.21,0
20230127:1610,164.82,214.45,6.62,6.71,4,0
20230127:1710,0,0,0,5.94,3.66,0
20230127:1810,0,0,0,5.44,3.38,0
20230127:1910,0,0,0,5.01,3.86,0
20230127:2010,0,0,0,4.29,4.07,0
20230127:2110,0,0,0,4.15,3.86,0
20230127:2210,0,0,0,3.75,3.45,0
20230127:2310,0,0,0,3.31,3.1,0
20230128:0010,0,0,0,3.01,2.83,0
20230128:0110,0,0,0,2.67,2.55,0
20230128:0210,0,0,0,2.46,2.48,0
20230128:0310,0,0,0,2.39,2.48,0
20230128:0410,0,0,0,2.26,2.62,0
20230128:0510,0,0,0,2.24,2.76,0
20230128:0610,0,0,0,2.23,3.03,0
20230128:0710,0,0,0,2.15,4,0
20230128:0810,266.16,322.72,9.58,2.49,3.72,0
20230128:0910,484.86,574.69,17.93,3.56,3.66,0
20230128:1010,437.78,516.37,24.47,4.93,4.41,0
20230128:1110,439.31,520.14,28.56,5.94,4.83,0
20230128:1210,336.84,400.4,29.67,6.91,5.17,0
20230128:1310,390.13,463.08,27.64,7.44,5.45,0
20230128:1410,54.73,79.46,22.77,7.59,5.52,0
20230128:1510,50.02,73.79,15.63,7.23,5.31,0
20230128:1610,25.57,44.14,6.85,6.45,5.45,0
20230128:1710,0,0,0,5.41,4.97,0
20230128:1810,0,0,0,4.67,4.41,0
20230128:1910,0,0,0,3.81,4.83,0
20230128:2010,0,0,0,3.36,4.34,0
20230128:2110,0,0,0,3.01,4,0
20230128:2210,0,0,0,2.54,3.59,0
20230128:2310,0,0,0,2.07,3.24,0
20230129:0010,0,0,0,1.7,2.97,0
20230129:0110,0,0,0,1.28,2.83,0
20230129:0210,0,0,0,0.95,2.76,0
20230129:0310,0,0,0,0.67,2.69,0
20230129:0410,0,0,0,0.47,2.76,0
20230129:0510,0,0,0,0.4,2.83,0
20230129:0610,0,0,0,0.31,2.76,0
20230129:0710,0,0,0,0.79,3.24,0
20230129:0810,280.32,338.53,9.75,1.27,3.03,0
20230129:0910,484.55,577.16,18.13,3.38,2.97,0
20230129:1010,611.85,742.46,24.7,5.52,3.66,0
20230129:1110,702.41,871.33,28.81,7.02,3.93,0
20230129:1210,719.85,899.61,29.94,8.16,4.14,0
20230129:1310,679.86,845.61,27.91,8.84,4.14,0
20230129:1410,580.55,712.12,23.03,9.06,3.93,0
20230129:1510,422.1,512.43,15.88,8.92,3.79,0
20230129:1610,197.01,255.28,7.08,8.23,3.31,0
20230129:1710,0,0,0,6.78,3.1,0
20230129:1810,0,0,0,5.64,2.76,0
20230129:1910,0,0,0,4.67,2.69,0
20230129:2010,0,0,0,3.59,2.41,0
20230129:2110,0,0,0,2.26,2.21,0
20230129:2210,0,0,0,0.99,2.07,0
20230129:2310,0,0,0,0.21,2,0
20230130:0010,0,0,0,-0.22,1.93,0
20230130:0110,0,0,0,-0.42,1.86,0
20230130:0210,0,0,0,-0.55,1.79,0
20230130:0310,0,0,0,-0.71,1.72,0
20230130:0410,0,0,0,-0.61,1.72,0
20230130:0510,0,0,0,-0.51,1.79,0
20230130:0610,0,0,0,-0.32,1.86,0
20230130:0710,0,0,0,0.15,1.93,0
20230130:0810,277.29,335.36,9.93,0.2,1.72,0
20230130:0910,474.93,579.51,18.34,3.62,0.83,0
20230130:1010,585.7,743.12,24.93,6.44,0.69,0
20230130:1110,660.03,872.69,29.07,7.68,0.28,0
20230130:1210,664.18,873.04,30.21,8.54,0.76,0
20230130:1310,634.35,820.7,28.19,9.15,1.17,0
20230130:1410,299.1,366.29,23.3,9.37,1.66,0
20230130:1510,411.27,507.22,16.13,9.16,1.86,0
20230130:1610,200.81,261.49,7.31,8.38,1.66,0
20230130:1710,0,0,0,7.28,1.17,0
20230130:1810,0,0,0,6.64,0.48,0
20230130:1910,0,0,0,6.9,0.28,0
20230130:2010,0,0,0,4.98,1.17,0
20230130:2110,0,0,0,2.85,1.52,0
20230130:2210,0,0,0,2.09,1.59,0
20230130:2310,0,0,0,1.44,1.86,0
20230131:0010,0,0,0,1.22,2.14,0
20230131:0110,0,0,0,1.12,2.28,0
20230131:0210,0,0,0,1.23,2.28,0
20230131:0310,0,0,0,0.92,2.34,0
20230131:0410,0,0,0,0.7,2.34,0
20230131:0510,0,0,0,0.61,2.28,0
20230131:0610,0,0,0,0.46,2.28,0
20230131:0710,0,0,0,0.47,2.34,0
20230131:0810,277.47,336.54,10.12,1.21,2,0
20230131:0910,474.15,576.54,18.55,4.77,1.52,0
20230131:1010,583.18,740.18,25.17,8.54,1.24,0
20230131:1110,667.87,862.59,29.33,10.38,2.07,0
20230131:1210,685.75,891.99,30.49,11.81,2.41,0
20230131:1310,655.52,851.63,28.47,12.85,2.34,0
20230131:1410,558.71,712.36,23.56,13.35,2.28,0
20230131:1510,414.33,519.69,16.38,13.25,2.28,0
20230131:1610,204.65,270.5,7.55,12.19,1.79,0
20230131:1710,0,0,0,10.45,0.9,0
20230131:1810,0,0,0,9.82,0.69,0
20230131:1910,0,0,0,8.23,1.17,0
20230131:2010,0,0,0,5.74,1.66,0
20230131:2110,0,0,0,4.32,1.86,0
20230131:2210,0,0,0,3.47,1.93,0
20230131:2310,0,0,0,2.9,1.93,0
20230201:0010,0,0,0,2.52,1.93,0
20230201:0110,0,0,0,2.48,1.79,0
20230201:0210,0,0,0,3,1.66,0
20230201:0310,0,0,0,2.78,1.79,0
20230201:0410,0,0,0,2.12,2,0
20230201:0510,0,0,0,1.89,2.14,0
20230201:0610,0,0,0,1.58,2.07,0
20230201:0710,0,0,0,1.17,2.14,0
20230201:0810,259.49,315.69,10.31,1.69,1.86,0
20230201:0910,461.03,562.29,18.77,5.07,1.24,0
20230201:1010,568.71,720.45,25.42,8.78,1.24,0
20230201:1110,645.11,843.38,29.6,10.59,1.24,0
20230201:1210,653.88,873.05,30.77,11.64,0.76,0
20230201:1310,641.79,837.64,28.75,12.23,1.72,0
20230201:1410,548.24,698.7,23.84,12.33,1.79,0
20230201:1510,393.17,496.57,16.63,12.18,0.83,0
20230201:1610,187.72,249.08,7.79,11.72,0.69,0
20230201:1710,0,0,0,10.23,0.62,0
20230201:1810,0,0,0,8.79,0.9,0
20230201:1910,0,0,0,7.24,1.31,0
20230201:2010,0,0,0,5.62,1.72,0
20230201:2110,0,0,0,4.5,2.28,0
20230201:2210,0,0,0,3.28,2.41,0
20230201:2310,0,0,0,2.05,2.28,0
20230202:0010,0,0,0,1.37,2.14,0
20230202:0110,0,0,0,1.01,2.14,0
20230202:0210,0,0,0,0.96,2.14,0
20230202:0310,0,0,0,0.92,2.14,0
20230202:0410,0,0,0,0.82,2.21,0
20230202:0510,0,0,0,0.78,2.21,0
20230202:0610,0,0,0,0.67,2.28,0
20230202:0710,0,0,0,0.77,2.34,0
20230202:0810,276.28,334.88,10.51,1.38,2,0
20230202:0910,469.35,572.89,18.99,4.92,1.24,0
20230202:1010,584.39,750.14,25.67,9.22,0.9,0
20230202:1110,660.1,869.37,29.88,11,1.24,0
20230202:1210,674.35,892.12,31.06,12.25,1.59,0
20230202:1310,648.16,851.6,29.04,13.21,1.79,0
20230202:1410,557.33,717.22,24.11,13.86,1.86,0
20230202:1510,409.74,516.56,16.89,14.01,2.07,0
20230202:1610,202.26,267.54,8.03,13.14,1.79,0
20230202:1710,0,0,0,11.19,1.17,0
20230202:1810,0,0,0,9.73,1.38,0
20230202:1910,0,0,0,8.15,2.55,0
20230202:2010,0,0,0,7.02,2.69,0
20230202:2110,0,0,0,6.24,2.69,0
20230202:2210,0,0,0,4.11,2.48,0
20230202:2310,0,0,0,2.79,2.28,0
20230203:0010,0,0,0,2.05,2.28,0
20230203:0110,0,0,0,1.56,2.28,0
20230203:0210,0,0,0,1.25,2.28,0
20230203:0310,0,0,0,1.02,2.28,0
20230203:0410,0,0,0,0.89,2.21,0
20230203:0510,0,0,0,0.88,2.21,0
20230203:0610,0,0,0,0.89,2.14,0
20230203:0710,0,0,0,1.58,2.07,0
20230203:0810,279.91,341.11,10.71,2.47,1.86,0
20230203:0910,468.73,576.09,19.22,6.29,1.24,0
20230203:1010,576.73,748.56,25.92,10.74,0.69,0
20230203:1110,644.02,866.41,30.16,12.8,0.62,0
20230203:1210,661.88,896.05,31.35,13.94,0.9,0
20230203:1310,642.88,855.5,29.33,14.4,1.45,0
20230203:1410,551.25,716.29,24.39,14.43,1.38,0
20230203:1510,407.05,517.65,17.15,14.25,1.31,0
20230203:1610,201.31,267.39,8.27,13.57,1.1,0
20230203:1710,0,0,0,12.17,1.1,0
20230203:1810,0,0,0,9.93,1.45,0
20230203:1910,0,0,0,8.64,2,0
20230203:2010,0,0,0,7.21,2.48,0
20230203:2110,0,0,0,5.09,2.41,0
20230203:2210,0,0,0,3.75,2.14,0
20230203:2310,0,0,0,3.13,1.79,0
20230204:0010,0,0,0,3.01,1.72,0
20230204:0110,0,0,0,3.51,2,0
20230204:0210,0,0,0,2.75,2.34,0
20230204:0310,0,0,0,2.32,2.48,0
20230204:0410,0,0,0,1.88,2.55,0
20230204:0510,0,0,0,1.49,2.48,0
20230204:0610,0,0,0,1.17,2.48,0
20230204:0710,0,0,0,1.3,2.62,0
20230204:0810,294.97,358.23,10.92,2.39,2.28,0
20230204:0910,409.41,498.9,19.46,6.98,1.59,0
20230204:1010,574.09,749.18,26.19,12.56,0.9,0
20230204:1110,625.35,853.79,30.44,15.89,0.55,0
20230204:1210,656.58,890.52,31.65,17.45,1.66,0
20230204:1310,640.24,852.39,29.62,18.36,2.62,0
20230204:1410,535.98,694.18,24.67,18.79,3.1,0
20230204:1510,350.03,444.45,17.41,18.56,3.45,0
20230204:1610,159.22,215.26,8.51,17.32,3.45,0
20230204:1710,0,0,0,15.25,3.38,0
20230204:1810,0,0,0,13.3,3.59,0
20230204:1910,0,0,0,12.26,3.52,0
20230204:2010,0,0,0,10.43,3.38,0
20230204:2110,0,0,0,8.92,2.97,0
20230204:2210,0,0,0,7.53,2.76,0
20230204:2310,0,0,0,6.18,2.69,0
20230205:0010,0,0,0,5.27,2.69,0
20230205:0110,0,0,0,4.64,2.69,0
20230205:0210,0,0,0,4.25,2.62,0
20230205:0310,0,0,0,4.15,2.76,0
20230205:0410,0,0,0,4.34,2.97,0
20230205:0510,0,0,0,4.37,2.97,0
20230205:0610,0,0,0,4.24,2.9,0
20230205:0710,0,0,0,3.66,2.69,0
20230205:0810,283.09,346.1,11.13,3.97,2.34,0
20230205:0910,472.71,581.53,19.7,7.84,1.86,0
20230205:1010,587.74,747.51,26.45,11.99,2.41,0
20230205:1110,678.43,872.05,30.73,13.4,3.66,0
20230205:1210,689.2,886.74,31.95,14.22,4.14,0
20230205:1310,666.33,856.16,29.92,14.83,4.07,0
20230205:1410,573.09,723.74,24.95,15.05,4.14,0
20230205:1510,421.88,525.03,17.68,14.54,4.07,0
20230205:1610,209.75,274.28,8.75,13.48,3.79,0
20230205:1710,0,0,0,11.71,3.17,0
20230205:1810,0,0,0,10.3,3.1,0
20230205:1910,0,0,0,9.55,3.1,0
20230205:2010,0,0,0,8.63,3.45,0
20230205:2110,0,0,0,7.86,3.93,0
20230205:2210,0,0,0,7.34,4.48,0
20230205:2310,0,0,0,7.04,4.62,0
20230206:0010,0,0,0,6.55,4.55,0
20230206:0110,0,0,0,6.19,4.62,0
20230206:0210,0,0,0,6.04,5.03,0
20230206:0310,0,0,0,6.07,5.59,0
20230206:0410,0,0,0,6.33,6.28,0
20230206:0510,0,0,0,6.09,6.41,0
20230206:0610,0,0,0,5.57,6.55,0
20230206:0710,0,0,0,5.47,6.41,0
20230206:0810,121.75,155.74,11.35,4.67,5.86,0
20230206:0910,125.9,159.16,19.94,5.07,5.59,0
20230206:1010,116.57,149.53,26.73,5.66,5.38,0
20230206:1110,51.09,74.73,31.03,6.29,6.48,0
20230206:1210,76.14,104.06,32.26,6.89,6.55,0
20230206:1310,38.22,59.6,30.22,7.2,6.14,0
20230206:1410,32.77,52.97,25.24,7.36,5.86,0
20230206:1510,15.79,31.22,17.94,7.79,5.72,0
20230206:1610,25.81,44.45,9,7.79,5.59,0
20230206:1710,0,0,0,7.44,5.17,0
20230206:1810,0,0,0,7.14,4.97,0
20230206:1910,0,0,0,7.19,4.21,0
20230206:2010,0,0,0,7.21,3.86,0
20230206:2110,0,0,0,7.15,3.59,0
20230206:2210,0,0,0,7.15,3.52,0
20230206:2310,0,0,0,6.92,3.59,0
20230207:0010,0,0,0,6.69,3.72,0
20230207:0110,0,0,0,6.4,3.66,0
20230207:0210,0,0,0,6.3,3.66,0
20230207:0310,0,0,0,6.25,3.38,0
20230207:0410,0,0,0,6.04,3.03,0
20230207:0510,0,0,0,5.64,2.83,0
20230207:0610,0,0,0,5.36,2.69,0
20230207:0710,0,1.89,1.74,5.55,2.69,0
20230207:0810,30.71,50.14,11.57,5.58,3.03,0
20230207:0910,46.24,69.06,20.19,6.21,4.34,0
20230207:1010,51.01,74.73,27,6.52,5.72,0
20230207:1110,37.52,58.65,31.33,6.82,6.76,0
20230207:1210,27.47,46.35,32.57,7.37,6.69,0
20230207:1310,59.69,85.14,30.53,7.36,6.97,0
20230207:1410,49.23,72.84,25.53,7.38,6.76,0
20230207:1510,29.7,49.19,18.21,7.55,6.07,0
20230207:1610,15.79,31.22,9.25,7.76,5.59,0
20230207:1710,0,0,0,7.69,4.9,0
20230207:1810,0,0,0,7.64,4.69,0
20230207:1910,0,0,0,8.06,4.55,0
20230207:2010,0,0,0,7.79,4.34,0
20230207:2110,0,0,0,7.5,4.28,0
20230207:2210,0,0,0,7.21,4.41,0
20230207:2310,0,0,0,7.17,4.07,0
20230208:0010,0,0,0,7.17,3.45,0
20230208:0110,0,0,0,7.17,2.9,0
20230208:0210,0,0,0,6.62,2.48,0
20230208:0310,0,0,0,6.12,2.28,0
20230208:0410,0,0,0,5.46,2.14,0
20230208:0510,0,0,0,5.21,2.07,0
20230208:0610,0,0,0,4.98,2.07,0
20230208:0710,0,1.89,1.95,5.4,1.86,0
20230208:0810,38.85,60.18,11.8,5.59,2,0
20230208:0910,44.5,67.16,20.45,6.51,2.34,0
20230208:1010,27.39,46.35,27.29,7.48,2.55,0
20230208:1110,40.29,62.43,31.63,8.15,3.31,0
20230208:1210,37.08,58.65,32.89,8.81,3.79,0
20230208:1310,74.34,103.11,30.84,8.97,3.86,0
20230208:1410,39.36,61.49,25.82,9.04,4.14,0
20230208:1510,77.45,106.44,18.48,8.56,4.21,0
20230208:1610,42.15,65.01,9.49,7.99,3.93,0
20230208:1710,0,0,0,7.19,3.03,0
20230208:1810,0,0,0,6.2,2.41,0
20230208:1910,0,0,0,5.88,2.14,0
20230208:2010,0,0,0,5.35,1.93,0
20230208:2110,0,0,0,4.79,2,0
20230208:2210,0,0,0,4,2,0
20230208:2310,0,0,0,3.63,1.93,0
20230209:0010,0,0,0,3.29,1.93,0
20230209:0110,0,0,0,2.82,2,0
20230209:0210,0,0,0,2.54,2.07,0
20230209:0310,0,0,0,2.46,2.14,0
20230209:0410,0,0,0,2.25,2.21,0
20230209:0510,0,0,0,2.15,2.07,0
20230209:0610,0,0,0,1.81,1.79,0
20230209:0710,0.43,6.62,2.17,2.37,1.72,0
20230209:0810,50.1,73.06,12.04,3.31,1.45,0
20230209:0910,490.99,599.45,20.71,5.43,1.66,0
20230209:1010,193.88,239.25,27.57,6.78,2.14,0
20230209:1110,53.66,78.52,31.94,7.95,2.41,0
20230209:1210,691.22,877.01,33.21,8.47,2.9,0
20230209:1310,246.09,300.73,31.15,8.23,2.9,0
20230209:1410,411.33,498.83,26.11,8.39,2.76,0
20230209:1510,191.22,236.72,18.75,8.09,2.55,0
20230209:1610,166.27,214.4,9.74,7.84,2.21,0
20230209:1710,0,0,0,7.28,1.24,0
20230209:1810,0,0,0,6.7,0.97,0
20230209:1910,0,0,0,5.94,1.31,0
20230209:2010,0,0,0,5.27,1.72,0
20230209:2110,0,0,0,4.71,1.93,0
20230209:2210,0,0,0,4.35,2,0
20230209:2310,0,0,0,4.01,2.07,0
20230210:0010,0,0,0,3.44,2.14,0
20230210:0110,0,0,0,3.22,2.07,0
20230210:0210,0,0,0,2.69,2.14,0
20230210:0310,0,0,0,2.26,2.28,0
20230210:0410,0,0,0,1.98,2.34,0
20230210:0510,0,0,0,1.74,2.34,0
20230210:0610,0,0,0,1.53,2.34,0
20230210:0710,1.3,8.51,2.38,1.04,2.14,0
20230210:0810,301.75,366.16,12.28,2.16,1.72,0
20230210:0910,494.45,610.9,20.97,6.33,1.17,0
20230210:1010,610.09,788.44,27.87,8.61,0.76,0
20230210:1110,684.97,914.43,32.26,9.53,0.69,0
20230210:1210,698.21,946.57,33.53,10.14,0.48,0
20230210:1310,663.44,897.97,31.47,10.75,0.21,0
20230210:1410,581.2,764.07,26.41,11.1,0.28,0
20230210:1510,440.51,557.14,19.02,11.24,0.83,0
20230210:1610,234.11,302.2,9.99,10.73,1.79,0
20230210:1710,0,0,0,9.1,2,0
20230210:1810,0,0,0,7.64,1.45,0
20230210:1910,0,0,0,7.64,0.76,0
20230210:2010,0,0,0,7.78,0.28,0
20230210:2110,0,0,0,4.81,1.45,0
20230210:2210,0,0,0,4.17,2.07,0
20230210:2310,0,0,0,2.95,2.14,0
20230211:0010,0,0,0,1.89,2,0
20230211:0110,0,0,0,1.17,1.93,0
20230211:0210,0,0,0,0.69,1.86,0
20230211:0310,0,0,0,0.41,1.86,0
20230211:0410,0,0,0,0.27,1.93,0
20230211:0510,0,0,0,0.24,1.93,0
20230211:0610,0,0,0,0.13,2,0
20230211:0710,4.07,14.54,2.61,0.68,2.28,0
20230211:0810,302.78,365.78,12.52,1.23,1.66,0
20230211:0910,496.96,614.92,21.24,5.57,0.83,0
20230211:1010,614.37,804.27,28.16,8.59,0.28,0
20230211:1110,695.83,925.49,32.58,9.84,1.03,0
20230211:1210,716.34,957.46,33.86,10.6,1.31,0
20230211:1310,685.12,904.19,31.79,11.1,1.52,0
20230211:1410,591.6,758.14,26.71,11.27,1.72,0
20230211:1510,446.4,557.84,19.3,11.07,1.79,0
20230211:1610,239.92,308.72,10.24,10.41,1.86,0
20230211:1710,0,0,0,8.98,1.79,0
20230211:1810,0,0,0,7.71,1.38,0
20230211:1910,0,0,0,6.25,1.31,0
20230211:2010,0,0,0,5.24,1.45,0
20230211:2110,0,0,0,4.27,1.93,0
20230211:2210,0,0,0,3.72,2.14,0
20230211:2310,0,0,0,2.44,2,0
20230212:0010,0,0,0,1.66,1.93,0
20230212:0110,0,0,0,1.13,1.86,0
20230212:0210,0,0,0,0.72,1.86,0
20230212:0310,0,0,0,0.35,1.86,0
20230212:0410,0,0,0,0.08,1.86,0
20230212:0510,0,0,0,-0.15,1.86,0
20230212:0610,0,0,0,-0.38,1.93,0
20230212:0710,5.09,16.08,2.84,-0.29,2.07,0
20230212:0810,309,372.95,12.77,0.73,1.38,0
20230212:0910,493.28,613.23,21.51,5.77,0.55,0
20230212:1010,615.32,800.58,28.46,8.93,0.62,0
20230212:1110,690.78,915.09,32.9,10.55,1.31,0
20230212:1210,715.05,946.92,34.19,11.78,2,0
20230212:1310,679.19,887.89,32.11,12.61,2.34,0
20230212:1410,595.08,760.83,27.01,13.01,2.55,0
20230212:1510,445.04,556.59,19.57,12.94,2.62,0
20230212:1610,240.45,310.7,10.49,12.13,2.41,0
20230212:1710,0,0,0,10.21,2.55,0
20230212:1810,0,0,0,8.31,2.28,0
20230212:1910,0,0,0,7.42,2.07,0
20230212:2010,0,0,0,6.29,2.21,0
20230212:2110,0,0,0,4.87,2.34,0
20230212:2210,0,0,0,3.38,2.21,0
20230212:2310,0,0,0,2.37,2,0
20230213:0010,0,0,0,1.79,1.93,0
20230213:0110,0,0,0,1.37,1.93,0
20230213:0210,0,0,0,1.11,1.93,0
20230213:0310,0,0,0,0.98,2,0
20230213:0410,0,0,0,0.85,2,0
20230213:0510,0,0,0,0.84,1.93,0
20230213:0610,0,0,0,0.71,1.93,0
20230213:0710,6.74,18.63,3.07,0.77,2,0
20230213:0810,310.64,376.17,13.02,1.63,1.45,0
20230213:0910,498.18,619.41,21.79,6.45,0.83,0
20230213:1010,614.49,801.42,28.77,9.91,0.76,0
20230213:1110,684.77,914.7,33.23,11.67,1.17,0
20230213:1210,696.4,933.73,34.52,12.93,1.52,0
20230213:1310,671.86,893.6,32.43,13.78,1.72,0
20230213:1410,589.8,766.65,27.31,14.26,1.86,0
20230213:1510,444.35,562.62,19.85,14.14,2,0
20230213:1610,244.61,317.7,10.75,13.19,2.21,0
20230213:1710,0,0,0,11.14,2.28,0
20230213:1810,0,0,0,9.33,2,0
20230213:1910,0,0,0,8.5,1.86,0
20230213:2010,0,0,0,7.15,1.79,0
20230213:2110,0,0,0,6.07,2,0
20230213:2210,0,0,0,5.27,2.14,0
20230213:2310,0,0,0,4.21,2.14,0
20230214:0010,0,0,0,3.15,2.07,0
20230214:0110,0,0,0,2.43,2,0
20230214:0210,0,0,0,1.95,2,0
20230214:0310,0,0,0,1.52,2,0
20230214:0410,0,0,0,1.16,1.93,0
20230214:0510,0,0,0,0.96,1.86,0
20230214:0610,0,0,0,0.91,1.93,0
20230214:0710,7.18,19.29,3.31,1.87,2.14,0
20230214:0810,308.79,375.61,13.28,3.12,1.72,0
20230214:0910,501.56,620.85,22.08,7.91,1.72,0
20230214:1010,632.12,802.88,29.08,10.74,2.69,0
20230214:1110,710.28,915.68,33.56,12.42,3.59,0
20230214:1210,729.51,947.72,34.86,13.61,3.86,0
20230214:1310,701.31,906.78,32.76,14.22,3.93,0
20230214:1410,610.37,772.32,27.61,14.37,4.21,0
20230214:1510,459.85,572.26,20.12,14.1,4.07,0
20230214:1610,252.81,325.86,11,13.23,3.59,0
20230214:1710,0,0,0,11.39,3.38,0
20230214:1810,0,0,0,9.45,3.1,0
20230214:1910,0,0,0,8.46,2.76,0
20230214:2010,0,0,0,7.3,2.76,0
20230214:2110,0,0,0,6.43,2.83,0
20230214:2210,0,0,0,5.82,2.76,0
20230214:2310,0,0,0,5.3,2.69,0
20230215:0010,0,0,0,4.83,2.69,0
20230215:0110,0,0,0,4.41,2.62,0
20230215:0210,0,0,0,4.08,2.55,0
20230215:0310,0,0,0,3.66,2.55,0
20230215:0410,0,0,0,3.33,2.55,0
20230215:0510,0,0,0,3.03,2.48,0
20230215:0610,0,0,0,2.56,2.41,0
20230215:0710,7.63,19.99,3.55,3.16,2.34,0
20230215:0810,250.59,306.68,13.55,4.62,2,0
20230215:0910,454.58,558.22,22.37,8.35,2,0
20230215:1010,608.34,768.88,29.4,11.04,2.83,0
20230215:1110,689.33,885.55,33.9,12.73,3.66,0
20230215:1210,707.08,915.68,35.2,13.7,3.79,0
20230215:1310,610.29,777.59,33.09,14.23,3.72,0
20230215:1410,581.01,736.68,27.92,14.37,3.59,0
20230215:1510,391.34,486.19,20.4,13.99,3.45,0
20230215:1610,256.67,330.65,11.25,13.09,3.31,0
20230215:1710,0,0,0,11.42,2.97,0
20230215:1810,0,0,0,9.8,2.55,0
20230215:1910,0,0,0,9.27,1.93,0
20230215:2010,0,0,0,8.3,1.59,0
20230215:2110,0,0,0,7.44,1.72,0
20230215:2210,0,0,0,6.92,1.79,0
20230215:2310,0,0,0,6.76,1.72,0
20230216:0010,0,0,0,6.27,1.66,0
20230216:0110,0,0,0,5.81,1.52,0
20230216:0210,0,0,0,5.52,1.45,0
20230216:0310,0,0,0,5.2,1.52,0
20230216:0410,0,0,0,5.13,1.45,0
20230216:0510,0,0,0,5.02,1.66,0
20230216:0610,0,0,0,4.9,1.66,0
20230216:0710,8.09,20.71,3.8,4.38,1.79,0
20230216:0810,255.12,314.46,13.81,5.59,1.38,0
20230216:0910,479.52,597.72,22.66,8.47,1.1,0
20230216:1010,616.9,808.62,29.71,10.14,0.62,0
20230216:1110,678.15,916.72,34.24,11.26,0.55,0
20230216:1210,672.37,913.4,35.55,12.25,0.55,0
20230216:1310,648.09,869.08,33.42,12.62,0.76,0
20230216:1410,610.44,794.17,28.23,12.48,1.52,0
20230216:1510,464.15,582.45,20.68,12.1,2.07,0
20230216:1610,241.97,311.04,11.5,11.53,2.21,0
20230216:1710,0,0,0,10.7,1.66,0
20230216:1810,0,0,0,9.84,1.52,0
20230216:1910,0,0,0,9.06,1.79,0
20230216:2010,0,0,0,8.21,1.86,0
20230216:2110,0,0,0,7.3,2.07,0
20230216:2210,0,0,0,6.16,2.14,0
20230216:2310,0,0,0,4.95,2.14,0
20230217:0010,0,0,0,4.13,2.14,0
20230217:0110,0,0,0,3.52,2.21,0
20230217:0210,0,0,0,3.07,2.21,0
20230217:0310,0,0,0,2.65,2.21,0
20230217:0410,0,0,0,2.28,2.21,0
20230217:0510,0,0,0,2.06,2.28,0
20230217:0610,0,0,0,1.9,2.28,0
20230217:0710,17.19,34.88,4.05,1.57,2.28,0
20230217:0810,320.52,390.53,14.08,3.74,1.72,0
20230217:0910,498.88,628.28,22.95,9.31,0.97,0
20230217:1010,604.32,810.69,30.04,13.48,0.34,0
20230217:1110,665.07,923.11,34.58,15.14,0.34,0
20230217:1210,681.23,943,35.9,15.94,0.83,0
20230217:1310,659.32,902.23,33.76,16.41,1.03,0
20230217:1410,577.11,769.76,28.54,16.65,1.03,0
20230217:1510,442.02,572.1,20.96,16.59,1.17,0
20230217:1610,244.36,322.09,11.76,15.99,1.38,0
20230217:1710,0,0,0,14.66,1.38,0
20230217:1810,0,0,0,12.66,1.52,0
20230217:1910,0,0,0,11.19,2.28,0
20230217:2010,0,0,0,9.33,2.34,0
20230217:2110,0,0,0,7.39,2.21,0
20230217:2210,0,0,0,6.27,2.21,0
20230217:2310,0,0,0,5.58,2.21,0
20230218:0010,0,0,0,5.08,2.21,0
20230218:0110,0,0,0,4.67,2.21,0
20230218:0210,0,0,0,4.35,2.21,0
20230218:0310,0,0,0,4.12,2.14,0
20230218:0410,0,0,0,3.96,2.07,0
20230218:0510,0,0,0,3.84,2.07,0
20230218:0610,0,0,0,3.7,2.07,0
20230218:0710,18.07,36.08,4.31,3.37,2.07,0
20230218:0810,321.49,395.13,14.36,5.34,1.52,0
20230218:0910,486.92,618.61,23.25,10.81,0.76,0
20230218:1010,591.49,797.96,30.36,14.53,0.21,0
20230218:1110,660.56,908.88,34.93,15.98,0.76,0
20230218:1210,669.89,919.25,36.25,16.94,1.24,0
20230218:1310,651.21,887.95,34.1,17.64,1.38,0
20230218:1410,573.36,763.05,28.84,18.06,1.52,0
20230218:1510,436.3,563.14,21.24,17.9,1.86,0
20230218:1610,242.56,320.31,12.01,16.84,1.66,0
20230218:1710,0,2.72,1.75,15.14,1.45,0
20230218:1810,0,0,0,13.54,0.76,0
20230218:1910,0,0,0,11.84,2.14,0
20230218:2010,0,0,0,10.18,2.41,0
20230218:2110,0,0,0,8.3,2.34,0
20230218:2210,0,0,0,7.11,2.21,0
20230218:2310,0,0,0,6.36,2.21,0
20230219:0010,0,0,0,5.83,2.21,0
20230219:0110,0,0,0,5.47,2.21,0
20230219:0210,0,0,0,5.31,2.21,0
20230219:0310,0,0,0,5.43,2.28,0
20230219:0410,0,0,0,5.45,2.28,0
20230219:0510,0,0,0,5.27,2.21,0
20230219:0610,0,0,0,4.83,2.28,0
20230219:0710,16.28,33.2,4.57,4.76,2.21,0
20230219:0810,257.5,318.07,14.64,6.67,1.59,0
20230219:0910,494.57,632.46,23.56,11.92,0.83,0
20230219:1010,591.58,802.67,30.7,15.45,0.21,0
20230219:1110,656.67,914.7,35.28,16.84,0.48,0
20230219:1210,667,923.89,36.6,17.71,1.03,0
20230219:1310,651.87,893.86,34.43,18.22,1.31,0
20230219:1410,555.1,737.48,29.16,18.53,1.52,0
20230219:1510,431.26,559.32,21.52,18.51,1.66,0
20230219:1610,230.06,305.46,12.26,17.95,1.59,0
20230219:1710,0,3.62,1.99,16.59,1.45,0
20230219:1810,0,0,0,14.2,1.31,0
20230219:1910,0,0,0,12.71,2,0
20230219:2010,0,0,0,11.98,2.34,0
20230219:2110,0,0,0,10.3,2.41,0
20230219:2210,0,0,0,8.61,2.21,0
20230219:2310,0,0,0,7.63,2,0
20230220:0010,0,0,0,7.49,1.93,0
20230220:0110,0,0,0,7.3,1.93,0
20230220:0210,0,0,0,6.68,2,0
20230220:0310,0,0,0,6.06,2,0
20230220:0410,0,0,0,5.59,1.86,0
20230220:0510,0,0,0,5.63,1.79,0
20230220:0610,0,0,0,5.83,1.86,0
20230220:0710,22.82,42.72,4.83,5.17,1.79,0
20230220:0810,326.45,405.26,14.92,6.89,1.1,0
20230220:0910,493.47,633.24,23.87,12.19,0.69,0
20230220:1010,612.47,813.18,31.03,14.09,1.03,0
20230220:1110,676.31,919.36,35.63,15.2,1.24,0
20230220:1210,684.59,929.8,36.96,16.09,1.66,0
20230220:1310,669.09,898.33,34.78,16.64,2.07,0
20230220:1410,596.31,778.29,29.47,16.66,2.55,0
20230220:1510,455.09,576.46,21.8,16,2.97,0
20230220:1610,260.31,337.32,12.52,14.67,2.83,0
20230220:1710,0.6,7.24,2.22,13.12,1.93,0
20230220:1810,0,0,0,11.62,1.38,0
20230220:1910,0,0,0,10.6,0.62,0
20230220:2010,0,0,0,9.62,0.9,0
20230220:2110,0,0,0,8.17,1.31,0
20230220:2210,0,0,0,7.11,1.52,0
20230220:2310,0,0,0,6.46,1.59,0
20230221:0010,0,0,0,5.91,1.52,0
20230221:0110,0,0,0,5.47,1.45,0
20230221:0210,0,0,0,5.1,1.52,0
20230221:0310,0,0,0,4.84,1.59,0
20230221:0410,0,0,0,4.54,1.59,0
20230221:0510,0,0,0,4.3,1.52,0
20230221:0610,0,0,0,4.21,1.52,0
20230221:0710,2.72,11.35,5.1,4.58,1.38,0
20230221:0810,89.96,121.1,15.21,7.09,0.83,0
20230221:0910,224.08,281.66,24.18,10.55,0.07,0
20230221:1010,406.94,518.04,31.37,12.33,0.21,0
20230221:1110,295.3,374.71,35.99,14.07,0.69,0
20230221:1210,94.37,130.55,37.32,15.67,1.59,0
20230221:1310,510.31,664.29,35.12,16.65,1.66,0
20230221:1410,563.11,743.02,29.78,17.47,1.66,0
20230221:1510,407.3,520.75,22.08,17.3,2.07,0
20230221:1610,201.59,265.22,12.77,16.14,2,0
20230221:1710,0.98,8.15,2.45,14.5,1.52,0
20230221:1810,0,0,0,12.45,1.45,0
20230221:1910,0,0,0,11.82,1.66,0
20230221:2010,0,0,0,10.99,1.52,0
20230221:2110,0,0,0,10.29,2.14,0
20230221:2210,0,0,0,9.45,1.1,0
20230221:2310,0,0,0,8.7,1.1,0
20230222:0010,0,0,0,7.69,1.72,0
20230222:0110,0,0,0,7.16,1.86,0
20230222:0210,0,0,0,6.6,1.93,0
20230222:0310,0,0,0,6.21,1.86,0
20230222:0410,0,0,0,5.96,1.86,0
20230222:0510,0,0,0,5.75,1.86,0
20230222:0610,0,0,0,5.52,1.93,0
20230222:0710,34.36,59.33,5.37,6.2,1.72,0
20230222:0810,259.96,323.96,15.5,8.15,1.03,0
20230222:0910,347.09,433.79,24.5,11.69,0.83,0
20230222:1010,579.54,761.29,31.71,12.89,0.76,0
20230222:1110,560.26,730.58,36.35,13.49,1.17,0
20230222:1210,507.31,651.23,37.68,14.01,1.66,0
20230222:1310,435.8,552.59,35.46,14.2,1.72,0
20230222:1410,258.8,325.61,30.09,14.12,1.93,0
20230222:1510,414,519.29,22.36,13.45,2.07,0
20230222:1610,167.14,218.68,13.02,13.13,1.93,0
20230222:1710,1.41,9.05,2.69,12.45,1.31,0
20230222:1810,0,0,0,11.75,0.55,0
20230222:1910,0,0,0,10.84,0.83,0
20230222:2010,0,0,0,11.13,0.34,0
20230222:2110,0,0,0,10.96,0.34,0
20230222:2210,0,0,0,10.25,0.83,0
20230222:2310,0,0,0,8.57,1.31,0
20230223:0010,0,0,0,8.66,1.45,0
20230223:0110,0,0,0,8.45,1.52,0
20230223:0210,0,0,0,8.12,1.59,0
20230223:0310,0,0,0,8.01,1.52,0
20230223:0410,0,0,0,7.71,1.52,0
20230223:0510,0,0,0,7.48,1.38,0
20230223:0610,0,0,0,7.22,1.38,0
20230223:0710,44.33,73.65,5.65,7.46,1.38,0
20230223:0810,172.11,217.8,15.8,8.33,1.31,0
20230223:0910,289.79,357.65,24.81,10.26,1.45,0
20230223:1010,602.36,766.28,32.05,12.34,2.76,0
20230223:1110,357.96,444.06,36.71,13.77,3.59,0
20230223:1210,457.59,570.3,38.05,14.44,4.14,0
20230223:1310,402.3,499.01,35.81,14.64,4.34,0
20230223:1410,48.2,73.79,30.41,14.56,4.62,0
20230223:1510,109.97,147.35,22.64,14.13,4.21,0
20230223:1610,30.99,52.03,13.28,13.45,3.59,0
20230223:1710,0,4.53,2.92,12.5,3.24,0
20230223:1810,0,0,0,11.53,3.03,0
20230223:1910,0,0,0,10.72,2.69,0
20230223:2010,0,0,0,10.6,2.48,0
20230223:2110,0,0,0,10.53,2.69,0
20230223:2210,0,0,0,10.7,3.1,0
20230223:2310,0,0,0,10.72,2.97,0
20230224:0010,0,0,0,10.71,3.03,0
20230224:0110,0,0,0,10.27,2.76,0
20230224:0210,0,0,0,10.35,2.62,0
20230224:0310,0,0,0,10.19,2.62,0
20230224:0410,0,0,0,10.24,2.41,0
20230224:0510,0,0,0,10.09,2.07,0
20230224:0610,0,0,0,9.84,1.59,0
20230224:0710,53.52,85.53,5.93,7.52,1.59,0
20230224:0810,184.1,231.28,16.1,8.12,1.72,0
20230224:0910,517.54,652.15,25.14,9.95,1.38,0
20230224:1010,617.13,820.95,32.4,12.24,0.55,0
20230224:1110,690.09,950.93,37.08,13.47,0.55,0
20230224:1210,696.83,948.45,38.42,14.13,1.24,0
20230224:1310,692.89,927.43,36.16,14.49,1.93,0
20230224:1410,519.16,659.76,30.72,14.37,2.55,0
20230224:1510,490.57,614.82,22.92,13.73,3.31,0
20230224:1610,271.4,345.56,13.53,12.41,3.66,0
20230224:1710,2.81,11.77,3.15,11.15,3.52,0
20230224:1810,0,0,0,10.13,2.83,0
20230224:1910,0,0,0,9.5,2.28,0
20230224:2010,0,0,0,9.28,2,0
20230224:2110,0,0,0,9.23,1.86,0
20230224:2210,0,0,0,9,1.79,0
20230224:2310,0,0,0,8.81,1.72,0
20230225:0010,0,0,0,8.23,1.72,0
20230225:0110,0,0,0,7.96,1.79,0
20230225:0210,0,0,0,7.6,1.72,0
20230225:0310,0,0,0,7.32,1.66,0
20230225:0410,0,0,0,6.93,1.72,0
20230225:0510,0,0,0,6.46,1.79,0
20230225:0610,0,0,0,6.27,1.66,0
20230225:0710,30.21,52.08,6.21,6.82,1.79,0
20230225:0810,97.95,130.4,16.4,7.62,1.59,0
20230225:0910,176.69,222.61,25.46,9.63,1.72,0
20230225:1010,134.23,173.86,32.75,10.17,2.28,0
20230225:1110,108.31,143.79,37.45,10.53,2.55,0
20230225:1210,42.79,66.22,38.79,10.87,2.55,0
20230225:1310,50.42,75.68,36.5,11.38,2.55,0
20230225:1410,45.65,70,31.04,11.79,2.21,0
20230225:1510,37.96,60.54,23.2,11.86,1.79,0
20230225:1610,40.32,63.38,13.78,11.47,1.72,0
20230225:1710,1.44,9.05,3.38,10.49,1.38,0
20230225:1810,0,0,0,9.55,1.03,0
20230225:1910,0,0,0,9.29,1.17,0
20230225:2010,0,0,0,8.91,0.48,0
20230225:2110,0,0,0,8.21,0.41,0
20230225:2210,0,0,0,7.55,0.62,0
20230225:2310,0,0,0,7.25,0.76,0
20230226:0010,0,0,0,7.21,0.9,0
20230226:0110,0,0,0,6.91,1.1,0
20230226:0210,0,0,0,6.8,1.03,0
20230226:0310,0,0,0,6.74,1.1,0
20230226:0410,0,0,0,6.72,1.31,0
20230226:0510,0,0,0,6.7,1.31,0
20230226:0610,0,0,0,6.61,1.31,0
20230226:0710,22.97,41.72,6.5,6.86,1.66,0
20230226:0810,60.09,86.07,16.7,7.4,1.38,0
20230226:0910,179.62,226.06,25.79,8.39,0.48,0
20230226:1010,282.72,349.56,33.11,9.31,1.03,0
20230226:1110,311.03,383,37.82,10.06,2.21,0
20230226:1210,409.82,503.74,39.16,10.3,2.9,0
20230226:1310,275.55,339.26,36.85,10.38,2.97,0
20230226:1410,72.07,101.22,31.35,10.58,3.03,0
20230226:1510,84.26,115.41,23.48,10.36,3.38,0
20230226:1610,37.73,59.6,14.03,9.63,4.9,0
20230226:1710,0.27,6.34,3.62,8.43,7.24,0
20230226:1810,0,0,0,7,8.21,0
20230226:1910,0,0,0,6.18,7.93,0
20230226:2010,0,0,0,5.32,7.86,0
20230226:2110,0,0,0,4.68,7.59,0
20230226:2210,0,0,0,4.09,7.17,0
20230226:2310,0,0,0,3.69,6.76,0
20230227:0010,0,0,0,3.24,6.21,0
20230227:0110,0,0,0,2.89,5.66,0
20230227:0210,0,0,0,2.55,5.1,0
20230227:0310,0,0,0,2.28,4.48,0
20230227:0410,0,0,0,2.04,4.07,0
20230227:0510,0,0,0,1.91,3.72,0
20230227:0610,0,0,0,1.82,3.38,0
20230227:0710,113.11,161.98,6.79,1.48,3.72,0
20230227:0810,166.79,204.45,17.01,2.29,3.31,0
20230227:0910,386.92,455.58,26.12,3.38,3.66,0
20230227:1010,179.55,220.23,33.47,4.9,4.34,0
20230227:1110,137.92,174.06,38.2,6.18,5.52,0
20230227:1210,174.34,215.44,39.53,6.82,6.62,0
20230227:1310,116.02,149.46,37.2,6.9,6.97,0
20230227:1410,54.33,78.52,31.67,6.27,6.76,0
20230227:1510,91.64,121.09,23.76,5.43,6.62,0
20230227:1610,138.83,175.59,14.28,5.14,6.28,0
20230227:1710,7.39,19.01,3.85,4.65,5.93,0
20230227:1810,0,0,0,3.96,5.79,0
20230227:1910,0,0,0,3.6,6.41,0
20230227:2010,0,0,0,3.74,7.17,0
20230227:2110,0,0,0,4.1,7.86,0
20230227:2210,0,0,0,4.36,8.07,0
20230227:2310,0,0,0,4.66,8.21,0
20230228:0010,0,0,0,4.91,8.07,0
20230228:0110,0,0,0,5.07,8.21,0
20230228:0210,0,0,0,5.18,8.21,0
20230228:0310,0,0,0,5.32,8,0
20230228:0410,0,0,0,4.6,7.66,0
20230228:0510,0,0,0,4.61,7.31,0
20230228:0610,0,0,0,4.67,6.9,0
20230228:0710,117.15,168.53,7.08,4.72,7.03,0
20230228:0810,371.74,444.02,17.32,5.52,6.14,0
20230228:0910,475.63,562.28,26.46,6.41,6,0
20230228:1010,585.72,701.25,33.83,7.41,6.28,0
20230228:1110,730.41,893.68,38.57,8.55,6.76,0
20230228:1210,243.73,296.53,39.91,8.89,6.62,0
20230228:1310,724.63,891.07,37.56,9.45,6.55,0
20230228:1410,667.76,815.76,31.98,9.63,6.21,0
20230228:1510,507.4,611.47,24.04,9.58,5.93,0
20230228:1610,297.78,369.65,14.53,9.1,5.45,0
20230228:1710,8.44,20.82,4.08,7.94,4.97,0
20230228:1810,0,0,0,6.56,4.62,0
20230228:1910,0,0,0,5.92,4.62,0
20230228:2010,0,0,0,5.25,4.41,0
20230228:2110,0,0,0,4.78,4.28,0
20230228:2210,0,0,0,4.39,4.07,0
20230228:2310,0,0,0,3.91,3.72,0
20230301:0010,0,0,0,3.65,3.24,0
20230301:0110,0,0,0,3.41,2.97,0
20230301:0210,0,0,0,3.04,2.83,0
20230301:0310,0,0,0,2.75,2.69,0
20230301:0410,0,0,0,2.44,2.48,0
20230301:0510,0,0,0,2.03,2.34,0
20230301:0610,0,0,0,2.2,2.21,0
20230301:0710,101.62,145.63,7.38,2.19,2.07,0
20230301:0810,361.27,438.95,17.64,3.7,1.52,0
20230301:0910,531.98,661.92,26.8,6.59,1.24,0
20230301:1010,650.04,852.14,34.19,8.48,0.69,0
20230301:1110,711.91,972.73,38.95,9.99,0.41,0
20230301:1210,680.77,904.53,40.29,11.1,1.31,0
20230301:1310,717.23,948.1,37.91,11.79,2.14,0
20230301:1410,617.72,788.61,32.3,11.9,2.62,0
20230301:1510,465.36,574.24,24.32,11.14,3.24,0
20230301:1610,283.61,357.04,14.78,10.16,3.1,0
20230301:1710,14.42,32.19,4.31,9.11,2.62,0
20230301:1810,0,0,0,7.83,2.21,0
20230301:1910,0,0,0,7.25,2,0
20230301:2010,0,0,0,6.6,1.79,0
20230301:2110,0,0,0,5.72,1.66,0
20230301:2210,0,0,0,5.27,1.72,0
20230301:2310,0,0,0,4.85,1.66,0
20230302:0010,0,0,0,4.18,1.45,0
20230302:0110,0,0,0,3.68,1.38,0
20230302:0210,0,0,0,3.57,1.79,0
20230302:0310,0,0,0,3.57,2.07,0
20230302:0410,0,0,0,3.4,2.07,0
20230302:0510,0,0,0,3.15,2.14,0
20230302:0610,0,0,0,3.01,2.14,0
20230302:0710,22,39.09,7.68,2.93,1.66,0
20230302:0810,64.26,89.75,17.95,4.03,1.38,0
20230302:0910,122.13,156.63,27.14,5.35,1.79,0
20230302:1010,220.26,269.73,34.55,6.36,2.28,0
20230302:1110,159.71,201.22,39.34,7.52,2.48,0
20230302:1210,161.64,204.05,40.67,8.42,2.83,0
20230302:1310,236.34,291.18,38.26,9.3,3.38,0
20230302:1410,292.87,356.61,32.61,9.49,3.66,0
20230302:1510,353.51,428.84,24.59,9.57,3.66,0
20230302:1610,180.61,229.16,15.03,9.33,3.38,0
20230302:1710,9.63,23.29,4.54,8.69,2.9,0
20230302:1810,0,0,0,7.67,3.03,0
20230302:1910,0,0,0,7.11,2.48,0
20230302:2010,0,0,0,6.61,2.28,0
20230302:2110,0,0,0,6.18,2.28,0
20230302:2210,0,0,0,5.64,2.07,0
20230302:2310,0,0,0,5.16,2,0
20230303:0010,0,0,0,4.65,1.93,0
20230303:0110,0,0,0,4.19,1.79,0
20230303:0210,0,0,0,3.83,1.93,0
20230303:0310,0,0,0,3.1,2.07,0
20230303:0410,0,0,0,2.74,2.07,0
20230303:0510,0,0,0,2.51,2.07,0
20230303:0610,0,0,0,2.11,2.28,0
20230303:0710,123.35,173.2,7.98,1.85,2.34,0
20230303:0810,367.2,446.63,18.27,4.62,1.86,0
20230303:0910,539.36,670.49,27.48,8.03,1.93,0
20230303:1010,667.53,861.36,34.92,9.99,2.07,0
20230303:1110,731.25,974.79,39.72,11.37,1.86,0
20230303:1210,663.34,866.51,41.05,12.34,2.28,0
20230303:1310,720.66,948.8,38.62,12.99,2.76,0
20230303:1410,632.75,811.85,32.93,13.27,3.03,0
20230303:1510,477.05,597.51,24.87,13.16,2.9,0
20230303:1610,278.52,356.03,15.28,12.86,2.48,0
20230303:1710,41.09,78.25,4.76,11.81,1.93,0
20230303:1810,0,0,0,10.17,1.59,0
20230303:1910,0,0,0,8.42,1.66,0
20230303:2010,0,0,0,7.52,1.93,0
20230303:2110,0,0,0,7.03,2.34,0
20230303:2210,0,0,0,6.01,2.48,0
20230303:2310,0,0,0,4.95,2.34,0
20230304:0010,0,0,0,4.18,2.14,0
20230304:0110,0,0,0,3.62,2.07,0
20230304:0210,0,0,0,3.25,2.14,0
20230304:0310,0,0,0,2.85,2.14,0
20230304:0410,0,0,0,2.45,2.14,0
20230304:0510,0,0,0,2.03,2.07,0
20230304:0610,0,0,0,1.76,2.07,0
20230304:0710,113.43,158.74,8.29,1.53,2,0
20230304:0810,359.18,439.54,18.59,4.76,1.1,0
20230304:0910,529.18,676.42,27.83,9,0.41,0
20230304:1010,651.7,861.25,35.29,10.53,0.9,0
20230304:1110,712.48,974.44,40.11,11.74,0.76,0
20230304:1210,674.65,909.79,41.43,12.66,1.03,0
20230304:1310,702.5,947.22,38.97,13.14,1.45,0
20230304:1410,618.22,805.21,33.24,13.41,1.93,0
20230304:1510,477.44,602.02,25.15,13.18,2.28,0
20230304:1610,280.31,357.61,15.53,12.62,2.55,0
20230304:1710,41.38,77.87,4.99,11.51,2.21,0
20230304:1810,0,0,0,10.01,1.45,0
20230304:1910,0,0,0,9.11,0.83,0
20230304:2010,0,0,0,9.19,0.76,0
20230304:2110,0,0,0,7.53,1.17,0
20230304:2210,0,0,0,5.97,1.59,0
20230304:2310,0,0,0,5.06,1.79,0
20230305:0010,0,0,0,4.43,1.93,0
20230305:0110,0,0,0,3.72,1.86,0
20230305:0210,0,0,0,2.94,1.79,0
20230305:0310,0,0,0,2.47,1.72,0
20230305:0410,0,0,0,2.51,1.79,0
20230305:0510,0,0,0,2.29,1.86,0
20230305:0610,0,0,0,1.93,1.86,0
20230305:0710,117.88,164.36,8.59,1.88,1.86,0
20230305:0810,354.32,435.57,18.92,5.48,0.9,0
20230305:0910,526.85,676.71,28.17,9.48,0.28,0
20230305:1010,648.05,866.66,35.66,11.2,0.55,0
20230305:1110,721.71,985.17,40.5,12.49,1.1,0
20230305:1210,709.96,966.59,41.81,13.48,1.31,0
20230305:1310,706.94,964.5,39.33,14.19,1.31,0
20230305:1410,614.19,820.02,33.56,15.02,1.1,0
20230305:1510,472.17,606.47,25.43,15.24,1.59,0
20230305:1610,279.82,361.84,15.77,14.88,2.07,0
20230305:1710,43.88,82.03,5.22,13.6,2.14,0
20230305:1810,0,0,0,11.8,2,0
20230305:1910,0,0,0,10.6,2.14,0
20230305:2010,0,0,0,9.22,1.79,0
20230305:2110,0,0,0,7.9,1.79,0
20230305:2210,0,0,0,6.62,1.86,0
20230305:2310,0,0,0,5.53,1.86,0
20230306:0010,0,0,0,4.57,1.86,0
20230306:0110,0,0,0,4.2,1.79,0
20230306:0210,0,0,0,4.2,1.86,0
20230306:0310,0,0,0,4.36,1.86,0
20230306:0410,0,0,0,4.92,1.79,0
20230306:0510,0,0,0,4.97,1.72,0
20230306:0610,0,0,0,4.54,1.72,0
20230306:0710,119.02,167.77,8.9,5,1.66,0
20230306:0810,352.94,439.1,19.24,7.88,0.83,0
20230306:0910,523.49,670.51,28.52,9.88,0.48,0
20230306:1010,636.33,857.47,36.04,11.22,0.14,0
20230306:1110,707.89,968.84,40.89,12.44,0.83,0
20230306:1210,720.09,977.94,42.2,13.44,1.52,0
20230306:1310,693.9,934.89,39.68,14,1.59,0
20230306:1410,436.52,552.97,33.87,14.14,1.79,0
20230306:1510,272.02,340.37,25.7,14.08,2.69,0
20230306:1610,231.44,295.53,16.02,13.35,3.38,0
20230306:1710,40.27,74.4,5.44,12,2.9,0
20230306:1810,0,0,0,10.54,2.28,0
20230306:1910,0,0,0,10.03,2.28,0
20230306:2010,0,0,0,9.77,1.79,0
20230306:2110,0,0,0,9.49,1.45,0
20230306:2210,0,0,0,9.16,1.1,0
20230306:2310,0,0,0,8.59,0.69,0
20230307:0010,0,0,0,8.13,0.97,0
20230307:0110,0,0,0,7.82,1.52,0
20230307:0210,0,0,0,7.34,1.79,0
20230307:0310,0,0,0,7.04,1.59,0
20230307:0410,0,0,0,6.71,1.31,0
20230307:0510,0,0,0,6.15,1.24,0
20230307:0610,0,0,0,5.66,1.31,0
20230307:0710,126.3,177.52,9.21,5.55,1.45,0
20230307:0810,357.57,442.94,19.57,7.56,1.1,0
20230307:0910,501.16,635.41,28.87,10.27,0.9,0
20230307:1010,597.69,770.62,36.41,12.49,2,0
20230307:1110,608.4,782.87,41.28,14.52,3.24,0
20230307:1210,464.67,585.71,42.58,16.23,4.21,0
20230307:1310,293.72,369.74,40.04,17.31,5.1,0
20230307:1410,411.05,514.25,34.19,17.96,5.72,0
20230307:1510,454.01,570.31,25.98,17.93,5.31,0
20230307:1610,140.94,188.59,16.26,17.78,3.66,0
20230307:1710,50.98,94.84,5.67,17.15,1.66,0
20230307:1810,0,0,0,14.64,2.83,0
20230307:1910,0,0,0,12.21,4.21,0
20230307:2010,0,0,0,11.21,2.28,0
20230307:2110,0,0,0,10.92,0.62,0
20230307:2210,0,0,0,9.84,0.48,0
20230307:2310,0,0,0,8.83,1.1,0
20230308:0010,0,0,0,8.06,1.52,0
20230308:0110,0,0,0,7.58,1.66,0
20230308:0210,0,0,0,7.11,1.93,0
20230308:0310,0,0,0,7.19,2.34,0
20230308:0410,0,0,0,7.44,2.76,0
20230308:0510,0,0,0,7.53,2.9,0
20230308:0610,0,0,0,7.37,2.69,0
20230308:0710,60.87,90.25,9.53,7.36,1.66,0
20230308:0810,187.46,236.01,19.9,9.49,1.66,0
20230308:0910,329.6,412.09,29.23,12.65,1.38,0
20230308:1010,259.47,329.66,36.79,15.39,1.79,0
20230308:1110,214.04,276.07,41.67,17.65,2.97,0
20230308:1210,223.58,288.7,42.97,19.46,4.34,0
20230308:1310,448.75,572.06,40.39,20.53,5.38,0
20230308:1410,529.83,676.93,34.5,21.1,6.14,0
20230308:1510,397.42,502.47,26.25,21.15,6.62,0
20230308:1610,226.68,297.97,16.51,20.86,5.31,0
20230308:1710,43.23,79.35,5.89,19.96,3.17,0
20230308:1810,0,0,0,17.49,2.07,0
20230308:1910,0,0,0,17.37,0.55,0
20230308:2010,0,0,0,15.33,2.55,0
20230308:2110,0,0,0,14.6,3.66,0
20230308:2210,0,0,0,14.55,3.79,0
20230308:2310,0,0,0,14.04,3.24,0
20230309:0010,0,0,0,13.3,2.76,0
20230309:0110,0,0,0,12.07,2.21,0
20230309:0210,0,0,0,10.98,2.07,0
20230309:0310,0,0,0,9.96,1.24,0
20230309:0410,0,0,0,9.61,0.97,0
20230309:0510,0,0,0,9.59,1.31,0
20230309:0610,0,0,0,9.49,1.52,0
20230309:0710,49.06,75.41,9.84,10.03,1.31,0
20230309:0810,31.93,52.97,20.24,11.8,1.17,0
20230309:0910,62.86,91.76,29.58,14.22,2.14,0
20230309:1010,123.63,164.6,37.17,14.9,3.03,0
20230309:1110,192.33,247.5,42.07,16.14,3.59,0
20230309:1210,163.67,213.44,43.36,16.65,3.93,0
20230309:1310,608.16,783.97,40.75,17.65,4.48,0
20230309:1410,593.69,765.33,34.81,19.17,4.76,0
20230309:1510,454.74,577.11,26.52,19.72,5.1,0
20230309:1610,274.87,358.1,16.75,19.6,5.03,0
20230309:1710,57.5,102.88,6.12,18.71,4.76,0
20230309:1810,0,0,0,17.21,4,0
20230309:1910,0,0,0,16.3,3.03,0
20230309:2010,0,0,0,15,2.55,0
20230309:2110,0,0,0,13.51,1.86,0
20230309:2210,0,0,0,12.28,2.28,0
20230309:2310,0,0,0,11.33,1.66,0
20230310:0010,0,0,0,10.53,1.59,0
20230310:0110,0,0,0,9.53,1.79,0
20230310:0210,0,0,0,9.28,2,0
20230310:0310,0,0,0,8.98,2,0
20230310:0410,0,0,0,8.36,1.72,0
20230310:0510,0,0,0,7.41,1.52,0
20230310:0610,0,0,0,7.62,1.93,0
20230310:0710,140.74,196.97,10.16,8.08,1.72,0
20230310:0810,362.68,455.77,20.57,11.26,1.45,0
20230310:0910,524.73,682.51,29.94,14.46,1.03,0
20230310:1010,635.15,863.15,37.55,16.3,0.97,0
20230310:1110,668.16,905.2,42.46,17.3,1.93,0
20230310:1210,719.55,981.37,43.75,17.78,2.48,0
20230310:1310,699.97,943.03,41.11,18,2.83,0
20230310:1410,613,800.83,35.12,17.79,3.24,0
20230310:1510,201.52,258.44,26.79,16.93,3.52,0
20230310:1610,116.93,158.37,16.99,16.41,2.97,0
20230310:1710,14.17,30.33,6.34,15.54,1.72,0
20230310:1810,0,0,0,14.25,0.69,0
20230310:1910,0,0,0,13.55,0.83,0
20230310:2010,0,0,0,12.71,1.24,0
20230310:2110,0,0,0,11.92,1.52,0
20230310:2210,0,0,0,11.45,1.59,0
20230310:2310,0,0,0,11.29,1.79,0
20230311:0010,0,0,0,10.51,1.79,0
20230311:0110,0,0,0,9.93,1.86,0
20230311:0210,0,0,0,9.88,2.21,0
20230311:0310,0,0,0,9.74,2.34,0
20230311:0410,0,0,0,9.57,2.34,0
20230311:0510,0,0,0,9.27,2.41,0
20230311:0610,0,0,0,8.98,2.55,0
20230311:0710,140.34,197.3,10.48,10.08,2.21,0
20230311:0810,357.8,451.83,20.91,13.27,1.93,0
20230311:0910,507.49,657.35,30.3,17.06,2,0
20230311:1010,375.11,488.34,37.94,18.96,1.03,0
20230311:1110,506.29,693.48,42.86,20.46,0.14,0
20230311:1210,544.12,742.46,44.14,21.33,1.1,0
20230311:1310,316.91,413.26,41.46,21.48,2.07,0
20230311:1410,341.99,443.63,35.43,21.61,2.55,0
20230311:1510,258.37,333.77,27.06,21.18,3.38,0
20230311:1610,197.47,261.22,17.23,19.88,3.24,0
20230311:1710,44.53,79.54,6.56,18.31,2.28,0
20230311:1810,0,0,0,16.69,1.17,0
20230311:1910,0,0,0,15.66,0.97,0
20230311:2010,0,0,0,14.28,1.1,0
20230311:2110,0,0,0,13.25,1.31,0
20230311:2210,0,0,0,12.43,1.38,0
20230311:2310,0,0,0,11.96,1.38,0
20230312:0010,0,0,0,11.73,1.31,0
20230312:0110,0,0,0,11.58,1.24,0
20230312:0210,0,0,0,11.58,1.17,0
20230312:0310,0,0,0,11.07,1.31,0
20230312:0410,0,0,0,10.47,1.45,0
20230312:0510,0,0,0,9.78,1.66,0
20230312:0610,0,0,0,9.36,1.86,0
20230312:0710,128.51,180.36,10.8,9.85,1.45,0
20230312:0810,358.33,458.19,21.24,14.02,0.97,0
20230312:0910,508.23,664.53,30.66,16.29,1.1,0
20230312:1010,623.95,854.58,38.32,17.88,0.9,0
20230312:1110,679.43,967.72,43.26,19.26,0.62,0
20230312:1210,690.46,1001.08,44.53,20.76,0.55,0
20230312:1310,671.81,936.56,41.82,21.68,1.86,0
20230312:1410,570.36,744.47,35.74,20.92,4.14,0
20230312:1510,454,575.12,27.33,19.02,4.83,0
20230312:1610,287.42,371.74,17.47,17.52,4.14,0
20230312:1710,62.57,108.9,6.78,16.41,2.83,0
20230312:1810,0,0,0,15.44,1.79,0
20230312:1910,0,0,0,15.06,1.72,0
20230312:2010,0,0,0,14.22,2.07,0
20230312:2110,0,0,0,13.35,2.28,0
20230312:2210,0,0,0,12.71,2.41,0
20230312:2310,0,0,0,12.3,2.34,0
20230313:0010,0,0,0,11.94,2.21,0
20230313:0110,0,0,0,11.49,2.07,0
20230313:0210,0,0,0,11.1,2,0
20230313:0310,0,0,0,10.76,2,0
20230313:0410,0,0,0,10.25,2.07,0
20230313:0510,0,0,0,10.06,2.28,0
20230313:0610,0,0,0,10.08,2.62,0
20230313:0710,10.75,24.6,11.12,12.31,3.52,0
20230313:0810,102.97,140.06,21.58,15.46,4,0
20230313:0910,507,641.08,31.02,18.05,4.97,0
20230313:1010,451.07,571.2,38.7,20.05,6,0
20230313:1110,730.56,964.19,43.66,21.76,6.48,0
20230313:1210,749,996.32,44.92,22.43,6.48,0
20230313:1310,715.45,946.12,42.17,22.58,6.41,0
20230313:1410,604.86,782.24,36.05,22.23,6.48,0
20230313:1510,458.39,581.52,27.6,21.35,6.62,0
20230313:1610,287.42,373.21,17.7,20.24,6.48,0
20230313:1710,37.09,66.25,7,18.94,6.21,0
20230313:1810,0,0,0,17.77,5.59,0
20230313:1910,0,0,0,16.53,6.21,0
20230313:2010,0,0,0,16.19,5.24,0
20230313:2110,0,0,0,15.92,3.66,0
20230313:2210,0,0,0,15.57,0.34,0
20230313:2310,0,0,0,13.7,3.17,0
20230314:0010,0,0,0,12.24,2.97,0
20230314:0110,0,0,0,11.46,2,0
20230314:0210,0,0,0,10.68,1.1,0
20230314:0310,0,0,0,9.93,0.97,0
20230314:0410,0,0,0,8.84,1.24,0
20230314:0510,0,0,0,8.15,1.59,0
20230314:0610,0,0,0,8.48,1.52,0
20230314:0710,132.87,185.21,11.45,10.11,0.69,0
20230314:0810,373.04,474.8,21.92,12.13,0.62,0
20230314:0910,554.3,710.09,31.38,13.8,2.21,0
20230314:1010,676.57,884.68,39.09,14.7,3.03,0
20230314:1110,740.12,992.4,44.06,14.74,2.69,0
20230314:1210,629.93,821,45.31,14.34,2.69,0
20230314:1310,639.15,830.46,42.52,14.81,3.1,0
20230314:1410,393.83,493.78,36.36,14.93,3.03,0
20230314:1510,41.25,65.27,27.86,14.4,2.07,0
20230314:1610,215.76,277.3,17.94,14.36,2.9,0
20230314:1710,68.67,116.51,7.22,13.64,2.83,0
20230314:1810,0,0,0,12.48,1.66,0
20230314:1910,0,0,0,11.89,0.76,0
20230314:2010,0,0,0,10.34,1.1,0
20230314:2110,0,0,0,9.26,1.38,0
20230314:2210,0,0,0,8.77,1.24,0
20230314:2310,0,0,0,7.74,1.72,0
20230315:0010,0,0,0,7.56,2.07,0
20230315:0110,0,0,0,7.58,2.28,0
20230315:0210,0,0,0,7.19,2.21,0
20230315:0310,0,0,0,6.72,1.93,0
20230315:0410,0,0,0,6.32,1.79,0
20230315:0510,0,0,0,6.2,1.72,0
20230315:0610,0,0,0,6.18,1.72,0
20230315:0710,127.91,175.06,11.77,6.9,1.03,0
20230315:0810,361.86,458.66,22.26,10.73,0.21,0
20230315:0910,536.41,698.28,31.74,12.71,0.62,0
20230315:1010,654.9,882.28,39.48,13.75,0.97,0
20230315:1110,686.56,941.41,44.46,15.06,1.1,0
20230315:1210,724.6,1007.75,45.7,16,1.31,0
20230315:1310,424.94,545.44,42.88,16.32,1.79,0
20230315:1410,338.28,428.9,36.67,16.41,2.28,0
20230315:1510,199.35,255.48,28.13,16.17,3.1,0
20230315:1610,231.6,298.86,18.18,15.59,2.83,0
20230315:1710,66.07,112.23,7.44,14.82,2.41,0
20230315:1810,0,0,0,13.63,1.45,0
20230315:1910,0,0,0,12.67,1.03,0
20230315:2010,0,0,0,12.21,0.83,0
20230315:2110,0,0,0,11.06,1.03,0
20230315:2210,0,0,0,10.02,1.24,0
20230315:2310,0,0,0,9.12,1.45,0
20230316:0010,0,0,0,8.81,1.38,0
20230316:0110,0,0,0,8.34,1.59,0
20230316:0210,0,0,0,7.91,1.86,0
20230316:0310,0,0,0,7.33,1.86,0
20230316:0410,0,0,0,6.63,1.59,0
20230316:0510,0,0,0,6.27,1.31,0
20230316:0610,0,0,0,5.9,1.17,0
20230316:0710,150.92,206.85,12.1,8.28,1.1,0
20230316:0810,382.46,480.33,22.6,10.63,1.17,0
20230316:0910,557.38,713.2,32.1,12.38,1.79,0
20230316:1010,678.71,892.35,39.86,14.14,2.55,0
20230316:1110,744.43,992.25,44.86,15.52,3.31,0
20230316:1210,778.39,1042.95,46.09,16.63,3.93,0
20230316:1310,735.52,969.94,43.23,17.51,4.55,0
20230316:1410,642.6,826.4,36.97,17.71,5.03,0
20230316:1510,494.69,621.77,28.39,17.27,5.24,0
20230316:1610,294.9,377.03,18.41,16.27,5.24,0
20230316:1710,69.96,118.05,7.66,14.84,4.69,0
20230316:1810,0,0,0,13.34,3.93,0
20230316:1910,0,0,0,12.61,3.66,0
20230316:2010,0,0,0,11.98,3.45,0
20230316:2110,0,0,0,11.64,3.31,0
20230316:2210,0,0,0,11.33,3.24,0
20230316:2310,0,0,0,11.1,3.1,0
20230317:0010,0,0,0,11.01,3.03,0
20230317:0110,0,0,0,11.04,2.9,0
20230317:0210,0,0,0,11.03,2.9,0
20230317:0310,0,0,0,10.95,2.9,0
20230317:0410,0,0,0,11.03,2.83,0
20230317:0510,0,0,0,11.07,2.69,0
20230317:0610,0,0,0,10.91,2.55,0
20230317:0710,158.48,217.98,12.43,10.91,2.55,0
20230317:0810,222.22,277.84,22.94,11.98,3.59,0
20230317:0910,229.71,287.29,32.47,13,3.79,0
20230317:1010,584.39,739.14,40.25,14.1,4.07,0
20230317:1110,562.06,710.77,45.26,15.1,4.55,0
20230317:1210,697.27,901.45,46.48,15.6,4.83,0
20230317:1310,719.54,931.17,43.58,16.42,5.31,0
20230317:1410,605.88,766.75,37.27,16.63,5.59,0
20230317:1510,187.84,240.28,28.65,16.26,5.59,0
20230317:1610,271.65,345.74,18.64,15.41,5.38,0
20230317:1710,60.35,100.37,7.87,14.28,4.69,0
20230317:1810,0,0,0,13.11,3.66,0
20230317:1910,0,0,0,11.99,3.31,0
20230317:2010,0,0,0,11.46,2.97,0
20230317:2110,0,0,0,11.02,2.34,0
20230317:2210,0,0,0,10.57,2.14,0
20230317:2310,0,0,0,10.36,2.07,0
20230318:0010,0,0,0,9.98,1.86,0
20230318:0110,0,0,0,9.29,1.45,0
20230318:0210,0,0,0,8.91,1.03,0
20230318:0310,0,0,0,8.84,0.76,0
20230318:0410,0,0,0,8.76,0.62,0
20230318:0510,0,0,0,8.79,0.55,0
20230318:0610,0,0.95,1.74,9.18,0.69,0
20230318:0710,63.76,93.26,12.75,11.07,0.07,0
20230318:0810,124.48,164.59,23.28,12.35,0.9,0
20230318:0910,85.03,118.25,32.83,13.58,1.52,0
20230318:1010,231.15,294.36,40.64,14.54,1.72,0
20230318:1110,423.08,538.47,45.67,14.94,2,0
20230318:1210,491.71,631.52,46.87,15.41,2.28,0
20230318:1310,504.13,647.83,43.93,16.15,2.62,0
20230318:1410,247.42,314.95,37.58,16.52,2.9,0
20230318:1510,218.6,279.09,28.91,16.58,3.17,0
20230318:1610,61.44,90.4,18.87,15.59,3.72,0
20230318:1710,24.65,44.71,8.09,14.38,2.9,0
20230318:1810,0,0,0,13.4,2.07,0
20230318:1910,0,0,0,12.54,1.86,0
20230318:2010,0,0,0,12.13,0.9,0
20230318:2110,0,0,0,11.81,0.97,0
20230318:2210,0,0,0,11.21,1.45,0
20230318:2310,0,0,0,11.02,1.66,0
20230319:0010,0,0,0,11.06,1.72,0
20230319:0110,0,0,0,10.61,1.66,0
20230319:0210,0,0,0,10.34,1.38,0
20230319:0310,0,0,0,9.85,1.45,0
20230319:0410,0,0,0,9.29,1.52,0
20230319:0510,0,0,0,8.62,1.59,0
20230319:0610,0.03,5.68,2.06,7.89,1.72,0
20230319:0710,95.69,132.44,13.08,8.83,0.9,0
20230319:0810,163.63,211.2,23.63,12.1,0.55,0
20230319:0910,520.5,676.73,33.19,13.59,0.76,0
20230319:1010,549.06,728.49,41.03,14.39,0.48,0
20230319:1110,622.5,851.25,46.07,15.59,0.55,0
20230319:1210,497.41,650.84,47.26,16.23,1.31,0
20230319:1310,507.16,659.11,44.28,16.52,1.93,0
20230319:1410,213.71,274.71,37.88,16.6,2.41,0
20230319:1510,32.05,53.92,29.17,15.75,2.28,0
20230319:1610,242.64,312.63,19.1,14.35,1.66,0
20230319:1710,43.08,71.87,8.3,13.5,0.48,0
20230319:1810,0,0,0,12.86,1.03,0
20230319:1910,0,0,0,12.53,0.9,0
20230319:2010,0,0,0,11.75,1.45,0
20230319:2110,0,0,0,10.91,1.52,0
20230319:2210,0,0,0,10.02,1.66,0
20230319:2310,0,0,0,9.78,1.45,0
20230320:0010,0,0,0,9.76,1.24,0
20230320:0110,0,0,0,9.71,0.97,0
20230320:0210,0,0,0,9.52,0.9,0
20230320:0310,0,0,0,9.9,0.76,0
20230320:0410,0,0,0,9.3,1.1,0
20230320:0510,0,0,0,8.87,1.38,0
20230320:0610,0.78,7.57,2.39,8.74,1.45,0
20230320:0710,172.62,234.04,13.41,9.14,1.45,0
20230320:0810,251.31,313.69,23.97,11.14,1.86,0
20230320:0910,351.45,435.76,33.56,11.74,2.14,0
20230320:1010,225.89,285.18,41.41,12.59,1.93,0
20230320:1110,276.51,349.67,46.47,13.56,1.45,0
20230320:1210,359.48,457.66,47.65,14.45,1.24,0
20230320:1310,232.64,297.86,44.63,15.29,1.52,0
20230320:1410,332.77,421.72,38.18,15.52,1.86,0
20230320:1510,208.75,265.87,29.43,15.05,2.76,0
20230320:1610,137.75,182.55,19.33,14.87,2.07,0
20230320:1710,42.48,70.78,8.51,14.32,1.86,0
20230320:1810,0,0,0,13.17,1.66,0
20230320:1910,0,0,0,12.05,1.24,0
20230320:2010,0,0,0,11.26,1.59,0
20230320:2110,0,0,0,10.48,1.72,0
20230320:2210,0,0,0,9.65,1.86,0
20230320:2310,0,0,0,8.89,2,0
20230321:0010,0,0,0,8.18,1.93,0
20230321:0110,0,0,0,7.67,1.86,0
20230321:0210,0,0,0,7.27,1.79,0
20230321:0310,0,0,0,7.18,1.66,0
20230321:0410,0,0,0,7.02,1.66,0
20230321:0510,0,0,0,6.86,1.66,0
20230321:0610,0.8,7.57,2.71,6.78,1.72,0
20230321:0710,0,0,0,7.55,1.17,0
20230321:0810,0,0,0,10.9,0.55,0
20230321:0910,488.93,631.03,33.92,13.23,0.69,0
20230321:1010,633.66,849.35,41.8,14.7,1.17,0
20230321:1110,660.35,899,46.88,15.98,1.31,0
20230321:1210,731.28,1017.92,48.04,16.91,1.59,0
20230321:1310,514.89,670.02,44.98,17.13,2.21,0
20230321:1410,378.86,482.78,38.47,17,2.28,0
20230321:1510,381.58,484.86,29.69,16.66,2.28,0
20230321:1610,215.75,280.52,19.56,16.26,2,0
20230321:1710,45.18,75.11,8.72,15.71,1.59,0
20230321:1810,0,0,0,14.72,1.24,0
20230321:1910,0,0,0,13.43,1.03,0
20230321:2010,0,0,0,12.53,1.38,0
20230321:2110,0,0,0,12.07,1.66,0
20230321:2210,0,0,0,10.79,1.79,0
20230321:2310,0,0,0,10.27,1.86,0
20230322:0010,0,0,0,9.69,1.79,0
20230322:0110,0,0,0,9.27,1.79,0
20230322:0210,0,0,0,9.02,1.79,0
20230322:0310,0,0,0,8.75,1.93,0
20230322:0410,0,0,0,8.37,1.93,0
20230322:0510,0,0,0,7.78,1.86,0
20230322:0610,2.83,12.43,3.03,7.3,1.86,0
20230322:0710,0,0,0,8.59,1.1,0
20230322:0810,393.9,505.56,24.65,13.5,0.55,0
20230322:0910,569.25,757.5,34.28,15.95,0.9,0
20230322:1010,671.02,918.3,42.19,17.55,1.52,0
20230322:1110,734.52,1022.49,47.28,18.99,2.14,0
20230322:1210,762.88,1068.95,48.43,20.01,2.55,0
20230322:1310,712.21,977.63,45.33,20.59,2.9,0
20230322:1410,634.75,848.08,38.77,20.78,3.24,0
20230322:1510,483.4,625.44,29.94,20.49,3.59,0
20230322:1610,277.53,362.59,19.78,19.76,3.86,0
20230322:1710,74.29,124.3,8.93,18.33,3.38,0
20230322:1810,0,0,0,16.52,2.9,0
20230322:1910,0,0,0,14.65,2.48,0
20230322:2010,0,0,0,13.49,2.34,0
20230322:2110,0,0,0,12.66,2.41,0
20230322:2210,0,0,0,12.16,2.48,0
20230322:2310,0,0,0,11.89,2.55,0
20230323:0010,0,0,0,11.58,2.48,0
20230323:0110,0,0,0,11.2,2.41,0
20230323:0210,0,0,0,10.75,2.34,0
20230323:0310,0,0,0,10.38,2.21,0
20230323:0410,0,0,0,10.07,2,0
20230323:0510,0,0,0,9.84,1.66,0
20230323:0610,1.65,9.46,3.35,9.52,1.38,0
20230323:0710,96.31,132.98,14.39,10.58,0.83,0
20230323:0810,276.95,353.06,25,13.51,0.21,0
20230323:0910,482.1,628.34,34.65,15.65,0.83,0
20230323:1010,658.7,898.19,42.58,17.35,1.45,0
20230323:1110,723.63,1006.94,47.68,18.98,2,0
20230323:1210,752.24,1047.63,48.82,20.34,2.76,0
20230323:1310,704.97,956.01,45.67,21.13,3.66,0
20230323:1410,627.99,828.31,39.07,21.35,4.34,0
20230323:1510,497.47,638.07,30.19,20.84,5.03,0
20230323:1610,243.49,316.61,20.01,19.76,5.45,0
20230323:1710,62.7,103.35,9.14,18.28,5.03,0
20230323:1810,0,0,0,16.6,4.69,0
20230323:1910,0,0,0,14.82,4.14,0
20230323:2010,0,0,0,13.89,3.72,0
20230323:2110,0,0,0,13.36,3.59,0
20230323:2210,0,0,0,13.09,3.52,0
20230323:2310,0,0,0,12.88,3.38,0
20230324:0010,0,0,0,12.64,3.24,0
20230324:0110,0,0,0,12.6,3.24,0
20230324:0210,0,0,0,12.62,3.38,0
20230324:0310,0,0,0,12.3,3.45,0
20230324:0410,0,0,0,11.91,3.45,0
20230324:0510,0,0,0,11.56,3.45,0
20230324:0610,4.33,15.14,3.68,11.28,3.24,0
20230324:0710,84.09,117.9,14.72,12.32,2.48,0
20230324:0810,107,145.18,25.34,14.77,1.45,0
20230324:0910,397.5,513.69,35.01,16.81,0.9,0
20230324:1010,470.55,609.32,42.97,17.58,2.14,0
20230324:1110,231.99,298.73,48.08,17.83,2.9,0
20230324:1210,347.67,443.62,49.21,18.17,3.31,0
20230324:1310,212.42,274.48,46.02,18.32,3.66,0
20230324:1410,312.32,395.39,39.36,17.64,3.79,0
20230324:1510,442.08,560.14,30.44,16.82,3.31,0
20230324:1610,241.3,312.2,20.23,16.14,2.34,0
20230324:1710,84.7,140.84,9.35,15.94,1.52,0
20230324:1810,0,0,0,15.41,0.97,0
20230324:1910,0,0,0,14.47,0.9,0
20230324:2010,0,0,0,13.82,1.52,0
20230324:2110,0,0,0,12.91,1.38,0
20230324:2210,0,0,0,13.67,0.21,0
20230324:2310,0,0,0,12.94,0.34,0
20230325:0010,0,0,0,12.5,0.62,0
20230325:0110,0,0,0,11.15,0.9,0
20230325:0210,0,0,0,10.44,0.9,0
20230325:0310,0,0,0,10.15,0.9,0
20230325:0410,0,0,0,10.4,0.83,0
20230325:0510,0,0,0,10.56,0.69,0
20230325:0610,3.11,12.3,4,10.5,0.41,0
20230325:0710,57.02,84.05,15.05,11.07,0.07,0
20230325:0810,123.53,163.58,25.68,12.26,0.62,0
20230325:0910,423.67,539.34,35.37,13.88,1.17,0
20230325:1010,650.48,868.01,43.35,15.05,1.72,0
20230325:1110,734.63,1006,48.48,16.62,2.21,0
20230325:1210,639.78,854.26,49.59,17.39,2.48,0
20230325:1310,560.11,731.79,46.36,18.36,3.1,0
20230325:1410,628.53,826.46,39.65,19.21,3.66,0
20230325:1510,498.84,633.82,30.69,18.66,4.83,0
20230325:1610,147.63,195.16,20.45,17.46,5.31,0
20230325:1710,74.95,121.95,9.56,16.22,5.03,0
20230325:1810,0,0,0,14.79,4.55,0
20230325:1910,0,0,0,13.58,4.55,0
20230325:2010,0,0,0,12.97,4.21,0
20230325:2110,0,0,0,12.37,3.79,0
20230325:2210,0,0,0,11.93,3.59,0
20230325:2310,0,0,0,11.72,3.52,0
20230326:0010,0,0,0,11.6,3.38,0
20230326:0110,0,0,0,11.5,3.24,0
20230326:0210,0,0,0,11.24,3.03,0
20230326:0310,0,0,0,10.86,2.83,0
20230326:0410,0,0,0,10.4,2.55,0
20230326:0510,0,0,0,9.87,2.34,0
20230326:0610,0.02,5.68,4.32,9.34,2.28,0
20230326:0710,77.13,108.21,15.38,10.44,1.59,0
20230326:0810,213.34,271.25,26.02,13.84,1.93,0
20230326:0910,582.28,749.46,35.74,15.52,2.97,0
20230326:1010,691.57,923.53,43.74,16.53,2.69,0
20230326:1110,531.11,693.94,48.88,17.37,2.34,0
20230326:1210,53.44,81.35,49.98,17.62,2.76,0
20230326:1310,125.81,168.38,46.7,16.81,3.59,0
20230326:1410,93.38,128.65,39.94,15.22,3.52,0
20230326:1510,70.98,101.22,30.94,13.59,2.76,0
20230326:1610,67.92,97.44,20.67,12.93,1.59,0
20230326:1710,2.07,10.41,9.77,12.91,0.97,0
20230326:1810,0,0,0,12.54,0.69,0
20230326:1910,0,0,0,12.21,0.83,0
20230326:2010,0,0,0,11.56,0.41,0
20230326:2110,0,0,0,10.51,0.69,0
20230326:2210,0,0,0,9.4,0.97,0
20230326:2310,0,0,0,8.5,1.24,0
20230327:0010,0,0,0,8.36,0.97,0
20230327:0110,0,0,0,8.7,0.69,0
20230327:0210,0,0,0,7.84,0.83,0
20230327:0310,0,0,0,7.52,0.83,0
20230327:0410,0,0,0,8.18,0.62,0
20230327:0510,0,0,0,8.1,0.76,0
20230327:0610,10.92,26,4.64,6.01,1.86,0
20230327:0710,162.66,214.52,15.7,8.51,1.72,0
20230327:0810,410.16,512.88,26.36,11.89,2.28,0
20230327:0910,545.01,692.92,36.1,13.34,2.55,0
20230327:1010,636.58,826.16,44.13,14.73,3.1,0
20230327:1110,772.84,1040.12,49.29,16.53,3.59,0
20230327:1210,797.36,1090.25,50.36,18.15,3.66,0
20230327:1310,698,939.32,47.04,19,3.31,0
20230327:1410,597.28,788.29,40.23,19.33,3.03,0
20230327:1510,502.66,651.77,31.19,18.7,2.76,0
20230327:1610,288.97,375.66,20.89,17.39,2.55,0
20230327:1710,53.28,85.24,9.97,16.05,2,0
20230327:1810,0,0,0,14.7,1.31,0
20230327:1910,0,0,0,12.98,1.17,0
20230327:2010,0,0,0,12.27,1.66,0
20230327:2110,0,0,0,11.46,2.14,0
20230327:2210,0,0,0,10.73,2.41,0
20230327:2310,0,0,0,10.2,2.34,0
20230328:0010,0,0,0,9.66,2,0
20230328:0110,0,0,0,8.96,1.79,0
20230328:0210,0,0,0,8.63,1.72,0
20230328:0310,0,0,0,8.31,1.72,0
20230328:0410,0,0,0,8.05,1.66,0
20230328:0510,0,0,0,7.89,1.38,0
20230328:0610,7.79,19.87,4.96,8.14,1.03,0
20230328:0710,133.89,178.25,16.03,9.02,0.76,0
20230328:0810,395.75,496.09,26.7,10.28,1.03,0
20230328:0910,572.04,735.84,36.46,11.45,1.38,0
20230328:1010,688.7,915.69,44.51,12.91,1.79,0
20230328:1110,686.09,918.87,49.68,14.16,1.93,0
20230328:1210,722.21,978.51,50.75,15.29,2.21,0
20230328:1310,710.1,952.94,47.38,16.24,2.69,0
20230328:1410,649.72,848.28,40.51,16.66,3.45,0
20230328:1510,498.74,635.72,31.43,17.22,3.59,0
20230328:1610,307.07,397.51,21.11,17.35,3.45,0
20230328:1710,82.11,133.83,10.18,16.81,3.17,0
20230328:1810,0,0,0,15.27,2.69,0
20230328:1910,0,0,0,13.68,3.17,0
20230328:2010,0,0,0,12.68,3.1,0
20230328:2110,0,0,0,11.83,3.03,0
20230328:2210,0,0,0,11.11,2.83,0
20230328:2310,0,0,0,10.51,2.41,0
20230329:0010,0,0,0,9.94,2.34,0
20230329:0110,0,0,0,9.45,2.28,0
20230329:0210,0,0,0,9,2.21,0
20230329:0310,0,0,0,8.62,2.07,0
20230329:0410,0,0,0,8.26,1.93,0
20230329:0510,0,0,0,7.9,1.86,0
20230329:0610,14.42,31.92,5.28,7.75,1.79,0
20230329:0710,208.75,277.59,16.35,9.76,1.38,0
20230329:0810,411.1,525.15,27.03,13.75,1.1,0
20230329:0910,568.34,753.13,36.81,16.4,1.24,0
20230329:1010,669.96,929.5,44.89,18.62,1.24,0
20230329:1110,731.77,1036.14,50.08,20.33,1.79,0
20230329:1210,760.96,1080.31,51.13,21.81,2.48,0
20230329:1310,715.72,991.01,47.72,22.85,3.24,0
20230329:1410,633.09,849.2,40.79,23.31,4,0
20230329:1510,470.49,611.2,31.67,23.03,4.55,0
20230329:1610,301.03,396.32,21.32,22.13,4.76,0
20230329:1710,90.54,151.66,10.38,20.45,4.48,0
20230329:1810,0,0,0,18.11,4.41,0
20230329:1910,0,0,0,15.82,4.14,0
20230329:2010,0,0,0,14.55,3.86,0
20230329:2110,0,0,0,13.58,3.79,0
20230329:2210,0,0,0,12.83,3.72,0
20230329:2310,0,0,0,12.27,3.59,0
20230330:0010,0,0,0,11.86,3.45,0
20230330:0110,0,0,0,11.54,3.38,0
20230330:0210,0,0,0,11.22,3.24,0
20230330:0310,0,0,0,10.74,2.97,0
20230330:0410,0,0,0,10.43,2.55,0
20230330:0510,0,0,0,9.98,2,0
20230330:0610,6.51,17.97,5.6,9.63,1.52,0
20230330:0710,114.07,154.26,16.68,11.51,1.03,0
20230330:0810,212.45,269.84,27.37,13.56,1.93,0
20230330:0910,590.66,763.79,37.17,14.98,2.55,0
20230330:1010,696.53,929.82,45.28,16.59,2.83,0
20230330:1110,756.15,1029.16,50.48,17.82,3.17,0
20230330:1210,761.23,1040.66,51.51,18.67,3.31,0
20230330:1310,723.8,982.94,48.05,19.1,3.17,0
20230330:1410,602.14,792.04,41.08,18.91,3.17,0
20230330:1510,488.38,627.91,31.91,18.34,3.17,0
20230330:1610,238.54,309.41,21.54,17.34,2.9,0
20230330:1710,90.93,149.08,10.58,16.29,2.21,0
20230330:1810,0,0,0,15.26,1.38,0
20230330:1910,0,0,0,14.21,1.72,0
20230330:2010,0,0,0,13.4,1.79,0
20230330:2110,0,0,0,12.88,1.93,0
20230330:2210,0,0,0,12.38,2.14,0
20230330:2310,0,0,0,12.01,2.28,0
20230331:0010,0,0,0,11.86,2.21,0
20230331:0110,0,0,0,11.72,2.07,0
20230331:0210,0,0,0,11.76,1.93,0
20230331:0310,0,0,0,11.77,1.66,0
20230331:0410,0,0,0,11.68,1.72,0
20230331:0510,0,0,0,11.62,2.14,0
20230331:0610,8.27,20.81,5.92,11.29,1.86,0
20230331:0710,184.62,246.64,17,12.4,1.38,0
20230331:0810,413.77,527.04,27.71,14.3,1.59,0
20230331:0910,579.27,757.38,37.53,15.96,2,0
20230331:1010,687.23,922,45.66,17.27,2.62,0
20230331:1110,735.45,1008.41,50.88,17.76,2.48,0
20230331:1210,704.64,965.15,51.89,18.63,2.41,0
20230331:1310,516.87,667.92,48.38,18.39,3.52,0
20230331:1410,612.35,796.15,41.35,17.56,3.59,0
20230331:1510,357.33,451.95,32.15,16.56,2.76,0
20230331:1610,150.01,198.29,21.75,16.22,2.28,0
20230331:1710,53.13,83.85,10.79,15.79,2,0
20230331:1810,0,0,0,15.13,1.79,0
20230331:1910,0,0,0,14.32,1.59,0
20230331:2010,0,0,0,13.74,1.52,0
20230331:2110,0,0,0,12.81,1.03,0
20230331:2210,0,0,0,12.38,1.1,0
20230331:2310,0,0,0,11.99,1.59,0
20230401:0010,0,0,0,10.77,1.59,0
20230401:0110,0,0,0,10.02,1.31,0
20230401:0210,0,0,0,9.34,1.24,0
20230401:0310,0,0,0,9.09,1.31,0
20230401:0410,0,0,0,8.96,1.24,0
20230401:0510,0,0,0,9.49,0.9,0
20230401:0610,14.73,31.01,6.24,10.33,0.55,0
20230401:0710,17.56,34.06,17.32,10.85,0.83,0
20230401:0810,148.75,192.1,28.04,10.94,1.1,0
20230401:0910,207.28,261.89,37.88,11.28,1.31,0
20230401:1010,641.17,841.51,46.04,10.79,1.24,0
20230401:1110,740.39,1006.54,51.27,11.21,1.24,0
20230401:1210,683.36,925.87,52.27,12.02,0.9,0
20230401:1310,252.86,321.27,48.71,13.43,1.03,0
20230401:1410,47.27,72.84,41.63,14.62,1.86,0
20230401:1510,134.46,176.72,32.39,13.61,2.34,0
20230401:1610,22.98,41.62,21.96,13.2,2.34,0
20230401:1710,13.34,28.38,10.99,12.58,2.14,0
20230401:1810,0,0,0,11.33,2.41,0
20230401:1910,0,0,0,11.24,2,0
20230401:2010,0,0,0,10.73,1.24,0
20230401:2110,0,0,0,10.13,0.69,0
20230401:2210,0,0,0,9.33,0.97,0
20230401:2310,0,0,0,8.03,1.31,0
20230402:0010,0,0,0,7.34,1.1,0
20230402:0110,0,0,0,6.78,1.1,0
20230402:0210,0,0,0,5.62,1.31,0
20230402:0310,0,0,0,5.1,1.45,0
20230402:0410,0,0,0,4.44,1.72,0
20230402:0510,0,0,0,3.97,2.07,0
20230402:0610,30.81,67.65,6.55,3.73,2.07,0
20230402:0710,233.12,303.72,17.64,7.85,2,0
20230402:0810,450.77,564.85,28.37,11.13,2.07,0
20230402:0910,618.51,791.74,38.23,12.92,2.9,0
20230402:1010,735.47,960.36,46.41,14.75,4.14,0
20230402:1110,786.3,1042.54,51.66,16.03,4.55,0
20230402:1210,828.25,1101.61,52.65,17.1,5.45,0
20230402:1310,784.43,1023.14,49.04,17.38,6.28,0
20230402:1410,588.3,742.24,41.91,17.23,6.34,0
20230402:1510,522,654.65,32.62,17.23,6.07,0
20230402:1610,323.54,414.08,22.17,16.83,5.38,0
20230402:1710,96.02,155.67,11.19,15.95,4.21,0
20230402:1810,0,0,0,14.43,4,0
20230402:1910,0,0,0,12.92,4.21,0
20230402:2010,0,0,0,11.96,4.34,0
20230402:2110,0,0,0,11.24,4.14,0
20230402:2210,0,0,0,10.82,3.86,0
20230402:2310,0,0,0,10.24,3.31,0
20230403:0010,0,0,0,9.75,3.1,0
20230403:0110,0,0,0,9.21,3.03,0
20230403:0210,0,0,0,8.74,3.03,0
20230403:0310,0,0,0,8.34,3.03,0
20230403:0410,0,0,0,8.03,3.1,0
20230403:0510,0,0,0,7.76,3.31,0
20230403:0610,32.12,68.95,6.87,7.72,3.38,0
20230403:0710,192.8,249.97,17.96,9.77,3.66,0
20230403:0810,448.7,552.28,28.7,11.79,4.55,0
20230403:0910,615.96,771.64,38.58,13.39,4.97,0
20230403:1010,724.04,928.57,46.79,14.75,5.38,0
20230403:1110,749.72,976.04,52.06,15.88,5.31,0
20230403:1210,824.1,1098.03,53.02,16.71,5.1,0
20230403:1310,769.24,1012.61,49.37,17.31,5.24,0
20230403:1410,676.43,873,42.18,17.34,5.17,0
20230403:1510,522.28,662.75,32.85,17.21,4.48,0
20230403:1610,318.43,410.28,22.38,16.26,3.38,0
20230403:1710,97.79,158.85,11.38,15.53,2.21,0
20230403:1810,0,0,0,14.26,1.93,0
20230403:1910,0,0,0,13.33,2.28,0
20230403:2010,0,0,0,12.09,2.41,0
20230403:2110,0,0,0,10.96,2.34,0
20230403:2210,0,0,0,9.94,2.21,0
20230403:2310,0,0,0,9.09,2.07,0
20230404:0010,0,0,0,8.31,2.07,0
20230404:0110,0,0,0,7.79,2.14,0
20230404:0210,0,0,0,7.58,2,0
20230404:0310,0,0,0,7,1.86,0
20230404:0410,0,0,0,6.54,1.93,0
20230404:0510,0,0,0,6.44,2.07,0
20230404:0610,34.39,73.8,7.18,6.51,2.14,0
20230404:0710,242.04,315.7,18.27,8.24,1.52,0
20230404:0810,456.08,569.31,29.03,10.98,2.41,0
20230404:0910,624.54,792.72,38.93,12.44,3.45,0
20230404:1010,743.89,963.88,47.16,13.37,4.28,0
20230404:1110,810.91,1062.79,52.45,14.1,4.97,0
20230404:1210,838.62,1104.71,53.39,14.69,5.31,0
20230404:1310,786.76,1023.75,49.69,14.79,5.31,0
20230404:1410,684.42,873.2,42.45,14.95,5.17,0
20230404:1510,534.21,667.39,33.09,14.54,4.9,0
20230404:1610,322.98,408.99,22.59,13.67,4.28,0
20230404:1710,101.01,160.83,11.58,12.61,3.17,0
20230404:1810,0,0,0,11.67,1.59,0
20230404:1910,0,0,0,10.84,1.52,0
20230404:2010,0,0,0,9.58,1.38,0
20230404:2110,0,0,0,8.46,1.45,0
20230404:2210,0,0,0,7.52,1.59,0
20230404:2310,0,0,0,6.8,1.72,0
20230405:0010,0,0,0,6.07,1.79,0
20230405:0110,0,0,0,5.56,1.79,0
20230405:0210,0,0,0,5.08,1.79,0
20230405:0310,0,0,0,4.66,1.72,0
20230405:0410,0,0,0,4.4,1.72,0
20230405:0510,0,0,0,4.25,1.72,0
20230405:0610,37.31,76.69,7.49,4.46,1.66,0
20230405:0710,239.75,311.29,18.58,7.15,0.97,0
20230405:0810,442.7,566.42,29.35,11.38,0.41,0
20230405:0910,597.49,791.02,39.28,12.98,0.76,0
20230405:1010,704.32,961.69,47.54,14.32,1.31,0
20230405:1110,765.49,1064.87,52.83,15.31,1.72,0
20230405:1210,782.27,1094.32,53.76,15.77,1.86,0
20230405:1310,730.9,1020.17,50.01,16.43,1.38,0
20230405:1410,649.85,874.1,42.72,16.51,1.72,0
20230405:1510,504.58,649.44,33.31,16.2,2.34,0
20230405:1610,313.91,405.39,22.8,15.8,2.55,0
20230405:1710,99.46,159.78,11.78,14.87,2.69,0
20230405:1810,0,0,0,13.79,2,0
20230405:1910,0,0,0,12.56,1.79,0
20230405:2010,0,0,0,11.48,1.79,0
20230405:2110,0,0,0,10.5,1.79,0
20230405:2210,0,0,0,9.38,1.79,0
20230405:2310,0,0,0,8.33,1.86,0
20230406:0010,0,0,0,7.67,1.86,0
20230406:0110,0,0,0,7.24,1.86,0
20230406:0210,0,0,0,6.87,1.79,0
20230406:0310,0,0,0,6.66,1.66,0
20230406:0410,0,0,0,6.67,1.52,0
20230406:0510,0,0,0,6.55,1.52,0
20230406:0610,34.63,61.28,7.8,6.69,1.45,0
20230406:0710,170.6,221.57,18.9,8.59,0.69,0
20230406:0810,179.44,231.07,29.68,12.41,0.14,0
20230406:0910,481.26,622.34,39.62,14.05,0.9,0
20230406:1010,626.49,840.36,47.91,14.99,1.24,0
20230406:1110,653.37,882.52,53.22,15.41,1.52,0
20230406:1210,769.39,1063.51,54.13,15.55,2.07,0
20230406:1310,735.45,990.85,50.33,15.42,2.62,0
20230406:1410,588.88,759.13,42.99,14.56,2.76,0
20230406:1510,362.13,455.83,33.54,14.84,2.41,0
20230406:1610,274.51,353.03,23,14.69,1.93,0
20230406:1710,98.07,156.86,11.98,14.29,2.07,0
20230406:1810,0,0,0,13.56,1.93,0
20230406:1910,0,0,0,13.43,2.28,0
20230406:2010,0,0,0,12.28,2.14,0
20230406:2110,0,0,0,11.04,2.07,0
20230406:2210,0,0,0,9.77,2.07,0
20230406:2310,0,0,0,8.82,2,0
20230407:0010,0,0,0,8.12,2,0
20230407:0110,0,0,0,7.52,1.93,0
20230407:0210,0,0,0,7.02,2,0
20230407:0310,0,0,0,6.79,2,0
20230407:0410,0,0,0,6.61,2.07,0
20230407:0510,0,0,0,6.44,2,0
20230407:0610,41.03,82.73,8.1,6.66,1.86,0
20230407:0710,230.17,301.03,19.2,9.72,1.1,0
20230407:0810,436.01,564.77,30,14.43,0.55,0
20230407:0910,578.72,778.14,39.96,16.6,0.76,0
20230407:1010,678.62,949.98,48.27,17.93,0.9,0
20230407:1110,731.54,1044.79,53.6,18.82,1.17,0
20230407:1210,738.06,1060.52,54.5,19.59,1.24,0
20230407:1310,707.89,998.94,50.65,20.06,1.52,0
20230407:1410,631.51,855.69,43.25,19.82,2.07,0
20230407:1510,399.07,515.08,33.77,19.51,2.48,0
20230407:1610,301.01,394.14,23.21,18.72,2.55,0
20230407:1710,96.06,156.03,12.17,17.72,2.14,0
20230407:1810,0,0,0,16.51,1.38,0
20230407:1910,0,0,0,15.66,1.72,0
20230407:2010,0,0,0,14.14,1.66,0
20230407:2110,0,0,0,13.42,1.86,0
20230407:2210,0,0,0,12.43,1.93,0
20230407:2310,0,0,0,11.54,1.86,0
20230408:0010,0,0,0,11.45,2.14,0
20230408:0110,0,0,0,11.63,3.1,0
20230408:0210,0,0,0,11.11,2.97,0
20230408:0310,0,0,0,10.41,2.55,0
20230408:0410,0,0,0,9.81,2.34,0
20230408:0510,0,0,0,9.35,2.34,0
20230408:0610,42.2,83.45,8.41,9.15,2.28,0
20230408:0710,244.61,319.56,19.51,10.79,2.28,0
20230408:0810,457.74,569.75,30.31,12.5,3.52,0
20230408:0910,623.55,792.09,40.3,13.57,3.86,0
20230408:1010,733.75,958.73,48.64,14.54,4,0
20230408:1110,794.37,1060.16,53.99,15.3,4,0
20230408:1210,796.89,1069.09,54.87,15.78,3.93,0
20230408:1310,757.68,1007.47,50.96,16.03,3.86,0
20230408:1410,658.98,857.72,43.51,16.31,3.72,0
20230408:1510,511.74,652.75,33.99,16.23,3.24,0
20230408:1610,313.27,405.72,23.41,15.86,2.21,0
20230408:1710,98.8,159.04,12.36,15.34,1.24,0
20230408:1810,0,0,0,14.62,0.41,0
20230408:1910,0,0,0,12.67,1.03,0
20230408:2010,0,0,0,11.32,1.31,0
20230408:2110,0,0,0,10.49,1.79,0
20230408:2210,0,0,0,9.69,2,0
20230408:2310,0,0,0,8.39,2,0
20230409:0010,0,0,0,7.45,1.93,0
20230409:0110,0,0,0,6.85,1.93,0
20230409:0210,0,0,0,6.46,1.93,0
20230409:0310,0,0,0,6.19,1.93,0
20230409:0410,0,0,0,5.96,1.86,0
20230409:0510,0,0,0,5.8,1.79,0
20230409:0610,27.38,46.85,8.71,6.33,1.45,0
20230409:0710,237.92,310.89,19.82,9.48,0.62,0
20230409:0810,319.64,408.51,30.63,14.16,0.34,0
20230409:0910,393.25,504.05,40.64,16.04,1.45,0
20230409:1010,332.45,426.25,49,17.38,2.07,0
20230409:1110,379.2,488.57,54.37,18.44,2.55,0
20230409:1210,491.67,639.98,55.23,19.06,3.1,0
20230409:1310,567.29,745.48,51.28,19.45,3.38,0
20230409:1410,635.44,841.1,43.77,19.43,3.45,0
20230409:1510,419.46,536.99,34.21,19,3.38,0
20230409:1610,309.91,404.74,23.61,18.35,2.76,0
20230409:1710,95.02,151.13,12.56,17.61,2,0
20230409:1810,0,0,0,16.55,1.52,0
20230409:1910,0,0,0,14.61,1.93,0
20230409:2010,0,0,0,13.31,1.93,0
20230409:2110,0,0,0,12.22,1.93,0
20230409:2210,0,0,0,11.28,1.93,0
20230409:2310,0,0,0,10.45,1.93,0
20230410:0010,0,0,0,9.81,2,0
20230410:0110,0,0,0,9.35,2,0
20230410:0210,0,0,0,8.86,2.07,0
20230410:0310,0,0,0,8.51,2.07,0
20230410:0410,0,0,0,8.24,2.07,0
20230410:0510,0,0,0,8.15,2.07,0
20230410:0610,34.55,57.95,9.01,8.83,1.79,0
20230410:0710,204.64,267.92,20.12,11.81,1.03,0
20230410:0810,246.68,318.21,30.94,16.81,0.9,0
20230410:0910,263.92,341.24,40.97,18.54,1.66,0
20230410:1010,274.49,355.52,49.36,19.46,2.28,0
20230410:1110,712.18,987.32,54.74,20.13,2.41,0
20230410:1210,631.3,858.58,55.59,20.62,2.48,0
20230410:1310,671.07,923.46,51.59,21.07,2.41,0
20230410:1410,376.23,490.58,44.03,21.2,2.34,0
20230410:1510,294.05,381.27,34.43,20.91,2.48,0
20230410:1610,106.41,147.77,23.81,20.41,2.76,0
20230410:1710,13.45,29.33,12.75,19.93,2.48,0
20230410:1810,0,0.91,1.66,18.7,1.86,0
20230410:1910,0,0,0,16.55,0.83,0
20230410:2010,0,0,0,15.68,1.03,0
20230410:2110,0,0,0,14.67,1.45,0
20230410:2210,0,0,0,13.82,1.66,0
20230410:2310,0,0,0,13.12,1.79,0
20230411:0010,0,0,0,12.5,1.66,0
20230411:0110,0,0,0,12.35,1.38,0
20230411:0210,0,0,0,12.9,1.24,0
20230411:0310,0,0,0,13.92,0.97,0
20230411:0410,0,0,0,14.46,0.55,0
20230411:0510,0,0,0,14.32,0.55,0
20230411:0610,46.87,88.2,9.31,14.14,0.62,0
20230411:0710,221.68,292.31,20.42,12.77,0.9,0
20230411:0810,388.68,504.77,31.25,16.49,0.55,0
20230411:0910,561.68,747.25,41.3,18.31,1.59,0
20230411:1010,658.18,890.19,49.72,19.43,2.55,0
20230411:1110,711.9,977.43,55.12,20.22,2.9,0
20230411:1210,737.66,1030.62,55.95,20.7,2.55,0
20230411:1310,699.25,970.48,51.89,21.07,2.34,0
20230411:1410,513.57,676.28,44.28,21.72,3.17,0
20230411:1510,187.72,247.22,34.65,21.56,4.28,0
20230411:1610,152.84,204.38,24.01,20.44,4.21,0
20230411:1710,51.91,81.15,12.94,18.98,3.59,0
20230411:1810,0,1.81,1.86,17.62,2.28,0
20230411:1910,0,0,0,16.34,1.38,0
20230411:2010,0,0,0,15.18,1.17,0
20230411:2110,0,0,0,14.11,1.38,0
20230411:2210,0,0,0,13.1,1.38,0
20230411:2310,0,0,0,12.34,1.45,0
20230412:0010,0,0,0,11.74,1.52,0
20230412:0110,0,0,0,11.19,1.59,0
20230412:0210,0,0,0,10.68,1.59,0
20230412:0310,0,0,0,10.19,1.59,0
20230412:0410,0,0,0,9.81,1.59,0
20230412:0510,0,0,0,9.52,1.52,0
20230412:0610,48.45,81.7,9.6,9.59,1.24,0
20230412:0710,247.4,327.52,20.71,13.19,1.1,0
20230412:0810,436.81,569.77,31.56,16.4,0.76,0
20230412:0910,570.82,780.71,41.63,18.49,0.41,0
20230412:1010,676.93,953,50.07,20.1,1.17,0
20230412:1110,752.11,1052.6,55.49,20.75,2.69,0
20230412:1210,767.35,1052.52,56.3,20.71,3.93,0
20230412:1310,734.71,984.43,52.2,20.39,4.69,0
20230412:1410,625.26,810.73,44.54,19.71,5.17,0
20230412:1510,374.36,471.96,34.87,18.39,5.03,0
20230412:1610,88.24,123.17,24.2,17.02,5.45,0
20230412:1710,85.02,127.54,13.13,14.79,5.17,0
20230412:1810,0,2.72,2.06,13.49,4,0
20230412:1910,0,0,0,12.85,3.72,0
20230412:2010,0,0,0,11.82,3.93,0
20230412:2110,0,0,0,11.26,3.93,0
20230412:2210,0,0,0,10.99,3.38,0
20230412:2310,0,0,0,10.3,3.24,0
20230413:0010,0,0,0,9.7,3.17,0
20230413:0110,0,0,0,9.05,3.03,0
20230413:0210,0,0,0,8.41,2.76,0
20230413:0310,0,0,0,7.78,2.28,0
20230413:0410,0,0,0,7.49,1.45,0
20230413:0510,0,0,0,7.08,0.83,0
20230413:0610,54.26,102.82,9.89,7.23,0.97,0
20230413:0710,239.99,311.53,21,8.83,0.21,0
20230413:0810,460.9,580.97,31.86,9.52,0.9,0
20230413:0910,596.22,770.58,41.95,10.12,1.1,0
20230413:1010,705.76,927.9,50.42,10.71,2,0
20230413:1110,343.09,426.06,55.86,10.68,2.21,0
20230413:1210,48.81,73.79,56.66,11.36,1.59,0
20230413:1310,659.39,873.05,52.5,11.48,1.38,0
20230413:1410,477.08,600.28,44.79,11.14,1.86,0
20230413:1510,292.39,361.58,35.08,11.03,2.62,0
20230413:1610,314.16,396.28,24.4,11.1,2.62,0
20230413:1710,78.46,114.72,13.32,11.05,1.86,0
20230413:1810,0,0.91,2.25,10.71,1.17,0
20230413:1910,0,0,0,9.95,1.45,0
20230413:2010,0,0,0,9.18,1.45,0
20230413:2110,0,0,0,8.61,1.66,0
20230413:2210,0,0,0,8.14,1.38,0
20230413:2310,0,0,0,7.25,1.31,0
20230414:0010,0,0,0,6.67,1.59,0
20230414:0110,0,0,0,6.56,2,0
20230414:0210,0,0,0,6.66,2,0
20230414:0310,0,0,0,6.77,1.79,0
20230414:0410,0,0,0,6.93,1.66,0
20230414:0510,0,0,0,7.1,1.52,0
20230414:0610,55.38,98.82,10.18,7.49,1.17,0
20230414:0710,264.73,344.4,21.29,9.48,0.97,0
20230414:0810,454.3,575.41,32.16,11.05,1.03,0
20230414:0910,616.19,794.94,42.27,12.92,2.34,0
20230414:1010,559.76,721.11,50.77,14.65,2.69,0
20230414:1110,734.29,997.55,56.23,16.28,2.55,0
20230414:1210,741.14,1036.04,57.01,17.66,1.79,0
20230414:1310,695.04,974.9,52.8,18.67,1.24,0
20230414:1410,154.45,205.28,45.04,18.7,2.21,0
20230414:1510,464.51,591.14,35.3,17.2,3.45,0
20230414:1610,303.87,390.22,24.59,15.44,3.1,0
20230414:1710,79.81,118.74,13.51,14.52,1.72,0
20230414:1810,0,4.53,2.44,13.71,0.9,0
20230414:1910,0,0,0,12.97,1.45,0
20230414:2010,0,0,0,11.95,1.24,0
20230414:2110,0,0,0,11.02,1.17,0
20230414:2210,0,0,0,10.07,1.17,0
20230414:2310,0,0,0,9.26,1.31,0
20230415:0010,0,0,0,8.56,1.45,0
20230415:0110,0,0,0,8.1,1.72,0
20230415:0210,0,0,0,8.14,1.86,0
20230415:0310,0,0,0,7.79,1.93,0
20230415:0410,0,0,0,7.49,1.93,0
20230415:0510,0,0,0,7.39,1.72,0
20230415:0610,55.34,89.59,10.47,7.65,1.24,0
20230415:0710,238.1,310.74,21.58,11.13,0.62,0
20230415:0810,448.9,575.64,32.46,13.2,0.9,0
20230415:0910,569.46,749.14,42.59,14.53,1.17,0
20230415:1010,656.03,887.26,51.11,15.65,1.45,0
20230415:1110,748.06,1018.02,56.59,15.92,2.55,0
20230415:1210,775.28,1043.53,57.35,16.22,3.59,0
20230415:1310,299.83,377.39,53.1,16.09,4.55,0
20230415:1410,586.34,747.41,45.28,15.89,4.34,0
20230415:1510,514.15,648.52,35.51,16.62,4.76,0
20230415:1610,151.72,198.96,24.78,16.71,5.66,0
20230415:1710,107.31,172.61,13.7,16.48,5.93,0
20230415:1810,1.81,9.96,2.64,15.34,5.66,0
20230415:1910,0,0,0,13.74,5.86,0
20230415:2010,0,0,0,12.84,5.79,0
20230415:2110,0,0,0,12.11,5.31,0
20230415:2210,0,0,0,11.65,4.97,0
20230415:2310,0,0,0,11.19,4.21,0
20230416:0010,0,0,0,10.47,3.38,0
20230416:0110,0,0,0,9.56,3.1,0
20230416:0210,0,0,0,8.88,3.17,0
20230416:0310,0,0,0,8.42,3.17,0
20230416:0410,0,0,0,7.98,3.1,0
20230416:0510,0,0,0,7.49,2.9,0
20230416:0610,61.65,114.96,10.75,7.68,2.69,0
20230416:0710,272.32,352.31,21.86,10.75,2.34,0
20230416:0810,472.03,594.76,32.75,13.73,2.97,0
20230416:0910,600.33,771.88,42.9,15.98,3.72,0
20230416:1010,719.34,950.48,51.45,17.68,4.34,0
20230416:1110,783.1,1047.11,56.95,18.76,5.1,0
20230416:1210,792.44,1057.68,57.7,19.63,5.79,0
20230416:1310,492.11,629.12,53.39,20.09,5.93,0
20230416:1410,515.8,660.87,45.52,20.36,5.66,0
20230416:1510,518.32,663.93,35.72,20.23,5.31,0
20230416:1610,323.43,420.44,24.98,19.48,4.83,0
20230416:1710,107.61,173.27,13.89,18.26,4.14,0
20230416:1810,2.23,10.86,2.83,16.73,3.38,0
20230416:1910,0,0,0,15.12,2.62,0
20230416:2010,0,0,0,13.83,2.41,0
20230416:2110,0,0,0,12.91,2.62,0
20230416:2210,0,0,0,12.19,2.76,0
20230416:2310,0,0,0,11.45,2.76,0
20230417:0010,0,0,0,10.56,2.69,0
20230417:0110,0,0,0,9.54,2.48,0
20230417:0210,0,0,0,8.69,2.28,0
20230417:0310,0,0,0,8.11,2.21,0
20230417:0410,0,0,0,7.79,2.21,0
20230417:0510,0,0,0,7.75,2.34,0
20230417:0610,62.75,115.55,11.03,8.15,2.28,0
20230417:0710,268.59,348.1,22.14,10.79,1.86,0
20230417:0810,471.61,593.06,33.04,13.53,3.03,0
20230417:0910,635.12,818.37,43.21,15.1,3.59,0
20230417:1010,736.79,981.17,51.79,16.47,3.59,0
20230417:1110,788.96,1079.03,57.31,17.59,3.38,0
20230417:1210,782.45,1078.06,58.04,18.57,3.24,0
20230417:1310,699.1,940.4,53.68,19.04,3.45,0
20230417:1410,638.87,843.81,45.76,19.06,3.52,0
20230417:1510,505.43,654.85,35.92,19.28,3.24,0
20230417:1610,274.87,358.73,25.17,18.95,2.9,0
20230417:1710,15.59,32.16,14.07,17.88,2.62,0
20230417:1810,0.22,6.34,3.02,16.75,2.14,0
20230417:1910,0,0,0,14.83,0.48,0
20230417:2010,0,0,0,14.77,0.21,0
20230417:2110,0,0,0,13.39,1.31,0
20230417:2210,0,0,0,12.83,1.86,0
20230417:2310,0,0,0,12.25,2,0
20230418:0010,0,0,0,11.8,1.93,0
20230418:0110,0,0,0,11.04,1.93,0
20230418:0210,0,0,0,10.35,1.93,0
20230418:0310,0,0,0,9.65,1.79,0
20230418:0410,0,0,0,9.43,1.59,0
20230418:0510,0,0,0,9.39,1.45,0
20230418:0610,37.4,59.95,11.3,9.81,1.1,0
20230418:0710,176.19,228.97,22.42,11.82,0.97,0
20230418:0810,323.96,411.61,33.32,13.63,0.69,0
20230418:0910,121.41,162.71,43.51,14.46,0.62,0
20230418:1010,88.89,123.92,52.12,15.08,0.55,0
20230418:1110,142.57,189.2,57.66,15.55,0.55,0
20230418:1210,214.15,277.5,58.38,15.92,0.76,0
20230418:1310,580.8,783.74,53.97,16.57,0.9,0
20230418:1410,51.15,78.52,46,17.25,1.31,0
20230418:1510,55.72,84.19,36.13,17.39,1.79,0
20230418:1610,209.1,272.22,25.35,16.98,2.07,0
20230418:1710,74.32,110.17,14.26,16.49,2.34,0
20230418:1810,0.58,7.24,3.22,15.44,2.41,0
20230418:1910,0,0,0,14.41,1.72,0
20230418:2010,0,0,0,13.28,1.72,0
20230418:2110,0,0,0,12.17,1.79,0
20230418:2210,0,0,0,11.25,1.86,0
20230418:2310,0,0,0,10.41,1.66,0
20230419:0010,0,0,0,9.48,1.66,0
20230419:0110,0,0,0,8.69,1.59,0
20230419:0210,0,0,0,8.08,1.59,0
20230419:0310,0,0,0,7.55,1.59,0
20230419:0410,0,0,0,7.13,1.52,0
20230419:0510,0,0,0,6.75,1.52,0
20230419:0610,66.45,118.37,11.57,7.45,1.17,0
20230419:0710,266.16,349.12,22.69,11.87,0.62,0
20230419:0810,451.11,584.88,33.6,14.67,0.69,0
20230419:0910,608.39,812.9,43.81,16.53,1.45,0
20230419:1010,707.37,974.03,52.45,17.97,1.93,0
20230419:1110,765.28,1070.37,58.02,18.95,2.41,0
20230419:1210,764.14,1074.52,58.72,19.79,2.41,0
20230419:1310,725.33,998.93,54.26,20.35,2.9,0
20230419:1410,643.47,859.66,46.24,20.44,3.31,0
20230419:1510,506.22,653.17,36.33,19.89,4,0
20230419:1610,314.56,409.27,25.54,19.03,4.14,0
20230419:1710,103.73,162.27,14.44,18.01,3.52,0
20230419:1810,3.67,13.58,3.41,16.92,2.55,0
20230419:1910,0,0,0,15.33,2.28,0
20230419:2010,0,0,0,14.2,2.21,0
20230419:2110,0,0,0,13.19,2.14,0
20230419:2210,0,0,0,12.3,2.14,0
20230419:2310,0,0,0,11.56,2.14,0
20230420:0010,0,0,0,10.98,2.14,0
20230420:0110,0,0,0,10.47,2.07,0
20230420:0210,0,0,0,9.96,2.07,0
20230420:0310,0,0,0,9.45,2,0
20230420:0410,0,0,0,9.01,2,0
20230420:0510,0,0,0,8.65,2,0
20230420:0610,67.5,119.69,11.84,9.23,1.59,0
20230420:0710,265.66,348.18,22.96,12.75,1.17,0
20230420:0810,453.22,591.37,33.88,16.56,0.97,0
20230420:0910,601.01,803.35,44.11,18.47,1.93,0
20230420:1010,703.87,966.69,52.78,19.44,2.41,0
20230420:1110,758.97,1067.9,58.36,20.2,2.41,0
20230420:1210,751.27,1072.04,59.05,20.81,1.93,0
20230420:1310,693.1,984.07,54.54,21.22,1.38,0
20230420:1410,357.47,468.56,46.47,21.68,2,0
20230420:1510,391.96,510.37,36.53,21.5,2.69,0
20230420:1610,111.24,153.75,25.73,20.39,2.41,0
20230420:1710,54.57,83.72,14.62,18.57,2.14,0
20230420:1810,0,2.72,3.6,17.53,2.62,0
20230420:1910,0,0,0,15.97,2.76,0
20230420:2010,0,0,0,14.75,2.48,0
20230420:2110,0,0,0,13.69,2.34,0
20230420:2210,0,0,0,12.81,2.34,0
20230420:2310,0,0,0,11.9,2.48,0
20230421:0010,0,0,0,11.19,2.62,0
20230421:0110,0,0,0,10.69,2.62,0
20230421:0210,0,0,0,10.22,2.62,0
20230421:0310,0,0,0,9.9,2.69,0
20230421:0410,0,0,0,9.78,2.76,0
20230421:0510,0,0,0,9.76,2.69,0
20230421:0610,59.4,90.37,12.11,10.69,2.34,0
20230421:0710,252.94,329.38,23.22,13.85,2.41,0
20230421:0810,446.28,563.59,34.16,15.66,3.45,0
20230421:0910,618.93,802.58,44.4,17.9,4.07,0
20230421:1010,724.69,965.69,53.1,19.27,4.41,0
20230421:1110,782.59,1059.33,58.71,20.51,4.9,0
20230421:1210,788.46,1068.54,59.38,21.44,5.31,0
20230421:1310,737.35,986.9,54.82,21.8,5.45,0
20230421:1410,646.5,845.39,46.7,21.9,5.86,0
20230421:1510,502.12,642.27,36.73,21.45,6.14,0
20230421:1610,306.11,398.04,25.91,20.59,5.93,0
20230421:1710,105.52,167.1,14.81,19.41,5.52,0
20230421:1810,6.27,18.1,3.79,18.03,4.9,0
20230421:1910,0,0,0,16.16,4.62,0
20230421:2010,0,0,0,15.04,3.93,0
20230421:2110,0,0,0,14.14,3.31,0
20230421:2210,0,0,0,13.32,2.9,0
20230421:2310,0,0,0,12.7,2.97,0
20230422:0010,0,0,0,12.42,3.03,0
20230422:0110,0,0,0,12.4,3.1,0
20230422:0210,0,0,0,12.6,3.31,0
20230422:0310,0,0,0,12.58,3.45,0
20230422:0410,0,0,0,12.53,3.45,0
20230422:0510,0,0,0,12.67,3.38,0
20230422:0610,66.89,104.79,12.37,13.07,3.24,0
20230422:0710,245.96,319.75,23.48,14.77,3.31,0
20230422:0810,456.63,576.63,34.42,16.18,3.86,0
20230422:0910,589.36,760.56,44.69,18.11,4.21,0
20230422:1010,677,892.06,53.41,19.48,4.69,0
20230422:1110,682.39,905.91,59.05,20.52,4.9,0
20230422:1210,704.75,940.6,59.71,20.85,4.97,0
20230422:1310,664.17,879.34,55.1,21.25,5.03,0
20230422:1410,228.21,296.36,46.93,21.21,5.1,0
20230422:1510,94.88,133.38,36.93,20.94,5.03,0
20230422:1610,221.71,289.37,26.1,20.18,4.9,0
20230422:1710,69.09,103.02,14.99,18.82,4.41,0
20230422:1810,5.2,16.29,3.98,17.71,3.86,0
20230422:1910,0,0,0,16.7,2.41,0
20230422:2010,0,0,0,15.81,1.52,0
20230422:2110,0,0,0,14.87,0.69,0
20230422:2210,0,0,0,14.2,1.72,0
20230422:2310,0,0,0,13.78,2.14,0
20230423:0010,0,0,0,13.38,2.07,0
20230423:0110,0,0,0,12.97,1.45,0
20230423:0210,0,0,0,12.34,1.17,0
20230423:0310,0,0,0,11.81,1.31,0
20230423:0410,0,0,0,11.16,1.38,0
20230423:0510,0,0.91,1.69,10.55,1.31,0
20230423:0610,72.14,120.52,12.62,11.22,0.83,0
20230423:0710,266.23,351.57,23.74,14.12,0.76,0
20230423:0810,450.61,584.37,34.69,15.75,1.03,0
20230423:0910,569.96,755.03,44.97,17.69,1.79,0
20230423:1010,670.73,931.44,53.73,19.61,1.52,0
20230423:1110,618.28,856.16,59.39,21.08,1.52,0
20230423:1210,603,822.02,60.03,21.49,2.28,0
20230423:1310,640.98,883.46,55.37,22.16,2.28,0
20230423:1410,603.3,814.03,47.16,22.25,2.76,0
20230423:1510,252.18,329.73,37.13,22.27,3.03,0
20230423:1610,199.37,266.96,26.28,21.7,1.17,0
20230423:1710,106.13,169.68,15.17,19.64,3.24,0
20230423:1810,7.43,19.91,4.16,17.01,3.66,0
20230423:1910,0,0,0,14.72,1.66,0
20230423:2010,0,0,0,14.56,1.24,0
20230423:2110,0,0,0,14.33,0.34,0
20230423:2210,0,0,0,13.93,0.48,0
20230423:2310,0,0,0,13.14,0.9,0
20230424:0010,0,0,0,12.56,1.45,0
20230424:0110,0,0,0,11.75,1.38,0
20230424:0210,0,0,0,11,1.66,0
20230424:0310,0,0,0,10.76,1.59,0
20230424:0410,0,0,0,10.45,1.38,0
20230424:0510,0,1.81,1.95,10.38,1.17,0
20230424:0610,57.36,86.5,12.88,10.98,0.9,0
20230424:0710,205.51,268.65,23.99,14.05,0.69,0
20230424:0810,219.42,282.73,34.95,15.59,0.9,0
20230424:0910,257.04,331.48,45.25,17.06,1.24,0
20230424:1010,625.09,834.46,54.04,17.51,2.28,0
20230424:1110,642.27,862.24,59.72,17.92,2.48,0
20230424:1210,390.48,504.9,60.35,18.43,2.34,0
20230424:1310,402.43,518.37,55.64,18.87,3.03,0
20230424:1410,75.25,108.79,47.38,19.1,2.9,0
20230424:1510,146.56,195.27,37.32,18.96,3.17,0
20230424:1610,89.73,125.9,26.46,18.16,3.38,0
20230424:1710,39.16,63.38,15.35,17.54,3.17,0
20230424:1810,0.57,7.24,4.35,16.63,2.21,0
20230424:1910,0,0,0,15.64,1.24,0
20230424:2010,0,0,0,15.14,0.9,0
20230424:2110,0,0,0,14.17,1.24,0
20230424:2210,0,0,0,13.46,1.52,0
20230424:2310,0,0,0,12.98,1.66,0
20230425:0010,0,0,0,12.46,1.52,0
20230425:0110,0,0,0,11.9,1.38,0
20230425:0210,0,0,0,11.46,1.24,0
20230425:0310,0,0,0,11.24,1.38,0
20230425:0410,0,0,0,11.54,1.38,0
20230425:0510,0,2.72,2.21,11.99,1.38,0
20230425:0610,53.65,81.81,13.12,12.71,1.03,0
20230425:0710,243.69,320.51,24.24,14.32,0.55,0
20230425:0810,339.59,438.11,35.2,16.08,0.48,0
20230425:0910,587.39,789.52,45.53,16.9,0.97,0
20230425:1010,696.81,958.97,54.34,18,1.79,0
20230425:1110,627.73,838.74,60.05,18.33,2.69,0
20230425:1210,724.23,983.75,60.67,18.72,3.17,0
20230425:1310,680.29,912.64,55.91,18.58,3.1,0
20230425:1410,526.52,689.3,47.6,19.14,2.69,0
20230425:1510,396.31,509.37,37.52,18.8,2.62,0
20230425:1610,213.71,278.36,26.64,17.89,2.76,0
20230425:1710,10.47,24.6,15.52,16.75,1.66,0
20230425:1810,9.19,22.63,4.54,16.26,0.76,0
20230425:1910,0,0,0,15.62,0.97,0
20230425:2010,0,0,0,14.73,0.62,0
20230425:2110,0,0,0,13.7,1.31,0
20230425:2210,0,0,0,12.82,1.38,0
20230425:2310,0,0,0,12.16,1.31,0
20230426:0010,0,0,0,11.48,1.38,0
20230426:0110,0,0,0,11.06,1.52,0
20230426:0210,0,0,0,11.03,1.45,0
20230426:0310,0,0,0,11.06,1.45,0
20230426:0410,0,0,0,11.18,1.31,0
20230426:0510,0,2.72,2.46,11.5,1.03,0
20230426:0610,75.86,126.76,13.37,12.75,0.48,0
20230426:0710,245.28,324.01,24.48,15.1,0.48,0
20230426:0810,440.05,572.63,35.46,16.46,0.9,0
20230426:0910,479.67,630.45,45.8,17.9,1.24,0
20230426:1010,608.31,821.32,54.64,18.75,1.79,0
20230426:1110,546.32,728.71,60.37,19.23,2,0
20230426:1210,502.2,662.38,60.98,20.01,2.55,0
20230426:1310,475.05,620.37,56.17,20.16,3.03,0
20230426:1410,392.54,510.33,47.82,21.15,2.9,0
20230426:1510,262.31,340.78,37.71,21.26,3.1,0
20230426:1610,203.51,269.29,26.82,20.96,2.83,0
20230426:1710,100.97,154.56,15.7,20.13,2.48,0
20230426:1810,9.05,22.63,4.72,19,1.86,0
20230426:1910,0,0,0,17.3,1.72,0
20230426:2010,0,0,0,16.76,1.45,0
20230426:2110,0,0,0,16.2,1.1,0
20230426:2210,0,0,0,15.86,1.17,0
20230426:2310,0,0,0,15.42,1.31,0
20230427:0010,0,0,0,14.93,1.38,0
20230427:0110,0,0,0,14.5,1.45,0
20230427:0210,0,0,0,13.91,1.52,0
20230427:0310,0,0,0,13.48,1.45,0
20230427:0410,0,0,0,13.13,1.45,0
20230427:0510,0,1.81,2.71,12.9,1.45,0
20230427:0610,74.89,116.41,13.61,13.51,0.9,0
20230427:0710,150.22,200.67,24.72,16.56,0.41,0
20230427:0810,370.21,484.48,35.7,18.13,0.41,0
20230427:0910,535.39,720.62,46.06,19.55,1.03,0
20230427:1010,440.84,584.52,54.93,20.94,1.59,0
20230427:1110,726.96,1032.27,60.69,22.09,2.07,0
20230427:1210,728.91,1033.96,61.29,23.33,2.48,0
20230427:1310,690.8,959.15,56.44,24.03,3.1,0
20230427:1410,549.79,736.74,48.04,24.32,3.38,0
20230427:1510,459.53,605.09,37.9,23.93,3.45,0
20230427:1610,195.43,261.4,26.99,23.05,2.97,0
20230427:1710,45.25,72.62,15.88,22.04,2.41,0
20230427:1810,0,3.62,4.91,20.78,2.28,0
20230427:1910,0,0,0,19.17,2.21,0
20230427:2010,0,0,0,18.13,2,0
20230427:2110,0,0,0,17.16,2.07,0
20230427:2210,0,0,0,16.34,2.07,0
20230427:2310,0,0,0,15.58,2.07,0
20230428:0010,0,0,0,14.92,2,0
20230428:0110,0,0,0,14.38,2,0
20230428:0210,0,0,0,13.98,1.93,0
20230428:0310,0,0,0,13.67,1.86,0
20230428:0410,0,0,0,13.38,1.93,0
20230428:0510,0,2.72,2.95,13.1,1.93,0
20230428:0610,79.94,130.62,13.84,13.94,1.45,0
20230428:0710,258.05,342.09,24.95,16.86,1.31,0
20230428:0810,380.72,494.15,35.94,19.54,1.93,0
20230428:0910,489.29,644.62,46.32,21.59,2.76,0
20230428:1010,613.55,830.72,55.22,23.39,3.38,0
20230428:1110,619.21,843.13,61.01,24.69,3.79,0
20230428:1210,629.59,856.22,61.59,25.46,4.41,0
20230428:1310,635.33,861.85,56.69,25.69,4.62,0
20230428:1410,404.84,531.19,48.25,25.4,4.76,0
20230428:1510,220.02,291.14,38.08,25.01,4.97,0
20230428:1610,211.27,281.15,27.17,24.04,4.97,0
20230428:1710,106.98,170.92,16.05,22.67,4.41,0
20230428:1810,8.38,21.72,5.09,21.04,3.52,0
20230428:1910,0,0,0,19.18,3.03,0
20230428:2010,0,0,0,18.33,2.48,0
20230428:2110,0,0,0,17.77,2.34,0
20230428:2210,0,0,0,17.23,1.93,0
20230428:2310,0,0,0,16.61,2,0
20230429:0010,0,0,0,15.96,1.86,0
20230429:0110,0,0,0,15.64,1.17,0
20230429:0210,0,0,0,15.22,0.9,0
20230429:0310,0,0,0,15.01,1.86,0
20230429:0410,0,0,0,14.71,2.76,0
20230429:0510,0,2.72,3.19,14.37,2.69,0
20230429:0610,65.14,97.45,14.07,14.62,2.76,0
20230429:0710,94.97,131.52,25.18,16.76,3.31,0
20230429:0810,449.34,575.35,36.18,17.98,3.17,0
20230429:0910,597.51,786.24,46.58,19.78,3.38,0
20230429:1010,690.46,929.39,55.51,21.33,4,0
20230429:1110,766.86,1047.26,61.32,22.34,4.76,0
20230429:1210,737.6,999.41,61.9,22.98,5.17,0
20230429:1310,687.16,920.87,56.95,22.98,5.1,0
20230429:1410,615.52,813.7,48.47,22.58,4.62,0
20230429:1510,464.88,604.32,38.27,21.99,3.86,0
20230429:1610,136.91,186.11,27.34,21.46,2.69,0
20230429:1710,90.75,134.61,16.23,20.68,2.07,0
20230429:1810,0,3.62,5.27,19.89,1.17,0
20230429:1910,0,0,0,17.81,0.55,0
20230429:2010,0,0,0,17.26,1.24,0
20230429:2110,0,0,0,16.66,1.45,0
20230429:2210,0,0,0,16.69,1.72,0
20230429:2310,0,0,0,16.54,1.72,0
20230430:0010,0,0,0,16.32,1.79,0
20230430:0110,0,0,0,16.34,1.72,0
20230430:0210,0,0,0,16.28,1.66,0
20230430:0310,0,0,0,16.11,1.66,0
20230430:0410,0,0,0,15.85,1.72,0
20230430:0510,2.25,10.86,3.42,15.6,1.52,0
20230430:0610,39.7,63.98,14.3,15.87,1.24,0
20230430:0710,121.71,164.72,25.41,17.46,2.34,0
20230430:0810,378.87,487.05,36.41,18.5,2.41,0
20230430:0910,587.74,782.29,46.83,19.72,2.41,0
20230430:1010,689.65,957.55,55.78,21.25,2.21,0
20230430:1110,728.02,1017.59,61.63,22,2.76,0
20230430:1210,705.71,986.04,62.2,22.16,2.55,0
20230430:1310,120.51,166.49,57.2,21.64,1.24,0
20230430:1410,65.14,97.44,48.67,21.16,1.24,0
20230430:1510,437.06,575.27,38.45,20.98,1.79,0
20230430:1610,29.08,51.08,27.52,20.57,1.03,0
20230430:1710,61.62,93.59,16.4,20.32,0.07,0
20230430:1810,13.19,28.96,5.45,19.92,0.41,0
20230430:1910,0,0,0,18.07,2,0
20230430:2010,0,0,0,17.21,1.93,0
20230430:2110,0,0,0,16.17,1.86,0
20230430:2210,0,0,0,15.13,2.07,0
20230430:2310,0,0,0,14.47,2,0
20230501:0010,0,0,0,13.86,1.93,0
20230501:0110,0,0,0,13.09,1.79,0
20230501:0210,0,0,0,12.6,1.86,0
20230501:0310,0,0,0,11.97,1.79,0
20230501:0410,0,0,0,11.56,1.93,0
20230501:0510,1.01,8.15,3.65,11.21,2.07,0
20230501:0610,85.67,144.52,14.52,12.53,1.79,0
20230501:0710,263.05,342.45,25.63,14.46,1.79,0
20230501:0810,478.35,616.89,36.64,15.72,1.79,0
20230501:0910,618.8,830.71,47.07,17.52,1.66,0
20230501:1010,704.74,981.04,56.06,19.3,1.79,0
20230501:1110,521.75,701.89,61.93,20.56,1.66,0
20230501:1210,214.35,283.11,62.49,21.41,2,0
20230501:1310,299.41,391.49,57.45,20.85,1.93,0
20230501:1410,618.89,863.09,48.88,20.08,0.69,0
20230501:1510,494.02,657.68,38.63,19.88,1.24,0
20230501:1610,314.94,419.26,27.69,19.88,1.38,0
20230501:1710,112.47,177.28,16.57,19.49,1.17,0
20230501:1810,10.84,25.34,5.64,18.75,1.17,0
20230501:1910,0,0,0,18.08,0.34,0
20230501:2010,0,0,0,17.2,0.69,0
20230501:2110,0,0,0,15.27,1.24,0
20230501:2210,0,0,0,13.85,1.59,0
20230501:2310,0,0,0,13.07,1.72,0
20230502:0010,0,0,0,12.54,1.93,0
20230502:0110,0,0,0,12.03,2.07,0
20230502:0210,0,0,0,11.68,2.14,0
20230502:0310,0,0,0,11.04,2.14,0
20230502:0410,0,0,0,10.71,2.07,0
20230502:0510,5.44,16.29,3.88,10.45,2.21,0
20230502:0610,89.22,152.42,14.74,11.47,1.66,0
20230502:0710,0,0,0,15.03,1.79,0
20230502:0810,487.15,627.13,36.86,17.03,2.69,0
20230502:0910,640.19,846.7,47.31,18.77,3.31,0
20230502:1010,742.35,998.44,56.33,20.2,4.48,0
20230502:1110,797.5,1089.97,62.23,21.4,4.9,0
20230502:1210,804.28,1109.44,62.78,22.43,4.83,0
20230502:1310,755.63,1035.51,57.69,22.92,4.55,0
20230502:1410,656.25,882.47,49.08,23.33,4.28,0
20230502:1510,509.59,673.17,38.81,23.59,3.72,0
20230502:1610,322.05,431.48,27.86,23.19,2.83,0
20230502:1710,117.23,191.45,16.74,22.26,2.07,0
20230502:1810,13.15,28.96,5.81,20.54,1.45,0
20230502:1910,0,0,0,18.69,1.86,0
20230502:2010,0,0,0,16.94,1.79,0
20230502:2110,0,0,0,15.69,1.93,0
20230502:2210,0,0,0,14.56,2.07,0
20230502:2310,0,0,0,13.29,1.93,0
20230503:0010,0,0,0,12.27,1.72,0
20230503:0110,0,0,0,11.59,1.59,0
20230503:0210,0,0,0,11.09,1.52,0
20230503:0310,0,0,0,11.03,1.59,0
20230503:0410,0,0,0,11.07,1.66,0
20230503:0510,7.1,19.01,4.1,11.11,1.72,0
20230503:0610,89.29,151.1,14.95,11.76,1.1,0
20230503:0710,288.08,384.6,26.05,16.36,0.41,0
20230503:0810,468.76,621.72,37.08,18.22,0.69,0
20230503:0910,611.26,834.02,47.54,19.58,1.38,0
20230503:1010,705.61,982.96,56.59,20.84,2.21,0
20230503:1110,762.74,1074.17,62.52,21.83,2.9,0
20230503:1210,775.83,1092.48,63.07,22.56,3.31,0
20230503:1310,723.83,997.74,57.94,23,3.72,0
20230503:1410,638.32,854.85,49.29,23.12,4.21,0
20230503:1510,500.66,652.57,38.99,22.74,4.55,0
20230503:1610,313.14,412.2,28.03,22.07,4.76,0
20230503:1710,115.84,183.52,16.91,21.06,4.62,0
20230503:1810,15.73,32.58,5.99,19.73,4.14,0
20230503:1910,0,0,0,17.98,3.52,0
20230503:2010,0,0,0,16.88,3.31,0
20230503:2110,0,0,0,15.91,3.1,0
20230503:2210,0,0,0,15.09,3.03,0
20230503:2310,0,0,0,14.52,3.17,0
20230504:0010,0,0,0,14.17,3.24,0
20230504:0110,0,0,0,13.87,3.24,0
20230504:0210,0,0,0,13.53,3.17,0
20230504:0310,0,0,0,13.33,3.24,0
20230504:0410,0,0,0,13.28,3.38,0
20230504:0510,0.24,6.34,4.32,13.29,3.45,0
20230504:0610,90.02,153.49,15.16,14.52,3.38,0
20230504:0710,287.92,377.05,26.26,17,3.52,0
20230504:0810,479.4,613.28,37.29,19.14,4.41,0
20230504:0910,618.91,809.06,47.77,20.67,4.76,0
20230504:1010,724.41,975.64,56.85,21.7,4.69,0
20230504:1110,775.12,1065.53,62.81,22.62,4.62,0
20230504:1210,776.87,1072.07,63.35,23.15,4.62,0
20230504:1310,725.54,989.26,58.17,23.49,4.62,0
20230504:1410,629.98,838.63,49.48,23.52,4.76,0
20230504:1510,494.71,643.85,39.17,23.14,4.9,0
20230504:1610,318.93,421.12,28.19,22.6,4.83,0
20230504:1710,114.44,177.05,17.08,21.48,4.48,0
20230504:1810,16.33,33.49,6.17,20.12,3.93,0
20230504:1910,0,0,0,18.65,2.69,0
20230504:2010,0,0,0,17.49,2.21,0
20230504:2110,0,0,0,16.53,1.86,0
20230504:2210,0,0,0,15.61,1.66,0
20230504:2310,0,0,0,14.79,1.45,0
20230505:0010,0,0,0,14.2,1.45,0
20230505:0110,0,0,0,13.48,1.52,0
20230505:0210,0,0,0,12.83,1.52,0
20230505:0310,0,0,0,12.28,1.52,0
20230505:0410,0,0,0,12.06,1.45,0
20230505:0510,5.39,16.29,4.53,11.63,1.45,0
20230505:0610,90.72,149.58,15.36,12.84,1.03,0
20230505:0710,279.31,370.54,26.46,17.14,1.31,0
20230505:0810,460.58,603.89,37.49,19.54,1.86,0
20230505:0910,597.67,804.4,47.99,21.36,2.48,0
20230505:1010,675.73,936.66,57.1,22.85,2.62,0
20230505:1110,692.45,973.9,63.1,23.94,2.62,0
20230505:1210,737.97,1052.91,63.63,24.63,2.76,0
20230505:1310,708.15,993.55,58.41,24.83,3.1,0
20230505:1410,623.23,847.4,49.68,24.42,3.38,0
20230505:1510,489.5,646.85,39.34,23.62,3.38,0
20230505:1610,317.8,422.87,28.36,22.59,3.38,0
20230505:1710,112.95,174.13,17.24,21.51,2.62,0
20230505:1810,16.94,34.39,6.34,20.26,2,0
20230505:1910,0,0,0,18.75,1.72,0
20230505:2010,0,0,0,17.78,1.17,0
20230505:2110,0,0,0,16.72,0.9,0
20230505:2210,0,0,0,16.09,0.9,0
20230505:2310,0,0,0,15.29,1.17,0
20230506:0010,0,0,0,14.72,1.38,0
20230506:0110,0,0,0,14.17,1.52,0
20230506:0210,0,0,0,13.51,1.45,0
20230506:0310,0,0,0,12.88,1.31,0
20230506:0410,0,0,0,12.38,1.24,0
20230506:0510,11.26,25.34,4.73,12.02,1.17,0
20230506:0610,74.67,108.95,15.56,13.87,0.48,0
20230506:0710,159.45,211.4,26.65,16.59,0.83,0
20230506:0810,289.21,374.47,37.69,18.02,1.03,0
20230506:0910,583,784.91,48.21,19.31,1.59,0
20230506:1010,687.84,951.82,57.35,20.45,2.14,0
20230506:1110,748.01,1044.82,63.38,21.56,2.97,0
20230506:1210,753.25,1045.42,63.9,22.22,3.59,0
20230506:1310,715.56,980.4,58.64,22.63,3.79,0
20230506:1410,598.24,797.65,49.87,22.72,3.79,0
20230506:1510,430.9,561.63,39.51,22.86,3.86,0
20230506:1610,273.26,360.27,28.52,22.67,4.41,0
20230506:1710,116.85,187.57,17.41,22.04,4.28,0
20230506:1810,16.89,34.39,6.52,20.92,3.45,0
20230506:1910,0,0,0,19.02,2.28,0
20230506:2010,0,0,0,17.89,1.93,0
20230506:2110,0,0,0,16.97,1.38,0
20230506:2210,0,0,0,16.8,0.41,0
20230506:2310,0,0,0,15.65,0.62,0
20230507:0010,0,0,0,15.06,1.17,0
20230507:0110,0,0,0,14.73,1.72,0
20230507:0210,0,0,0,14.68,1.79,0
20230507:0310,0,0,0,14.35,1.31,0
20230507:0410,0,0,0,13.88,1.03,0
20230507:0510,11.79,26.25,4.94,13.47,1.17,0
20230507:0610,41.1,65.27,15.75,14.77,0.76,0
20230507:0710,266.99,353.12,26.84,17.6,1.59,0
20230507:0810,271.33,350.63,37.89,19.32,2.34,0
20230507:0910,375.65,488.59,48.42,20.9,2.62,0
20230507:1010,445.42,587.24,57.59,21.91,2.69,0
20230507:1110,667.98,921.71,63.65,21.93,2.62,0
20230507:1210,542.56,732.2,64.17,22.35,2.41,0
20230507:1310,331.01,430.17,58.87,20.75,2.76,0
20230507:1410,91.55,129.6,50.07,21.01,3.66,0
20230507:1510,40.58,66.22,39.68,21.49,3.59,0
20230507:1610,42.12,68.11,28.68,21.09,3.24,0
20230507:1710,30.58,52.97,17.57,20.52,3.17,0
20230507:1810,5.66,17.2,6.69,19.83,2.34,0
20230507:1910,0,0,0,19.17,1.66,0
20230507:2010,0,0,0,18.15,1.72,0
20230507:2110,0,0,0,17.4,2.14,0
20230507:2210,0,0,0,16.44,2.14,0
20230507:2310,0,0,0,15.66,2.14,0
20230508:0010,0,0,0,14.79,2.14,0
20230508:0110,0,0,0,14.08,2.21,0
20230508:0210,0,0,0,13.59,2.21,0
20230508:0310,0,0,0,13.17,2.28,0
20230508:0410,0,0,0,12.71,2.28,0
20230508:0510,12.49,27.15,5.13,12.51,2.21,0
20230508:0610,94.4,157.67,15.94,13.7,1.79,0
20230508:0710,291.13,386.17,27.03,17.04,1.38,0
20230508:0810,470.03,619.28,38.08,18.96,1.38,0
20230508:0910,603.38,828.07,48.63,20.49,1.24,0
20230508:1010,685.89,969.54,57.82,21.87,1.59,0
20230508:1110,733.91,1046.27,63.92,22.99,2.28,0
20230508:1210,747.34,1063.19,64.44,23.73,2.76,0
20230508:1310,696.59,965.77,59.09,24.4,3.45,0
20230508:1410,488.9,647.56,50.25,24.38,3.86,0
20230508:1510,225.52,297.97,39.85,23.83,3.59,0
20230508:1610,302.36,404.28,28.84,23.2,2.76,0
20230508:1710,116.82,187.79,17.74,22.71,1.66,0
20230508:1810,17.41,35.3,6.86,21.91,1.17,0
20230508:1910,0,0,0,20.12,0.97,0
20230508:2010,0,0,0,20.07,0.21,0
20230508:2110,0,0,0,19.3,0.34,0
20230508:2210,0,0,0,17.78,1.1,0
20230508:2310,0,0,0,16.59,1.38,0
20230509:0010,0,0,0,15.8,1.45,0
20230509:0110,0,0,0,15.31,1.66,0
20230509:0210,0,0,0,14.74,1.72,0
20230509:0310,0,0,0,14.28,1.72,0
20230509:0410,0,0,0,13.86,1.66,0
20230509:0510,11.16,25.34,5.32,13.63,1.52,0
20230509:0610,92.2,137.79,16.12,14.49,0.76,0
20230509:0710,240.24,320.17,27.21,18.17,0.21,0
20230509:0810,382.59,502.85,38.26,19.71,0.9,0
20230509:0910,543.2,727.57,48.83,20.93,1.93,0
20230509:1010,640.95,882.75,58.05,21.98,2.21,0
20230509:1110,628.46,868.23,64.18,22.94,2.34,0
20230509:1210,564.09,769.17,64.7,23.22,2.34,0
20230509:1310,272.27,358.5,59.32,22.96,2.62,0
20230509:1410,184.82,246.32,50.44,22.62,2.9,0
20230509:1510,142.14,192.15,40.02,21.67,3.38,0
20230509:1610,23.67,43.52,29,19.37,4.14,0
20230509:1710,26.03,46.35,17.9,17.34,2.69,0
20230509:1810,0,5.43,7.03,16.41,1.03,0
20230509:1910,0,0,0,16.33,1.45,0
20230509:2010,0,0,0,15.8,0.62,0
20230509:2110,0,0,0,14.88,1.24,0
20230509:2210,0,0,0,14.44,1.79,0
20230509:2310,0,0,0,14.08,1.72,0
20230510:0010,0,0,0,13.27,1.66,0
20230510:0110,0,0,0,12.6,1.31,0
20230510:0210,0,0,0,12.01,1.45,0
20230510:0310,0,0,0,11.72,1.24,0
20230510:0410,0,0,0,11.24,1.03,0
20230510:0510,13.82,28.96,5.51,11.51,0.9,0
20230510:0610,98.07,155.99,16.3,12.94,1.45,0
20230510:0710,293.99,379.92,27.38,13.66,2.55,0
20230510:0810,440.31,557.92,38.44,14.52,2.41,0
20230510:0910,623.09,815.7,49.02,15.68,2.55,0
20230510:1010,714.32,974.54,58.28,17.11,2.21,0
20230510:1110,751.94,1050.2,64.44,18.36,2.14,0
20230510:1210,760.82,1073.8,64.96,19.22,2.07,0
20230510:1310,713.64,997.11,59.53,18.78,1.66,0
20230510:1410,365.11,476.41,50.62,18.85,1.17,0
20230510:1510,345.53,447.88,40.18,18.96,1.59,0
20230510:1610,104.43,144.72,29.16,18.96,1.59,0
20230510:1710,85.92,123.87,18.06,18.55,1.03,0
20230510:1810,9.11,22.63,7.2,17.88,0.62,0
20230510:1910,0,0,0,16.5,1.17,0
20230510:2010,0,0,0,15.11,0.97,0
20230510:2110,0,0,0,15.06,0.21,0
20230510:2210,0,0,0,14.41,0.69,0
20230510:2310,0,0,0,12.81,1.59,0
20230511:0010,0,0,0,12.55,2,0
20230511:0110,0,0,0,11.98,2.34,0
20230511:0210,0,0,0,11.58,2.83,0
20230511:0310,0,0,0,11.33,2.97,0
20230511:0410,0,0,0,11.19,2.69,0
20230511:0510,11.95,26.25,5.69,11.07,2.28,0
20230511:0610,81.4,115.3,16.47,11.2,1.93,0
20230511:0710,273.51,349.5,27.55,12.12,2.34,0
20230511:0810,320.43,400.17,38.61,12.29,2.14,0
20230511:0910,241.11,304.71,49.21,12.89,1.79,0
20230511:1010,440.53,566.75,58.5,13.79,1.1,0
20230511:1110,636.66,874.54,64.69,14.28,0.41,0
20230511:1210,370.83,473.7,65.21,15.52,2,0
20230511:1310,95.49,131.49,59.75,15.54,2.83,0
20230511:1410,118.81,159.87,50.8,16.29,2.9,0
20230511:1510,216.89,278.32,40.34,16.52,2.9,0
20230511:1610,43.13,68.11,29.32,16.38,2.76,0
20230511:1710,107.5,152.7,18.21,16.36,2,0
20230511:1810,5.8,17.2,7.37,15.89,1.79,0
20230511:1910,0,0,0,14.97,1.52,0
20230511:2010,0,0,0,14.1,1.72,0
20230511:2110,0,0,0,13.33,1.45,0
20230511:2210,0,0,0,12.27,1.38,0
20230511:2310,0,0,0,12.06,1.45,0
20230512:0010,0,0,0,11.61,1.59,0
20230512:0110,0,0,0,11.22,1.38,0
20230512:0210,0,0,0,11.04,1.03,0
20230512:0310,0,0,0,10.68,0.83,0
20230512:0410,0,0,0,10.92,0.62,0
20230512:0510,16.54,32.58,5.87,10.21,1.24,0
20230512:0610,101.85,149.58,16.64,11.52,1.03,0
20230512:0710,267.89,347.27,27.71,12.87,0.62,0
20230512:0810,374.94,484.37,38.78,14.38,0.07,0
20230512:0910,604.92,819.9,49.39,15.33,0.48,0
20230512:1010,592.2,794.37,58.71,16.38,1.31,0
20230512:1110,63.57,93.65,64.94,17.02,2.48,0
20230512:1210,61.26,90.81,65.46,17.19,3.1,0
20230512:1310,117.75,158.92,59.96,16.47,2.34,0
20230512:1410,85.64,120.14,50.98,15.79,1.38,0
20230512:1510,163.64,214.95,40.5,15.8,0.69,0
20230512:1610,189.98,247.24,29.47,16.03,1.59,0
20230512:1710,115.99,165.67,18.37,16,2.07,0
20230512:1810,24.06,43.44,7.53,15.58,2.21,0
20230512:1910,0,0,0,14.43,1.45,0
20230512:2010,0,0,0,13.16,1.17,0
20230512:2110,0,0,0,12.2,1.31,0
20230512:2210,0,0,0,11.44,1.1,0
20230512:2310,0,0,0,10.99,1.1,0
20230513:0010,0,0,0,10.34,1.24,0
20230513:0110,0,0,0,10.08,1.52,0
20230513:0210,0,0,0,9.86,1.72,0
20230513:0310,0,0,0,9.48,1.72,0
20230513:0410,0,0,0,9.14,1.72,0
20230513:0510,7.23,19.01,6.04,8.1,1.79,0
20230513:0610,32.18,52.97,16.8,10.26,1.1,0
20230513:0710,106.79,143.73,27.87,12.94,1.86,0
20230513:0810,103.04,140,38.94,14.35,2.14,0
20230513:0910,149.94,196.76,49.57,15.32,2.21,0
20230513:1010,417.18,530.19,58.91,16.12,3.24,0
20230513:1110,219.51,280.23,65.18,16.5,4.62,0
20230513:1210,151.69,198.66,65.7,16.46,4.62,0
20230513:1310,240.51,306.39,60.17,17,4.62,0
20230513:1410,357.63,451.37,51.16,17.37,4.69,0
20230513:1510,511.14,652.8,40.66,17.23,3.72,0
20230513:1610,222.84,287.92,29.62,17.84,4,0
20230513:1710,121.6,178.1,18.52,17.56,3.03,0
20230513:1810,23.21,42.54,7.7,16.87,1.93,0
20230513:1910,0,0,0,15.48,2.14,0
20230513:2010,0,0,0,14.66,1.79,0
20230513:2110,0,0,0,14.04,1.66,0
20230513:2210,0,0,0,13.28,1.52,0
20230513:2310,0,0,0,11.97,1.52,0
20230514:0010,0,0,0,10.94,1.59,0
20230514:0110,0,0,0,10.23,1.72,0
20230514:0210,0,0,0,9.85,1.66,0
20230514:0310,0,0,0,9.28,1.66,0
20230514:0410,0,0,0,9.19,1.52,0
20230514:0510,17.98,34.39,6.2,9.15,1.45,0
20230514:0610,70.87,101.03,16.95,10.64,1.03,0
20230514:0710,240.98,312.61,28.03,14.17,0.83,0
20230514:0810,466.95,616.12,39.1,15.87,0.21,0
20230514:0910,489.18,648.61,49.74,17.39,0.76,0
20230514:1010,199.77,262.23,59.11,18.51,1.1,0
20230514:1110,108.3,149.46,65.41,19.17,1.86,0
20230514:1210,520.24,682.5,65.94,17.36,2.21,0
20230514:1310,305.47,392.22,60.37,17.15,2,0
20230514:1410,628.06,830.65,51.33,17.02,2.48,0
20230514:1510,294.47,377.73,40.81,17.63,2.07,0
20230514:1610,279.34,363.94,29.77,17.66,1.86,0
20230514:1710,126.27,199.37,18.68,18.02,1.31,0
20230514:1810,22.43,41.63,7.86,17.67,1.1,0
20230514:1910,0,0,0,18.46,0.41,0
20230514:2010,0,0,0,16.28,2,0
20230514:2110,0,0,0,14.48,2.34,0
20230514:2210,0,0,0,13.29,2.07,0
20230514:2310,0,0,0,12.13,1.93,0
20230515:0010,0,0,0,11.4,2.07,0
20230515:0110,0,0,0,10.95,2.28,0
20230515:0210,0,0,0,10.75,2.34,0
20230515:0310,0,0,0,10.36,2.34,0
20230515:0410,0,0,0,9.96,2.34,0
20230515:0510,16.58,32.58,6.36,9.87,2.41,0
20230515:0610,106.43,160.86,17.11,11.51,2.07,0
20230515:0710,301.33,394.52,28.17,15.34,1.86,0
20230515:0810,484.17,628.19,39.25,17.89,2.34,0
20230515:0910,632.46,833.8,49.91,19.51,3.72,0
20230515:1010,540.32,697.54,59.31,20.36,5.52,0
20230515:1110,796.7,1065,65.64,20.78,6.21,0
20230515:1210,792.3,1059.02,66.17,21.3,6.41,0
20230515:1310,653.36,855.87,60.57,21.53,6.21,0
20230515:1410,501.06,645.4,51.5,21.75,5.93,0
20230515:1510,501.81,646.32,40.97,21.7,5.45,0
20230515:1610,308.29,403.8,29.92,21.35,4.62,0
20230515:1710,127.99,204.07,18.83,20.67,3.79,0
20230515:1810,26.27,47.06,8.02,19.53,2.97,0
20230515:1910,0,0,0,17.98,3.31,0
20230515:2010,0,0,0,16.7,3.31,0
20230515:2110,0,0,0,15.65,3.45,0
20230515:2210,0,0,0,14.9,3.59,0
20230515:2310,0,0,0,14.24,3.45,0
20230516:0010,0,0,0,13.68,3.17,0
20230516:0110,0,0,0,13.43,3.03,0
20230516:0210,0,0,0,13.03,3.03,0
20230516:0310,0,0,0,12.69,3.03,0
20230516:0410,0,0,0,12.59,3.1,0
20230516:0510,17.66,34.39,6.52,12.68,3.1,0
20230516:0610,104.32,164.84,17.25,13.5,2.83,0
20230516:0710,281.93,364.88,28.32,15.68,3.24,0
20230516:0810,430.08,546.13,39.4,17.43,3.86,0
20230516:0910,448.37,571.56,50.07,18.61,4.48,0
20230516:1010,480.66,619.71,59.49,19.74,4.48,0
20230516:1110,686.55,920.33,65.86,20.53,4.28,0
20230516:1210,743.38,1013.01,66.4,20.84,4.07,0
20230516:1310,686.55,934.91,60.77,20.45,3.03,0
20230516:1410,617.35,834.07,51.66,19.61,2,0
20230516:1510,448.59,583.61,41.12,19.64,2.48,0
20230516:1610,331.28,434.56,30.07,20.05,3.66,0
20230516:1710,128.81,202.65,18.98,19.54,4.48,0
20230516:1810,22.45,41.63,8.17,17.96,4.76,0
20230516:1910,0,0,0,16.65,4.83,0
20230516:2010,0,0,0,15.32,4.69,0
20230516:2110,0,0,0,14.3,4.69,0
20230516:2210,0,0,0,13.43,4.28,0
20230516:2310,0,0,0,12.73,3.79,0
20230517:0010,0,0,0,12.23,3.45,0
20230517:0110,0,0,0,11.74,3.24,0
20230517:0210,0,0,0,11.27,3.17,0
20230517:0310,0,0,0,10.78,3.17,0
20230517:0410,0,0,0,10.24,3.17,0
20230517:0510,17.25,33.49,6.67,9.88,3.1,0
20230517:0610,106.89,172.37,17.39,11.11,2.69,0
20230517:0710,313.33,404.67,28.45,13.91,2.97,0
20230517:0810,500.74,638.57,39.54,16.05,3.31,0
20230517:0910,643.99,845.52,50.22,17.78,3.52,0
20230517:1010,738.59,996.69,59.67,19.24,3.86,0
20230517:1110,792.99,1084.69,66.08,20.4,4.41,0
20230517:1210,802.26,1096.66,66.62,21.17,4.9,0
20230517:1310,772.25,1035.44,60.96,21.19,5.66,0
20230517:1410,678.75,886.23,51.83,21,6.14,0
20230517:1510,533.01,678.52,41.27,20.49,6.76,0
20230517:1610,341.55,440.75,30.21,19.6,6.69,0
20230517:1710,132.26,204.5,19.13,18.85,6.76,0
20230517:1810,21.81,40.73,8.33,17.84,5.72,0
20230517:1910,0,0,0,16.89,5.79,0
20230517:2010,0,0,0,16.1,5.66,0
20230517:2110,0,0,0,15.44,5.17,0
20230517:2210,0,0,0,14.82,4.69,0
20230517:2310,0,0,0,14.23,4.41,0
20230518:0010,0,0,0,13.58,3.72,0
20230518:0110,0,0,0,12.89,3.24,0
20230518:0210,0,0,0,12.1,2.97,0
20230518:0310,0,0,0,11.62,2.83,0
20230518:0410,0,0,0,11.29,2.76,0
20230518:0510,18.47,35.3,6.81,11.15,2.62,0
20230518:0610,105.42,169.08,17.53,12.28,2.48,0
20230518:0710,304.81,392.22,28.58,13.9,3.45,0
20230518:0810,491.37,620.3,39.67,15.39,3.86,0
20230518:0910,619.12,800.37,50.37,16.81,3.93,0
20230518:1010,567.54,732.7,59.85,17.95,4.41,0
20230518:1110,506.6,650.05,66.29,18.39,4.76,0
20230518:1210,443.4,567.37,66.84,19.21,4.97,0
20230518:1310,531.18,684.14,61.15,19.72,5.31,0
20230518:1410,267.18,341.69,51.99,19.55,5.59,0
20230518:1510,256.79,328.16,41.42,19.38,5.66,0
20230518:1610,205.09,265.64,30.36,18.84,5.72,0
20230518:1710,126.59,182.14,19.27,18,5.52,0
20230518:1810,29.39,50.68,8.48,17.15,4.69,0
20230518:1910,0,0,0,15.8,4.28,0
20230518:2010,0,0,0,14.85,3.52,0
20230518:2110,0,0,0,14.26,2.83,0
20230518:2210,0,0,0,13.61,2.34,0
20230518:2310,0,0,0,13.08,2.07,0
20230519:0010,0,0,0,12.49,2.07,0
20230519:0110,0,0,0,12.16,2,0
20230519:0210,0,0,0,11.97,2,0
20230519:0310,0,0,0,11.58,2.21,0
20230519:0410,0,0,0,11.21,2.28,0
20230519:0510,19.82,37.11,6.95,11.09,2.14,0
20230519:0610,105.85,167.6,17.66,12.46,1.86,0
20230519:0710,227.64,293.04,28.71,14.85,2.48,0
20230519:0810,124.4,166.49,39.8,16.39,3.31,0
20230519:0910,82.17,116.36,50.51,17.72,4.28,0
20230519:1010,154.73,204.33,60.02,18.95,5.1,0
20230519:1110,537.33,690.09,66.5,19.47,5.79,0
20230519:1210,530.74,680.2,67.06,19.18,5.79,0
20230519:1310,197.02,255.41,61.33,19.39,6.21,0
20230519:1410,71.75,104.06,52.15,18.94,6.28,0
20230519:1510,164.65,215.85,41.56,18.95,6.07,0
20230519:1610,114.85,156.04,30.5,18.74,5.79,0
20230519:1710,62.21,92.37,19.41,18.3,5.17,0
20230519:1810,26.59,47.06,8.63,17.34,4,0
20230519:1910,0,0,0,16.22,3.72,0
20230519:2010,0,0,0,15.53,3.45,0
20230519:2110,0,0,0,14.92,3.38,0
20230519:2210,0,0,0,14.41,3.72,0
20230519:2310,0,0,0,13.8,3.93,0
20230520:0010,0,0,0,13.48,3.79,0
20230520:0110,0,0,0,13.31,3.38,0
20230520:0210,0,0,0,12.86,2.9,0
20230520:0310,0,0,0,12.5,2.69,0
20230520:0410,0,0,0,12.62,2.62,0
20230520:0510,19.66,37.11,7.09,12.64,2.55,0
20230520:0610,106.09,167.08,17.78,13.66,2.41,0
20230520:0710,275.55,356.46,28.83,15.72,3.1,0
20230520:0810,175.55,228.31,39.92,17.22,3.86,0
20230520:0910,132.74,177.84,50.64,18.79,4.69,0
20230520:1010,695.44,918.13,60.18,19.92,5.03,0
20230520:1110,435.01,559.4,66.7,20.52,5.1,0
20230520:1210,494.34,639.93,67.26,20.57,4.9,0
20230520:1310,415.97,534.6,61.51,20.48,4.83,0
20230520:1410,335.43,430.72,52.3,19.91,3.86,0
20230520:1510,79.04,113.52,41.7,19.33,3.03,0
20230520:1610,90.74,127.71,30.63,19.1,2.97,0
20230520:1710,28.05,49.19,19.56,18.23,2.48,0
20230520:1810,5.74,17.2,8.78,17.49,1.86,0
20230520:1910,0,0,0,16.43,0.9,0
20230520:2010,0,0,0,16.21,0.48,0
20230520:2110,0,0,0,15.02,0.97,0
20230520:2210,0,0,0,14.59,1.24,0
20230520:2310,0,0,0,14.22,1.45,0
20230521:0010,0,0,0,13.41,1.66,0
20230521:0110,0,0,0,13.12,1.66,0
20230521:0210,0,0,0,12.82,1.66,0
20230521:0310,0,0,0,12.77,1.66,0
20230521:0410,0,0,0,13.01,1.66,0
20230521:0510,18.91,36.2,7.21,13.26,1.52,0
20230521:0610,15.92,32.16,17.9,13.93,1.45,0
20230521:0710,156.79,205.66,28.94,14.97,1.52,0
20230521:0810,215.7,277.52,40.04,15.95,1.79,0
20230521:0910,78.36,111.63,50.77,16.98,2.76,0
20230521:1010,185.61,240.28,60.34,16.75,3.59,0
20230521:1110,161.83,211.9,66.89,17.45,4.21,0
20230521:1210,303.35,384.62,67.47,17.51,4.76,0
20230521:1310,187.46,243.12,61.69,17.94,4.62,0
20230521:1410,106.11,145.68,52.46,18.63,4.62,0
20230521:1510,252.22,322.92,41.84,18.47,4.07,0
20230521:1610,140.44,186.91,30.77,17.84,3.52,0
20230521:1710,60.4,89.87,19.7,17.39,2.76,0
20230521:1810,30.07,51.59,8.93,16.82,2.14,0
20230521:1910,0,0,0,16.61,2.28,0
20230521:2010,0,0,0,16.11,2.21,0
20230521:2110,0,0,0,15.61,2.34,0
20230521:2210,0,0,0,15.37,2.69,0
20230521:2310,0,0,0,15.54,2.69,0
20230522:0010,0,0,0,15.29,2.41,0
20230522:0110,0,0,0,15.04,2.34,0
20230522:0210,0,0,0,14.97,2.34,0
20230522:0310,0,0,0,14.77,2.41,0
20230522:0410,0,0,0,14.76,2.34,0
20230522:0510,0.23,6.34,7.34,14.72,2.28,0
20230522:0610,13.15,28.38,18.01,15.18,2.21,0
20230522:0710,159.54,210.05,29.05,16.81,2.55,0
20230522:0810,137.71,183.52,40.15,18.16,4.14,0
20230522:0910,225.87,291.54,50.9,19.16,4.34,0
20230522:1010,121.53,165.55,60.48,20.42,4.62,0
20230522:1110,372.02,480.49,67.08,21.32,4.55,0
20230522:1210,357.2,462.21,67.67,21.75,4.55,0
20230522:1310,460.88,600.09,61.86,22.21,4.62,0
20230522:1410,623.28,824.66,52.6,22.32,4.55,0
20230522:1510,485.3,628.69,41.98,21.3,4.14,0
20230522:1610,317.81,419.05,30.91,20.63,2.97,0
20230522:1710,128.58,199.58,19.83,20.15,2.41,0
20230522:1810,29.63,51.59,9.08,19.68,2,0
20230522:1910,0,0,0,18.63,1.38,0
20230522:2010,0,0,0,17.64,1.38,0
20230522:2110,0,0,0,16.79,1.59,0
20230522:2210,0,0,0,16,1.86,0
20230522:2310,0,0,0,15.44,2.07,0
20230523:0010,0,0,0,15.06,2.07,0
20230523:0110,0,0,0,14.68,1.72,0
20230523:0210,0,0,0,13.8,1.17,0
20230523:0310,0,0,0,13.35,1.1,0
20230523:0410,0,0,0,13.77,1.72,0
20230523:0510,18.19,35.3,7.45,13.89,2,0
20230523:0610,106.53,166.39,18.12,15.72,1.93,0
20230523:0710,185.71,244.76,29.16,18.97,2.69,0
20230523:0810,452.52,583.67,40.26,20.85,4.21,0
20230523:0910,551.02,716.83,51.02,22.1,5.24,0
20230523:1010,420.74,544.47,60.63,22.77,5.59,0
20230523:1110,620.17,823.5,67.26,23.47,5.52,0
20230523:1210,744.19,1012.01,67.86,23.87,5.38,0
20230523:1310,701.95,945.66,62.03,23.91,5.31,0
20230523:1410,623.68,828.32,52.75,23.51,4.83,0
20230523:1510,485.36,635.16,42.12,23.22,4.14,0
20230523:1610,311.36,414.07,31.04,22.36,2.83,0
20230523:1710,128.63,199.5,19.97,21.73,1.93,0
20230523:1810,28.06,49.78,9.22,20.99,1.72,0
20230523:1910,0,0,0,19.77,1.45,0
20230523:2010,0,0,0,18.25,1.17,0
20230523:2110,0,0,0,17.06,1.24,0
20230523:2210,0,0,0,16.26,1.17,0
20230523:2310,0,0,0,17.5,0.62,0
20230524:0010,0,0,0,16.9,0.76,0
20230524:0110,0,0,0,15.09,1.31,0
20230524:0210,0,0,0,14.34,1.79,0
20230524:0310,0,0,0,14.29,1.93,0
20230524:0410,0,0,0,14.63,2.07,0
20230524:0510,22.81,41.63,7.57,14.63,2.07,0
20230524:0610,104.53,169.25,18.23,16.61,1.93,0
20230524:0710,290.69,386.53,29.26,19.56,2.48,0
20230524:0810,472.11,609.4,40.36,20.92,4.34,0
20230524:0910,607.32,797.77,51.13,22.07,4.83,0
20230524:1010,671.58,902.72,60.76,23.03,4.62,0
20230524:1110,671.2,911.67,67.43,23.82,4.41,0
20230524:1210,738.8,1018.12,68.05,24.55,4.62,0
20230524:1310,705.82,962.56,62.2,24.69,4.76,0
20230524:1410,613.98,824.72,52.89,23.5,3.72,0
20230524:1510,496.69,665.32,42.25,24.06,2.48,0
20230524:1610,187.68,252.13,31.17,23.28,2.07,0
20230524:1710,73.02,107.72,20.1,21.42,1.72,0
20230524:1810,30.76,53.4,9.36,21,1.1,0
20230524:1910,0,0,0,21.23,1.17,0
20230524:2010,0,0,0,19.46,0.9,0
20230524:2110,0,0,0,19.83,0.41,0
20230524:2210,0,0,0,17.04,1.31,0
20230524:2310,0,0,0,16.59,1.86,0
20230525:0010,0,0,0,16.3,2,0
20230525:0110,0,0,0,15.84,2.14,0
20230525:0210,0,0,0,15.45,1.86,0
20230525:0310,0,0,0,14.86,1.79,0
20230525:0410,0,0,0,14.35,1.66,0
20230525:0510,1.39,9.05,7.67,14.32,1.52,0
20230525:0610,82.89,117.92,18.32,14.95,1.24,0
20230525:0710,63.02,92.71,29.35,16.1,1.86,0
20230525:0810,323.98,413.04,40.46,16.49,2.14,0
20230525:0910,309.64,395.54,51.23,16.91,2.34,0
20230525:1010,335.68,429.79,60.89,17.34,2.55,0
20230525:1110,428.16,553.68,67.6,17.64,2.41,0
20230525:1210,99.95,138.11,68.23,17.64,2.69,0
20230525:1310,63.47,93.65,62.36,17.44,2.83,0
20230525:1410,76.4,109.73,53.04,17.84,2.21,0
20230525:1510,277.21,356.28,42.38,17.69,2,0
20230525:1610,159.43,210.96,31.3,17.99,2.14,0
20230525:1710,127.98,183.48,20.23,17.89,2.14,0
20230525:1810,33.4,56.11,9.49,17.78,2.21,0
20230525:1910,0,0,0,16.41,1.59,0
20230525:2010,0,0,0,15.48,1.72,0
20230525:2110,0,0,0,14.87,1.59,0
20230525:2210,0,0,0,14.46,1.59,0
20230525:2310,0,0,0,14.11,1.52,0
20230526:0010,0,0,0,14.08,1.72,0
20230526:0110,0,0,0,13.57,1.86,0
20230526:0210,0,0,0,13.09,2,0
20230526:0310,0,0,0,12.71,2,0
20230526:0410,0,0,0,12.38,2.07,0
20230526:0510,25.85,45.25,7.77,12.34,1.86,0
20230526:0610,109.27,168.33,18.42,14.03,1.31,0
20230526:0710,283.85,375.43,29.44,17.16,1.24,0
20230526:0810,454.74,597.71,40.55,18.79,1.31,0
20230526:0910,584.15,798.91,51.33,20.34,1.1,0
20230526:1010,669.13,945.63,61.02,21.67,1.31,0
20230526:1110,715.68,1023.81,67.76,22.68,1.79,0
20230526:1210,706.83,1001.38,68.41,23.37,2.28,0
20230526:1310,676.85,947.49,62.51,23.74,2.41,0
20230526:1410,596.19,812.52,53.17,24.05,2.69,0
20230526:1510,468.22,621.43,42.51,24.09,2.97,0
20230526:1610,312.56,417.58,31.42,23.68,3.1,0
20230526:1710,131.65,203.37,20.36,23.07,3.24,0
20230526:1810,29.28,51.59,9.63,22.05,2.9,0
20230526:1910,0,0,0,20.33,2.14,0
20230526:2010,0,0,0,19.07,2,0
20230526:2110,0,0,0,18.04,1.79,0
20230526:2210,0,0,0,17.03,1.66,0
20230526:2310,0,0,0,16.09,1.72,0
20230527:0010,0,0,0,15.23,1.79,0
20230527:0110,0,0,0,14.6,1.79,0
20230527:0210,0,0,0,14.02,1.79,0
20230527:0310,0,0,0,13.5,1.79,0
20230527:0410,0,0,0,13.1,1.72,0
20230527:0510,25.75,45.25,7.87,13.04,1.52,0
20230527:0610,108.42,171.02,18.5,15.35,0.9,0
20230527:0710,283.42,381.94,29.52,19.83,0.69,0
20230527:0810,447.33,602.26,40.63,21.52,0.62,0
20230527:0910,576.5,803.64,51.43,22.83,0.83,0
20230527:1010,661.72,951.54,61.14,24.16,1.17,0
20230527:1110,703.25,1025.43,67.91,25.36,1.59,0
20230527:1210,720.76,1048.23,68.58,26.22,2.14,0
20230527:1310,685.29,976.13,62.67,26.56,2.55,0
20230527:1410,605.81,837.1,53.31,26.78,2.97,0
20230527:1510,474.69,637.55,42.63,26.55,3.17,0
20230527:1610,311.66,421.95,31.54,26.34,3.1,0
20230527:1710,131.81,206.04,20.49,25.43,3.1,0
20230527:1810,27.64,49.78,9.76,24,2.69,0
20230527:1910,0,0,0,22.51,2.14,0
20230527:2010,0,0,0,20.94,1.86,0
20230527:2110,0,0,0,19.84,1.79,0
20230527:2210,0,0,0,19.01,1.93,0
20230527:2310,0,0,0,18.03,2,0
20230528:0010,0,0,0,17.04,2,0
20230528:0110,0,0,0,16.22,1.86,0
20230528:0210,0,0,0,15.55,1.79,0
20230528:0310,0,0,0,15.03,1.79,0
20230528:0410,0,0,0,14.65,1.72,0
20230528:0510,26.22,46.16,7.96,14.64,1.52,0
20230528:0610,100.06,142.75,18.58,16.61,0.97,0
20230528:0710,282.09,381.53,29.6,20.24,0.48,0
20230528:0810,450.37,603.94,40.71,21.65,0.97,0
20230528:0910,579.74,797.19,51.52,22.82,1.52,0
20230528:1010,667.89,943.63,61.25,23.77,1.86,0
20230528:1110,710.53,1016.21,68.06,24.69,2.28,0
20230528:1210,716.65,1016.03,68.74,24.89,2.83,0
20230528:1310,675.32,945.52,62.82,25.27,2.9,0
20230528:1410,615.14,849.14,53.44,25.85,2.83,0
20230528:1510,472.51,632.9,42.75,25.79,3.03,0
20230528:1610,309.98,418.03,31.66,25.44,2.9,0
20230528:1710,132.74,202.49,20.61,24.88,2.69,0
20230528:1810,31.7,55.21,9.89,23.8,2.41,0
20230528:1910,0,0,0,21.57,2.28,0
20230528:2010,0,0,0,19.99,1.45,0
20230528:2110,0,0,0,19.56,0.62,0
20230528:2210,0,0,0,18.81,0.14,0
20230528:2310,0,0,0,18.01,0.62,0
20230529:0010,0,0,0,16.67,0.9,0
20230529:0110,0,0,0,15.53,1.38,0
20230529:0210,0,0,0,15.2,1.72,0
20230529:0310,0,0,0,15.04,2.14,0
20230529:0410,0,0,0,14.89,2.21,0
20230529:0510,24.11,43.44,8.04,15.11,1.93,0
20230529:0610,106.93,172.01,18.66,16.35,1.59,0
20230529:0710,290.1,386.1,29.67,19.08,1.93,0
20230529:0810,461.05,604.45,40.78,20.92,2.55,0
20230529:0910,587.35,785.7,51.6,22.02,3.03,0
20230529:1010,677.83,929.36,61.35,23.02,3.31,0
20230529:1110,724.08,1007.1,68.2,23.46,3.45,0
20230529:1210,732.72,1024.6,68.9,23.76,3.38,0
20230529:1310,697.98,970.1,62.96,24.19,3.24,0
20230529:1410,602.44,819.16,53.57,24.28,3.03,0
20230529:1510,487.74,648.65,42.87,23.85,2.9,0
20230529:1610,322.07,431.16,31.78,23.5,2.76,0
20230529:1710,134.64,210.85,20.73,22.85,2.62,0
20230529:1810,35.47,59.73,10.01,21.79,2.07,0
20230529:1910,0,0,0,19.7,1.79,0
20230529:2010,0,0,0,18.65,1.31,0
20230529:2110,0,0,0,18.07,0.55,0
20230529:2210,0,0,0,17.78,0.48,0
20230529:2310,0,0,0,17.28,0.55,0
20230530:0010,0,0,0,15.59,1.24,0
20230530:0110,0,0,0,15.08,1.52,0
20230530:0210,0,0,0,14.68,1.59,0
20230530:0310,0,0,0,14.36,1.59,0
20230530:0410,0,0,0,14.14,1.72,0
20230530:0510,21.5,39.82,8.12,14.18,1.72,0
20230530:0610,101.99,145.37,18.73,16.31,1.38,0
20230530:0710,292.24,388.2,29.74,18.77,2.14,0
20230530:0810,462.63,606.84,40.85,20.27,2.21,0
20230530:0910,589.1,797.57,51.68,21.76,2.14,0
20230530:1010,673.04,939.82,61.45,23.15,2.28,0
20230530:1110,702.52,994.82,68.34,24.27,2.48,0
20230530:1210,724.93,1029.81,69.06,24.9,2.83,0
20230530:1310,687.6,964.54,63.1,25.35,2.97,0
20230530:1410,605.89,828.25,53.69,25.32,3.1,0
20230530:1510,488.15,655.05,42.99,25.23,2.76,0
20230530:1610,315.02,426.1,31.9,24.72,2.07,0
20230530:1710,133.43,209.53,20.85,24.39,1.59,0
20230530:1810,30.35,53.4,10.14,23.68,1.72,0
20230530:1910,0,0,0,22.17,1.1,0
20230530:2010,0,0,0,20.07,0.97,0
20230530:2110,0,0,0,19,1.31,0
20230530:2210,0,0,0,18.43,1.79,0
20230530:2310,0,0,0,17.14,1.86,0
20230531:0010,0,0,0,16.35,1.93,0
20230531:0110,0,0,0,16.03,2,0
20230531:0210,0,0,0,15.7,2.07,0
20230531:0310,0,0,0,15.36,2,0
20230531:0410,0,0,0,15.09,1.86,0
20230531:0510,27.54,47.97,8.2,15.11,1.59,0
20230531:0610,68.49,100.29,18.8,17.12,0.9,0
20230531:0710,47.8,74.73,29.8,18.66,1.66,0
20230531:0810,59.74,89.87,40.92,19.51,2.55,0
20230531:0910,59.62,89.87,51.75,19.97,2.76,0
20230531:1010,60.89,91.76,61.54,20.64,2.28,0
20230531:1110,51.91,80.41,68.46,20.21,1.59,0
20230531:1210,599.14,832.58,69.21,21.44,1.24,0
20230531:1310,398.54,533.64,63.24,21.57,0.76,0
20230531:1410,180.82,243.24,53.81,22.69,1.1,0
20230531:1510,255.59,337.46,43.11,22.62,1.79,0
20230531:1610,152.33,206.28,32.01,22.32,2.07,0
20230531:1710,104.77,149.24,20.96,21.91,1.86,0
20230531:1810,33.49,57.02,10.26,21.1,1.24,0
20230531:1910,0,0,0,19.44,1.52,0
20230531:2010,0,0,0,18.73,1.31,0
20230531:2110,0,0,0,18.05,1.24,0
20230531:2210,0,0,0,17.68,1.31,0
20230531:2310,0,0,0,17.44,1.45,0
20230601:0010,0,0,0,17.13,1.66,0
20230601:0110,0,0,0,16.86,1.86,0
20230601:0210,0,0,0,16.62,2,0
20230601:0310,0,0,0,16.39,2,0
20230601:0410,0,0,0,16.25,2.07,0
20230601:0510,12.85,28.06,8.27,16.18,2.07,0
20230601:0610,108.87,158.9,18.86,17.2,1.86,0
20230601:0710,278.94,366.02,29.86,17.92,2.9,0
20230601:0810,425.4,547.49,40.97,18.89,3.03,0
20230601:0910,479.93,628.43,51.81,20.1,2.62,0
20230601:1010,641.83,872.24,61.63,21.13,2.69,0
20230601:1110,605.89,823.46,68.59,21.77,2.62,0
20230601:1210,52.29,81.35,69.35,21.88,2.62,0
20230601:1310,109.92,153.25,63.37,22.28,2.62,0
20230601:1410,171.72,229.87,53.93,22.53,2.97,0
20230601:1510,86.96,124.87,43.22,22.27,2.55,0
20230601:1610,24.01,44.46,32.12,21.91,2.14,0
20230601:1710,92.31,132.27,21.07,21.47,1.79,0
20230601:1810,28.76,50.68,10.37,20.85,1.66,0
20230601:1910,0,0,0,19.64,0.9,0
20230601:2010,0,0,0,18.82,1.03,0
20230601:2110,0,0,0,17.71,1.03,0
20230601:2210,0,0,0,17.24,0.69,0
20230601:2310,0,0,0,16.04,1.1,0
20230602:0010,0,0,0,15.09,1.24,0
20230602:0110,0,0,0,15.04,1.38,0
20230602:0210,0,0,0,14.41,1.45,0
20230602:0310,0,0,0,13.88,1.45,0
20230602:0410,0,0,0,13.46,1.45,0
20230602:0510,25,44.35,8.33,13.46,1.52,0
20230602:0610,106.03,173.17,18.92,15.03,1.17,0
20230602:0710,291.5,390.12,29.91,18.58,1.1,0
20230602:0810,448.08,595.67,41.03,20.35,1.03,0
20230602:0910,518.03,703.98,51.87,21.83,1.1,0
20230602:1010,620.4,864.35,61.71,23.14,1.72,0
20230602:1110,662.82,930.15,68.7,23.82,2.28,0
20230602:1210,709.59,1005.47,69.49,24.3,2.55,0
20230602:1310,677.29,947.17,63.5,24.69,2.76,0
20230602:1410,595.23,809.8,54.05,24.68,3.03,0
20230602:1510,418.36,554.92,43.33,24.82,2.97,0
20230602:1610,324.82,432.94,32.23,23.18,3.1,0
20230602:1710,139.07,217.61,21.18,22.27,2.55,0
20230602:1810,30.62,53.4,10.49,21.97,1.66,0
20230602:1910,0,0,0,20.64,1.79,0
20230602:2010,0,0,0,19.73,1.52,0
20230602:2110,0,0,0,18.61,1.31,0
20230602:2210,0,0,0,17.66,1.31,0
20230602:2310,0,0,0,16.89,1.45,0
20230603:0010,0,0,0,16.15,1.52,0
20230603:0110,0,0,0,15.56,1.52,0
20230603:0210,0,0,0,15.03,1.52,0
20230603:0310,0,0,0,14.48,1.38,0
20230603:0410,0,0,0,14.13,1.24,0
20230603:0510,25.58,45.25,8.39,14.22,1.17,0
20230603:0610,104.7,172.72,18.97,16.71,0.76,0
20230603:0710,284.82,385.01,29.96,19.35,0.34,0
20230603:0810,455.33,608.03,41.07,20.75,0.97,0
20230603:0910,562.88,766.82,51.93,21.96,1.52,0
20230603:1010,661.33,918.04,61.78,22.75,2.28,0
20230603:1110,620.79,849.22,68.81,23.44,3.03,0
20230603:1210,210.29,279.06,69.62,23.46,3.38,0
20230603:1310,192.05,255.41,63.62,22.83,3.24,0
20230603:1410,340.99,446.88,54.16,22.76,2.9,0
20230603:1510,339.39,443.92,43.43,22.53,2.76,0
20230603:1610,40.3,66.22,32.33,22.61,2.48,0
20230603:1710,134.25,195.62,21.29,22.45,2.21,0
20230603:1810,32.03,55.21,10.6,21.86,2.41,0
20230603:1910,0,0,0,20.53,2,0
20230603:2010,0,0,0,19.59,1.79,0
20230603:2110,0,0,0,18.61,1.59,0
20230603:2210,0,0,0,17.73,1.38,0
20230603:2310,0,0,0,16.93,1.03,0
20230604:0010,0,0,0,16.75,0.83,0
20230604:0110,0,0,0,15.98,1.1,0
20230604:0210,0,0,0,15.43,1.24,0
20230604:0310,0,0,0,15.08,1.1,0
20230604:0410,0,0,0,14.67,1.03,0
20230604:0510,26.19,46.16,8.44,14.73,0.9,0
20230604:0610,105.26,172.29,19.01,16.73,0.62,0
20230604:0710,289.68,386.39,30,18.24,1.31,0
20230604:0810,438.28,571.64,41.11,19.58,2.14,0
20230604:0910,542.85,719.38,51.98,20.5,2.55,0
20230604:1010,354.35,461.96,61.85,21.13,2.76,0
20230604:1110,199.42,263.93,68.91,21.83,2.76,0
20230604:1210,532.27,712.72,69.74,22.47,2.97,0
20230604:1310,236.14,310.91,63.74,22.27,2.76,0
20230604:1410,330.84,434.17,54.26,22.37,2.41,0
20230604:1510,484.07,644.54,43.53,21.9,1.86,0
20230604:1610,325.31,435.13,32.43,22.02,1.79,0
20230604:1710,138.07,212.87,21.39,21.79,1.52,0
20230604:1810,31.38,54.3,10.71,21.5,1.86,0
20230604:1910,0,0,0,20.42,1.38,0
20230604:2010,0,0,0,19.56,1.38,0
20230604:2110,0,0,0,18.71,1.1,0
20230604:2210,0,0,0,18.09,0.9,0
20230604:2310,0,0,0,17.18,1.17,0
20230605:0010,0,0,0,16.44,1.24,0
20230605:0110,0,0,0,15.79,1.38,0
20230605:0210,0,0,0,15.27,1.38,0
20230605:0310,0,0,0,14.9,1.38,0
20230605:0410,0,0,0,14.38,1.45,0
20230605:0510,24.85,44.35,8.49,14.6,1.38,0
20230605:0610,104.88,173.22,19.05,16.65,0.9,0
20230605:0710,287.98,389.12,30.03,19.79,0.76,0
20230605:0810,460.36,613.36,41.15,21.25,1.38,0
20230605:0910,585.67,798.84,52.02,22.38,1.86,0
20230605:1010,676.7,947.45,61.91,23.45,2.28,0
20230605:1110,713.88,1016.17,69,24.15,2.34,0
20230605:1210,471.74,634.57,69.86,24.37,2.62,0
20230605:1310,571.3,779.42,63.85,24.36,2.76,0
20230605:1410,41.38,68.11,54.37,24.41,2.55,0
20230605:1510,127.68,176.9,43.63,24.15,2.14,0
20230605:1610,329.15,443.74,32.53,24,2.14,0
20230605:1710,139.86,218.9,21.49,23.6,2.48,0
20230605:1810,33.87,57.92,10.81,23.07,2.41,0
20230605:1910,0,0,0,22.55,2,0
20230605:2010,0,0,0,21.33,2,0
20230605:2110,0,0,0,20.31,1.79,0
20230605:2210,0,0,0,19.33,1.79,0
20230605:2310,0,0,0,18.42,1.72,0
20230606:0010,0,0,0,17.58,1.59,0
20230606:0110,0,0,0,16.81,1.52,0
20230606:0210,0,0,0,16.24,1.52,0
20230606:0310,0,0,0,15.77,1.59,0
20230606:0410,0,0,0,15.4,1.59,0
20230606:0510,29.58,50.68,8.53,15.39,1.45,0
20230606:0610,103.71,169.31,19.09,17.8,0.83,0
20230606:0710,0,0,0,21.08,0.14,0
20230606:0810,446.58,601.59,41.18,22.85,1.03,0
20230606:0910,576.11,791.86,52.06,24.13,1.86,0
20230606:1010,663.88,933.93,61.97,25.1,2.34,0
20230606:1110,700.99,991.65,69.09,25.91,2.97,0
20230606:1210,600.38,822.92,69.97,25.56,3.45,0
20230606:1310,58.6,89.87,63.96,23.46,3.1,0
20230606:1410,41.45,68.11,54.47,23.85,1.59,0
20230606:1510,32.14,55.81,43.73,23.93,2.34,0
20230606:1610,100.52,142.84,32.63,24.14,2.48,0
20230606:1710,10.66,25.54,21.59,24.03,2.48,0
20230606:1810,31.75,55.21,10.91,23.51,2.48,0
20230606:1910,0,0,0,21.82,2.07,0
20230606:2010,0,0,0,20.92,1.86,0
20230606:2110,0,0,0,20.12,2,0
20230606:2210,0,0,0,19.37,2,0
20230606:2310,0,0,0,18.61,1.86,0
20230607:0010,0,0,0,18,1.72,0
20230607:0110,0,0,0,17.53,1.72,0
20230607:0210,0,0,0,17.12,1.93,0
20230607:0310,0,0,0,16.61,2.07,0
20230607:0410,0,0,0,16.15,2,0
20230607:0510,26.72,47.06,8.56,16.05,1.86,0
20230607:0610,108.85,159.65,19.12,17.49,1.72,0
20230607:0710,256.1,339.97,30.09,19.49,1.72,0
20230607:0810,415.75,545.05,41.21,21.15,2.21,0
20230607:0910,506.25,672.82,52.09,22.86,2.9,0
20230607:1010,635.8,868.05,62.02,24.28,3.45,0
20230607:1110,552.65,744.48,69.17,25.33,4.07,0
20230607:1210,465.34,619.33,70.08,25.74,4.41,0
20230607:1310,417.93,552.29,64.06,25.76,4.69,0
20230607:1410,325.65,427.8,54.57,25.5,4.83,0
20230607:1510,231.95,306.79,43.82,25.05,4.69,0
20230607:1610,148.38,201.62,32.72,24.11,4.55,0
20230607:1710,70.36,104.64,21.68,23.47,4.41,0
20230607:1810,19.94,38.92,11.01,22.68,4.28,0
20230607:1910,0,0,0,21.59,3.86,0
20230607:2010,0,0,0,20.78,4.14,0
20230607:2110,0,0,0,20.16,3.93,0
20230607:2210,0,0,0,19.54,3.24,0
20230607:2310,0,0,0,18.83,2.62,0
20230608:0010,0,0,0,18.26,2.41,0
20230608:0110,0,0,0,17.75,2.34,0
20230608:0210,0,0,0,17.2,2.28,0
20230608:0310,0,0,0,16.94,2.14,0
20230608:0410,0,0,0,16.75,2.07,0
20230608:0510,26.64,47.06,8.6,16.68,2.14,0
20230608:0610,68.43,100.25,19.14,17.71,2.21,0
20230608:0710,106.81,148.38,30.11,20.51,2.34,0
20230608:0810,181.55,241.35,41.23,21.84,2.83,0
20230608:0910,338.67,444.47,52.12,23.53,3.17,0
20230608:1010,580.79,785.56,62.06,24.85,3.66,0
20230608:1110,623.36,850.34,69.24,25.46,4.07,0
20230608:1210,735.13,1023.42,70.18,26.14,4.48,0
20230608:1310,674.84,923.83,64.16,26.32,4.69,0
20230608:1410,585.56,786.83,54.66,26.14,4.55,0
20230608:1510,423.31,557.2,43.91,25.84,4.62,0
20230608:1610,263.86,350.1,32.81,25.02,4.69,0
20230608:1710,139.92,208.98,21.77,24.02,4.83,0
20230608:1810,30.55,53.4,11.1,22.84,4.48,0
20230608:1910,0,0,0,21.58,4.07,0
20230608:2010,0,0,0,20.88,3.31,0
20230608:2110,0,0,0,20.34,2.97,0
20230608:2210,0,0,0,19.89,2.69,0
20230608:2310,0,0,0,19.54,2.62,0
20230609:0010,0,0,0,19.21,2.48,0
20230609:0110,0,0,0,19.05,2.62,0
20230609:0210,0,0,0,18.9,2.48,0
20230609:0310,0,0,0,18.78,2.55,0
20230609:0410,0,0,0,18.82,2.76,0
20230609:0510,26.35,47.06,8.62,18.82,2.48,0
20230609:0610,87.28,125.47,19.16,19.4,3.45,0
20230609:0710,281.15,373.25,30.13,21.04,4.48,0
20230609:0810,411.97,532.9,41.25,22.45,4.69,0
20230609:0910,481.1,628.85,52.14,23.84,4.97,0
20230609:1010,565.17,752.74,62.1,24.99,4.97,0
20230609:1110,593.13,796.24,69.31,25.52,5.1,0
20230609:1210,646.53,874.85,70.27,26.35,5.59,0
20230609:1310,688.94,933.8,64.26,26.71,5.93,0
20230609:1410,205.9,275.61,54.75,26.91,6.07,0
20230609:1510,490.41,643.59,44,26.49,6.07,0
20230609:1610,326.69,434.48,32.9,25.86,5.86,0
20230609:1710,140.15,216.47,21.86,25.2,5.17,0
20230609:1810,33.63,57.92,11.19,24.73,4.28,0
20230609:1910,0,0,0,23.6,3.17,0
20230609:2010,0,0,0,22.47,2.41,0
20230609:2110,0,0,0,21.71,1.79,0
20230609:2210,0,0,0,20.92,1.38,0
20230609:2310,0,0,0,20.21,1.38,0
20230610:0010,0,0,0,19.42,1.52,0
20230610:0110,0,0,0,18.85,1.59,0
20230610:0210,0,0,0,18.35,1.59,0
20230610:0310,0,0,0,17.92,1.52,0
20230610:0410,0,0,0,17.61,1.59,0
20230610:0510,25.85,46.16,8.64,17.32,1.45,0
20230610:0610,102.01,171.55,19.18,19.29,1.45,0
20230610:0710,284.36,386.14,30.14,21.68,1.45,0
20230610:0810,452.65,606.37,41.26,23.03,1.59,0
20230610:0910,570.81,787.58,52.16,24.38,1.66,0
20230610:1010,656.09,934.71,62.13,25.59,1.79,0
20230610:1110,670.5,964.61,69.37,26.2,1.86,0
20230610:1210,583.64,821.02,70.36,26.97,2.07,0
20230610:1310,400.08,540.87,64.35,27.29,2.62,0
20230610:1410,40.86,68.11,54.84,26.79,2.41,0
20230610:1510,40.99,68.11,44.08,25.93,1.31,0
20230610:1610,150.34,207.18,32.98,25.58,1.59,0
20230610:1710,16.9,35,21.95,25.35,2.07,0
20230610:1810,2.09,10.86,11.27,25.17,1.93,0
20230610:1910,0,0,0,24.51,1.45,0
20230610:2010,0,0,0,23.22,0.9,0
20230610:2110,0,0,0,22.65,1.45,0
20230610:2210,0,0,0,21.46,1.79,0
20230610:2310,0,0,0,20.44,1.93,0
20230611:0010,0,0,0,19.61,1.93,0
20230611:0110,0,0,0,18.86,1.93,0
20230611:0210,0,0,0,18.39,1.79,0
20230611:0310,0,0,0,17.86,1.79,0
20230611:0410,0,0,0,17.6,1.79,0
20230611:0510,27.85,48.87,8.66,17.75,1.66,0
20230611:0610,107.49,162.29,19.19,20.37,1.24,0
20230611:0710,187.47,255.21,30.15,23.79,0.69,0
20230611:0810,350.64,476.19,41.27,25.47,0.48,0
20230611:0910,555.64,789.81,52.17,26.67,0.69,0
20230611:1010,568.63,810.17,62.15,27.59,1.24,0
20230611:1110,61.54,95.54,69.42,28.03,2.07,0
20230611:1210,50.44,81.35,70.44,28.67,1.86,0
20230611:1310,91.15,133.38,64.44,28.18,2.9,0
20230611:1410,204.39,275.61,54.92,26.37,3.03,0
20230611:1510,358.07,482.45,44.16,26.92,1.93,0
20230611:1610,272.2,368.97,33.06,26.88,2.28,0
20230611:1710,117.64,169.88,22.03,26.39,2.34,0
20230611:1810,40.93,67.88,11.36,25.58,2.21,0
20230611:1910,0,0,0,25.33,2.76,0
20230611:2010,0,0,0,24.08,2.48,0
20230611:2110,0,0,0,23.15,2.07,0
20230611:2210,0,0,0,22.37,1.93,0
20230611:2310,0,0,0,21.56,2.07,0
20230612:0010,0,0,0,20.61,2.34,0
20230612:0110,0,0,0,19.58,2.34,0
20230612:0210,0,0,0,19.08,2.14,0
20230612:0310,0,0,0,18.63,2,0
20230612:0410,0,0,0,18.33,1.72,0
20230612:0510,26.39,47.06,8.67,18.33,1.31,0
20230612:0610,101.03,170.5,19.19,20.09,0.76,0
20230612:0710,282.3,384.98,30.15,23.05,1.86,0
20230612:0810,450.22,598.96,41.27,24.08,2.62,0
20230612:0910,0,0,0,24.75,2.28,0
20230612:1010,597.88,831.96,62.17,25.11,2.07,0
20230612:1110,459.45,624.57,69.47,25.98,2.28,0
20230612:1210,439.25,594.75,70.52,26.07,2.41,0
20230612:1310,566.09,784.74,64.52,25.31,2,0
20230612:1410,326.6,441.91,55,25.24,0.62,0
20230612:1510,452.36,622.73,44.24,25.81,0.69,0
20230612:1610,303.31,414.67,33.13,26.16,1.17,0
20230612:1710,140.7,216.63,22.1,25.98,1.79,0
20230612:1810,35.5,60.64,11.43,25.31,2.07,0
20230612:1910,0,0,0,23.6,1.86,0
20230612:2010,0,0,0,22.3,1.38,0
20230612:2110,0,0,0,21.48,0.76,0
20230612:2210,0,0,0,20.74,0.62,0
20230612:2310,0,0,0,20.84,0.41,0
20230613:0010,0,0,0,19.71,1.1,0
20230613:0110,0,0,0,19.4,0.97,0
20230613:0210,0,0,0,18.53,0.97,0
20230613:0310,0,0,0,18.33,1.52,0
20230613:0410,0,0,0,18.12,1.38,0
20230613:0510,25.75,46.16,8.68,18.05,1.31,0
20230613:0610,107.63,161.46,19.19,18.88,0.97,0
20230613:0710,279.96,379.78,30.15,21.07,1.17,0
20230613:0810,342.09,450.94,41.27,22.71,1.93,0
20230613:0910,260.91,344.8,52.18,23.7,2.62,0
20230613:1010,367.74,487.98,62.19,24.52,2.76,0
20230613:1110,113.13,157.98,69.51,23.62,3.1,0
20230613:1210,52.15,81.35,70.58,22.42,2.69,0
20230613:1310,48.57,76.62,64.59,21.7,1.93,0
20230613:1410,172.8,231.76,55.07,21.46,1.1,0
20230613:1510,33.17,56.76,44.31,21.73,0.83,0
20230613:1610,22.6,42.57,33.21,22.13,1.86,0
20230613:1710,13.93,30.27,22.18,22.1,1.52,0
20230613:1810,6.64,19.01,11.51,22.21,0.97,0
20230613:1910,0,0,0,21.72,1.38,0
20230613:2010,0,0,0,20.85,1.72,0
20230613:2110,0,0,0,20.15,1.79,0
20230613:2210,0,0,0,19.51,1.66,0
20230613:2310,0,0,0,19.03,1.59,0
20230614:0010,0,0,0,18.6,1.52,0
20230614:0110,0,0,0,17.88,1.45,0
20230614:0210,0,0,0,17.27,1.38,0
20230614:0310,0,0,0,16.56,1.45,0
20230614:0410,0,0,0,16.09,1.31,0
20230614:0510,25.28,45.25,8.68,16.51,1.24,0
20230614:0610,50.18,77.57,19.19,17.96,0.97,0
20230614:0710,66.25,98.38,30.15,20.27,1.66,0
20230614:0810,66.88,99.33,41.26,20.91,2.34,0
20230614:0910,293.15,382.59,52.18,21.63,2.69,0
20230614:1010,276.17,363.72,62.2,22.99,2.62,0
20230614:1110,714.2,1005.29,69.54,24.75,3.03,0
20230614:1210,461.27,620.35,70.65,26.08,3.38,0
20230614:1310,518.59,703.59,64.66,26.73,3.52,0
20230614:1410,608.32,836.61,55.14,26.32,3.1,0
20230614:1510,477.37,649.61,44.38,26.62,2.07,0
20230614:1610,326.92,450.03,33.28,26.18,0.9,0
20230614:1710,143.14,225.2,22.25,26.04,0.55,0
20230614:1810,35.37,60.64,11.58,25.68,0.76,0
20230614:1910,0,0.91,1.56,25.29,0.34,0
20230614:2010,0,0,0,24.36,0.62,0
20230614:2110,0,0,0,21.72,1.52,0
20230614:2210,0,0,0,21.32,2.07,0
20230614:2310,0,0,0,19.88,2.34,0
20230615:0010,0,0,0,18.81,2.34,0
20230615:0110,0,0,0,18.29,2.28,0
20230615:0210,0,0,0,17.84,2.34,0
20230615:0310,0,0,0,17.29,2.41,0
20230615:0410,0,0,0,16.84,2.55,0
20230615:0510,30.77,52.49,8.67,16.87,2.41,0
20230615:0610,107.49,168.72,19.18,18.78,2,0
20230615:0710,281.93,382.49,30.14,21.76,1.66,0
20230615:0810,449.07,599.82,41.25,23.74,2.14,0
20230615:0910,577.56,789.87,52.17,25.09,2.55,0
20230615:1010,648.33,906.89,62.2,26.39,2.9,0
20230615:1110,696.96,989.8,69.57,27.42,3.24,0
20230615:1210,711.35,1017.16,70.7,27.88,3.24,0
20230615:1310,675.62,961.31,64.73,28.36,3.03,0
20230615:1410,428.91,584.28,55.21,28.46,2.62,0
20230615:1510,312.64,423.09,44.45,27.98,1.86,0
20230615:1610,300.37,414.61,33.34,27.66,0.83,0
20230615:1710,60.86,94.6,22.31,27.27,0.55,0
20230615:1810,39.92,66.97,11.64,26.76,0.9,0
20230615:1910,0,0.91,1.63,25.08,1.45,0
20230615:2010,0,0,0,24.65,0.55,0
20230615:2110,0,0,0,23.56,0.76,0
20230615:2210,0,0,0,21,1.45,0
20230615:2310,0,0,0,20.03,1.72,0
20230616:0010,0,0,0,19.36,1.72,0
20230616:0110,0,0,0,18.96,2,0
20230616:0210,0,0,0,18.07,2.14,0
20230616:0310,0,0,0,17.27,2.14,0
20230616:0410,0,0,0,16.82,2.21,0
20230616:0510,30.07,51.59,8.66,16.85,2,0
20230616:0610,101.81,167.46,19.17,19.06,1.52,0
20230616:0710,276.01,378.45,30.12,22.97,1.03,0
20230616:0810,415.53,569.1,41.24,25.22,0.48,0
20230616:0910,555.23,789.27,52.16,26.64,0.69,0
20230616:1010,639.38,937.61,62.2,27.61,0.97,0
20230616:1110,677.22,1002.34,69.59,28.27,1.38,0
20230616:1210,658.82,972.6,70.75,28.75,1.38,0
20230616:1310,607.9,872.89,64.79,28.99,1.86,0
20230616:1410,594.06,832.3,55.27,29.05,2.76,0
20230616:1510,476.33,644.24,44.51,28.52,3.52,0
20230616:1610,195.11,266.01,33.4,28.05,3.31,0
20230616:1710,121.25,174.69,22.37,27.34,3.17,0
20230616:1810,29.73,53.4,11.71,26.45,2.9,0
20230616:1910,0,1.81,1.69,25.62,2.34,0
20230616:2010,0,0,0,24.27,1.93,0
20230616:2110,0,0,0,23.29,1.93,0
20230616:2210,0,0,0,22.31,2,0
20230616:2310,0,0,0,21.39,1.93,0
20230617:0010,0,0,0,20.55,1.93,0
20230617:0110,0,0,0,20,1.86,0
20230617:0210,0,0,0,19.52,1.79,0
20230617:0310,0,0,0,19.14,1.79,0
20230617:0410,0,0,0,18.89,1.66,0
20230617:0510,28.34,49.78,8.65,19,1.38,0
20230617:0610,98.81,166.4,19.15,21.21,0.69,0
20230617:0710,265.87,368.46,30.1,24.54,0.55,0
20230617:0810,429.15,584.27,41.22,25.84,1.24,0
20230617:0910,556.79,778.94,52.14,26.9,1.52,0
20230617:1010,644.05,925.87,62.19,27.89,1.86,0
20230617:1110,687.46,1007.33,69.6,28.76,2,0
20230617:1210,680.1,995.36,70.79,29.43,2.14,0
20230617:1310,648.35,931.51,64.84,29.75,2.55,0
20230617:1410,577.1,822.02,55.33,29.74,1.79,0
20230617:1510,464.65,646.58,44.57,29.49,1.45,0
20230617:1610,224.87,309.14,33.46,29.3,1.86,0
20230617:1710,105.19,153.85,22.43,29.06,2.34,0
20230617:1810,39.3,66.54,11.76,28.41,2.69,0
20230617:1910,0,0.91,1.74,26.59,2.41,0
20230617:2010,0,0,0,25.31,2.48,0
20230617:2110,0,0,0,24.11,2.28,0
20230617:2210,0,0,0,23.02,2.34,0
20230617:2310,0,0,0,22.15,2.55,0
20230618:0010,0,0,0,21.48,2.55,0
20230618:0110,0,0,0,21.08,2.62,0
20230618:0210,0,0,0,20.79,2.69,0
20230618:0310,0,0,0,20.5,2.76,0
20230618:0410,0,0,0,20.23,2.69,0
20230618:0510,25.5,46.16,8.63,20.14,2.48,0
20230618:0610,97.76,164.78,19.13,21.7,2.21,0
20230618:0710,267.53,364.53,30.08,24.11,2.62,0
20230618:0810,391.31,518.61,41.19,26.28,3.86,0
20230618:0910,237.94,319.29,52.12,27.9,4.34,0
20230618:1010,90.3,132.44,62.18,29.05,4.69,0
20230618:1110,191.87,262.04,69.61,29.7,5.1,0
20230618:1210,204.68,278.12,70.83,29.71,5.66,0
20230618:1310,54.07,86.08,64.89,29.48,5.52,0
20230618:1410,87.4,128.65,55.38,29.13,5.52,0
20230618:1510,68.23,104.06,44.62,28.77,5.59,0
20230618:1610,103.42,148.52,33.52,28.29,4.9,0
20230618:1710,81.47,120.94,22.48,27.83,4.48,0
20230618:1810,42.57,70.54,11.82,26.75,4.48,0
20230618:1910,0,1.81,1.8,24.42,3.52,0
20230618:2010,0,0,0,23.18,2.76,0
20230618:2110,0,0,0,22.18,2.07,0
20230618:2210,0,0,0,21.27,1.79,0
20230618:2310,0,0,0,20.54,1.72,0
20230619:0010,0,0,0,19.92,1.72,0
20230619:0110,0,0,0,19.18,1.45,0
20230619:0210,0,0,0,18.46,0.9,0
20230619:0310,0,0,0,18.19,0.69,0
20230619:0410,0,0,0,18.43,0.55,0
20230619:0510,3.63,13.58,8.61,18.17,0.76,0
20230619:0610,105.7,161.75,19.1,19.96,0.48,0
20230619:0710,239.18,323.51,30.05,21.65,0.55,0
20230619:0810,212.24,283.02,41.17,23.08,1.52,0
20230619:0910,70.14,105,52.1,24.49,2.14,0
20230619:1010,121,169.33,62.16,25.5,2.69,0
20230619:1110,648.02,905.09,69.61,26.25,3.1,0
20230619:1210,671.49,949.02,70.85,27.06,3.03,0
20230619:1310,231.98,312.75,64.94,27.67,3.38,0
20230619:1410,483.9,652.8,55.43,27.79,3.86,0
20230619:1510,477.96,637.79,44.67,27.41,4.34,0
20230619:1610,297.82,398.21,33.57,26.38,4.28,0
20230619:1710,103.17,147.84,22.53,25.38,4.21,0
20230619:1810,31.3,55.87,11.87,24.27,3.66,0
20230619:1910,0,3.62,1.84,23.23,2.83,0
20230619:2010,0,0,0,22.28,2.55,0
20230619:2110,0,0,0,21.57,2.14,0
20230619:2210,0,0,0,21.03,2,0
20230619:2310,0,0,0,20.57,2.21,0
20230620:0010,0,0,0,20.23,2.21,0
20230620:0110,0,0,0,19.88,2.14,0
20230620:0210,0,0,0,19.49,2.07,0
20230620:0310,0,0,0,19.23,2.21,0
20230620:0410,0,0,0,19.08,2.41,0
20230620:0510,18.33,36.2,8.58,19.22,2.41,0
20230620:0610,51.08,79.46,19.07,20.73,2.34,0
20230620:0710,82.4,119.19,30.02,22.48,3.24,0
20230620:0810,174.22,234.63,41.13,24,2.76,0
20230620:0910,264.19,351.63,52.07,25.46,2.83,0
20230620:1010,399.68,537.31,62.13,26.56,2.76,0
20230620:1110,520.13,717.88,69.6,27.26,2.48,0
20230620:1210,532.64,749.55,70.88,28.08,1.72,0
20230620:1310,478.82,674.21,64.97,29,1.17,0
20230620:1410,549.3,787.71,55.47,29.93,1.17,0
20230620:1510,452.68,631.37,44.72,30.65,1.59,0
20230620:1610,242.46,333.8,33.61,30.61,2.55,0
20230620:1710,135.33,198.5,22.58,29.19,3.31,0
20230620:1810,34.57,61.02,11.91,27.17,3.03,0
20230620:1910,0,3.62,1.88,24.23,2,0
20230620:2010,0,0,0,23.29,0.76,0
20230620:2110,0,0,0,22.7,1.1,0
20230620:2210,0,0,0,22.13,1.52,0
20230620:2310,0,0,0,21.63,1.66,0
20230621:0010,0,0,0,20.93,1.31,0
20230621:0110,0,0,0,20.37,1.72,0
20230621:0210,0,0,0,20.1,1.86,0
20230621:0310,0,0,0,20.02,2.55,0
20230621:0410,0,0,0,20.12,3.03,0
20230621:0510,25.46,46.16,8.55,20.49,3.1,0
20230621:0610,61.71,93.14,19.04,21.47,3.45,0
20230621:0710,259.83,346.7,29.98,22.46,4.76,0
20230621:0810,305.63,396.5,41.1,23.35,5.24,0
20230621:0910,508.9,666.27,52.03,24.38,5.38,0
20230621:1010,438.01,577.12,62.11,25.49,5.03,0
20230621:1110,451.07,599.16,69.59,26.38,4.9,0
20230621:1210,564.42,765.26,70.89,27.43,4.76,0
20230621:1310,577.4,784.57,65.01,27.7,4.69,0
20230621:1410,565.7,764.07,55.51,27.76,4.69,0
20230621:1510,448.77,597.61,44.76,27.75,4.55,0
20230621:1610,314.01,422.49,33.65,27.32,4.21,0
20230621:1710,145.47,217.35,22.62,26.65,3.52,0
20230621:1810,26.1,50.09,11.95,25.78,2.76,0
20230621:1910,0,4.53,1.92,23.94,2.41,0
20230621:2010,0,0,0,23.31,1.52,0
20230621:2110,0,0,0,22.64,0.69,0
20230621:2210,0,0,0,22.25,0.76,0
20230621:2310,0,0,0,22.03,0.62,0
20230622:0010,0,0,0,21.47,1.03,0
20230622:0110,0,0,0,20.81,1.17,0
20230622:0210,0,0,0,20.12,1.1,0
20230622:0310,0,0,0,19.68,1.31,0
20230622:0410,0,0,0,19.69,1.59,0
20230622:0510,26.18,47.06,8.51,19.96,1.93,0
20230622:0610,95.52,164.02,19,20.92,1.93,0
20230622:0710,262.67,357.53,29.94,22.56,1.59,0
20230622:0810,422.68,570.6,41.06,24.29,1.17,0
20230622:0910,545.31,758.18,51.99,25.73,1.31,0
20230622:1010,275.89,373.72,62.07,27.23,1.52,0
20230622:1110,49.86,80.41,69.57,28.13,1.79,0
20230622:1210,49.77,80.41,70.9,28.53,2,0
20230622:1310,47.71,76.62,65.04,25.09,1.66,0
20230622:1410,539.35,734.73,55.55,25.3,2.48,0
20230622:1510,105.67,150.41,44.8,25.46,1.72,0
20230622:1610,304.95,416.22,33.69,25.79,0.97,0
20230622:1710,145.23,217.37,22.66,25.94,1.03,0
20230622:1810,28.33,53.27,11.99,25.73,1.31,0
20230622:1910,0,3.62,1.95,25.23,1.79,0
20230622:2010,0,0,0,24.16,1.72,0
20230622:2110,0,0,0,23.08,1.59,0
20230622:2210,0,0,0,22.15,1.38,0
20230622:2310,0,0,0,21.68,1.31,0
20230623:0010,0,0,0,20.94,1.38,0
20230623:0110,0,0,0,20.32,1.52,0
20230623:0210,0,0,0,19.72,1.59,0
20230623:0310,0,0,0,19.39,1.66,0
20230623:0410,0,0,0,18.85,1.66,0
20230623:0510,12.66,28.06,8.47,18.78,1.52,0
20230623:0610,78.21,114.55,18.96,20.47,1.24,0
20230623:0710,258.86,353.61,29.9,23.12,1.31,0
20230623:0810,430.65,579.19,41.01,24.34,1.59,0
20230623:0910,546.66,754.36,51.95,25.4,1.66,0
20230623:1010,564.37,790.69,62.03,26.78,1.79,0
20230623:1110,494.69,687.46,69.54,27.62,1.79,0
20230623:1210,388.5,533.41,70.9,28.11,1.52,0
20230623:1310,620.46,904.77,65.06,28.74,1.24,0
20230623:1410,521.09,721.8,55.58,28.78,2.48,0
20230623:1510,280.02,375.78,44.83,27.89,3.1,0
20230623:1610,304.15,411.84,33.73,27.49,3.03,0
20230623:1710,140.91,205.59,22.69,26.89,2.48,0
20230623:1810,32.26,56.63,12.02,26.56,1.72,0
20230623:1910,0,0.91,1.98,25.95,0.9,0
20230623:2010,0,0,0,25.49,0.21,0
20230623:2110,0,0,0,24.19,1.03,0
20230623:2210,0,0,0,23.76,1.59,0
20230623:2310,0,0,0,22.97,1.79,0
20230624:0010,0,0,0,21.77,1.86,0
20230624:0110,0,0,0,20.94,1.79,0
20230624:0210,0,0,0,20.23,1.79,0
20230624:0310,0,0,0,19.7,1.86,0
20230624:0410,0,0,0,19.25,1.79,0
20230624:0510,27.64,48.87,8.42,19.23,1.66,0
20230624:0610,96.53,163.91,18.91,21.12,1.03,0
20230624:0710,273.11,379.56,29.85,24.55,0.76,0
20230624:0810,435.41,593.55,40.97,25.92,1.31,0
20230624:0910,559.01,784.81,51.9,27.09,1.45,0
20230624:1010,646.74,934.38,61.99,28.21,1.79,0
20230624:1110,690.6,1017.35,69.51,29.06,1.93,0
20230624:1210,700.93,1040.66,70.89,29.62,1.93,0
20230624:1310,665.91,975.47,65.07,30.24,2.07,0
20230624:1410,598.43,849.65,55.6,30.08,2.41,0
20230624:1510,485.23,667.23,44.86,29.93,2.83,0
20230624:1610,328.08,450.06,33.76,29.21,2.83,0
20230624:1710,148.66,224.44,22.72,28.53,2.48,0
20230624:1810,25.59,50.76,12.04,27.63,2,0
20230624:1910,0,4.53,2.01,26.13,0.97,0
20230624:2010,0,0,0,25.72,0.48,0
20230624:2110,0,0,0,23.81,1.38,0
20230624:2210,0,0,0,23.09,1.72,0
20230624:2310,0,0,0,21.77,1.66,0
20230625:0010,0,0,0,20.69,1.52,0
20230625:0110,0,0,0,19.93,1.45,0
20230625:0210,0,0,0,19.38,1.45,0
20230625:0310,0,0,0,18.97,1.45,0
20230625:0410,0,0,0,18.65,1.45,0
20230625:0510,27.7,48.87,8.37,18.68,1.24,0
20230625:0610,94.28,161.09,18.86,21.69,0.48,0
20230625:0710,268.04,373.67,29.8,24.51,0.34,0
20230625:0810,427.56,587.13,40.91,26.27,0.83,0
20230625:0910,550.71,777.92,51.85,27.84,1.24,0
20230625:1010,634.42,921.08,61.94,29.14,1.66,0
20230625:1110,681.25,1009.09,69.47,30.16,1.86,0
20230625:1210,688.94,1027.17,70.88,30.94,1.93,0
20230625:1310,657.8,968.44,65.08,31.46,2.07,0
20230625:1410,583.32,838.9,55.62,31.63,2,0
20230625:1510,471.31,658.2,44.88,31.79,2.21,0
20230625:1610,312.91,437.43,33.78,31.64,1.79,0
20230625:1710,146.8,230.11,22.74,31.24,2.07,0
20230625:1810,24.41,50.03,12.06,30.54,2.21,0
20230625:1910,0,2.72,2.02,28.85,1.86,0
20230625:2010,0,0,0,27.42,1.31,0
20230625:2110,0,0,0,26.23,1.17,0
20230625:2210,0,0,0,25.47,1.31,0
20230625:2310,0,0,0,24.78,1.66,0
20230626:0010,0,0,0,24.12,1.79,0
20230626:0110,0,0,0,22.94,1.72,0
20230626:0210,0,0,0,22.31,1.66,0
20230626:0310,0,0,0,22.07,1.59,0
20230626:0410,0,0,0,21.83,1.59,0
20230626:0510,16.79,34.39,8.32,21.83,1.59,0
20230626:0610,92.05,160.43,18.8,24.09,1.03,0
20230626:0710,260.42,362.88,29.74,26.5,1.52,0
20230626:0810,418.2,572.82,40.86,28.22,1.66,0
20230626:0910,540.51,763.18,51.8,29.83,1.72,0
20230626:1010,624.86,915.02,61.89,31.03,1.66,0
20230626:1110,661.53,986.08,69.42,31.97,1.79,0
20230626:1210,671.16,1009.48,70.86,32.46,1.72,0
20230626:1310,632.54,936.37,65.09,32.66,1.79,0
20230626:1410,569.2,816.1,55.64,32.64,2.28,0
20230626:1510,317.59,435.45,44.9,32.32,3.03,0
20230626:1610,158.09,222.01,33.8,31.62,3.17,0
20230626:1710,56.39,89.87,22.76,30.64,2,0
20230626:1810,35.72,62.04,12.08,29.35,2.48,0
20230626:1910,0,0.91,2.03,28.15,2.41,0
20230626:2010,0,0,0,26.77,1.59,0
20230626:2110,0,0,0,25.79,1.1,0
20230626:2210,0,0,0,24.76,0.83,0
20230626:2310,0,0,0,24.21,1.17,0
20230627:0010,0,0,0,23.71,1.52,0
20230627:0110,0,0,0,23.19,1.59,0
20230627:0210,0,0,0,22.7,1.38,0
20230627:0310,0,0,0,22.6,1.17,0
20230627:0410,0,0,0,22.15,1.17,0
20230627:0510,25.91,47.06,8.26,21.78,1.17,0
20230627:0610,97.86,156.97,18.74,23.5,1.17,0
20230627:0710,250.03,343.6,29.68,24.76,1.59,0
20230627:0810,403.51,551.41,40.8,26.36,0.9,0
20230627:0910,522.55,740.74,51.74,27.86,0.69,0
20230627:1010,604.33,888.3,61.83,29.47,0.83,0
20230627:1110,658.19,973.64,69.37,30.22,1.59,0
20230627:1210,661.72,975.63,70.83,30.76,1.93,0
20230627:1310,473.71,663.8,65.09,30.61,2,0
20230627:1410,563.31,797.29,55.65,30.51,2.21,0
20230627:1510,418.11,577.15,44.92,30.46,1.93,0
20230627:1610,180.69,251.94,33.82,30.45,1.52,0
20230627:1710,135.1,199.73,22.78,29.82,1.1,0
20230627:1810,40.42,69.86,12.09,28.63,1.66,0
20230627:1910,0,0.91,2.04,28.16,1.31,0
20230627:2010,0,0,0,27.01,0.9,0
20230627:2110,0,0,0,25.94,0.97,0
20230627:2210,0,0,0,25.36,1.24,0
20230627:2310,0,0,0,24.74,1.45,0
20230628:0010,0,0,0,23.63,1.17,0
20230628:0110,0,0,0,24.23,0.41,0
20230628:0210,0,0,0,23.78,0.21,0
20230628:0310,0,0,0,22.63,0.62,0
20230628:0410,0,0,0,21.43,0.97,0
20230628:0510,24.64,45.25,8.19,21.29,1.03,0
20230628:0610,98.48,149.63,18.68,22.69,0.83,0
20230628:0710,223.22,305.74,29.62,24.41,0.83,0
20230628:0810,391.85,535.85,40.74,26.09,0.62,0
20230628:0910,513.89,722.1,51.67,27.44,0.9,0
20230628:1010,602.89,865.43,61.76,28.44,1.52,0
20230628:1110,656.97,954.62,69.32,29.55,2.14,0
20230628:1210,670.16,978.23,70.8,29.83,2.21,0
20230628:1310,636.76,918.15,65.08,30.23,2.34,0
20230628:1410,550.19,791.59,55.66,30.02,1.03,0
20230628:1510,439.04,609.51,44.93,29.18,1.17,0
20230628:1610,296.52,407.68,33.83,29.09,1.86,0
20230628:1710,138.89,205.17,22.79,28.85,1.72,0
20230628:1810,28.49,51.94,12.1,28.47,1.52,0
20230628:1910,0,2.72,2.04,26.97,1.24,0
20230628:2010,0,0,0,26.37,1.17,0
20230628:2110,0,0,0,25.55,1.1,0
20230628:2210,0,0,0,24.82,1.17,0
20230628:2310,0,0,0,24.03,1.24,0
20230629:0010,0,0,0,23.28,1.1,0
20230629:0110,0,0,0,22.44,1.03,0
20230629:0210,0,0,0,21.9,1.1,0
20230629:0310,0,0,0,21.24,1.17,0
20230629:0410,0,0,0,21.36,1.59,0
20230629:0510,20.7,39.82,8.13,21.38,1.86,0
20230629:0610,99.02,154.37,18.61,22.62,1.59,0
20230629:0710,235.91,325.73,29.55,25.09,0.69,0
20230629:0810,374.96,509.38,40.67,25.96,0.9,0
20230629:0910,465.79,644.95,51.61,27.03,1.03,0
20230629:1010,393.57,544.83,61.7,28.21,0.83,0
20230629:1110,527.35,750.45,69.25,29.07,1.31,0
20230629:1210,642.13,946.75,70.76,28.72,1.17,0
20230629:1310,108.02,156.09,65.07,28.36,0.28,0
20230629:1410,41.33,69.06,55.66,27.53,0.83,0
20230629:1510,42.7,70.95,44.94,27.88,1.17,0
20230629:1610,34.17,59.6,33.84,28.29,1.79,0
20230629:1710,85.06,126.31,22.8,28.01,1.52,0
20230629:1810,40.55,68.23,12.1,27.36,1.31,0
20230629:1910,0,5.43,2.04,25.79,1.38,0
20230629:2010,0,0,0,24.98,1.52,0
20230629:2110,0,0,0,22.71,2.07,0
20230629:2210,0,0,0,21.26,1.24,0
20230629:2310,0,0,0,20.58,1.38,0
20230630:0010,0,0,0,20.15,0.69,0
20230630:0110,0,0,0,19.89,0.48,0
20230630:0210,0,0,0,19.45,1.03,0
20230630:0310,0,0,0,19.13,1.03,0
20230630:0410,0,0,0,18.97,0.76,0
20230630:0510,18.32,36.2,8.06,19.09,0.62,0
20230630:0610,98.82,145.77,18.54,19.53,1.03,0
20230630:0710,261.42,356.37,29.48,20.75,0.62,0
20230630:0810,403.14,538.19,40.6,21.93,0.9,0
20230630:0910,553.83,758.2,51.54,23.15,1.45,0
20230630:1010,624.73,875.54,61.63,24.17,1.72,0
20230630:1110,0,0,0,24.53,2.21,0
20230630:1210,594.43,833.34,70.71,24.39,1.59,0
20230630:1310,519.01,703.31,65.05,23.04,2,0
20230630:1410,140.03,191.09,55.66,23.08,2.76,0
20230630:1510,60.79,92.71,44.94,23.52,2.69,0
20230630:1610,188.24,252.15,33.84,22.67,1.72,0
20230630:1710,17.18,35,22.8,22.21,1.17,0
20230630:1810,2.87,12.3,12.1,21.77,1.38,0
20230630:1910,0,0.91,2.03,22.77,0.97,0
20230630:2010,0,0,0,21.92,1.86,0
20230630:2110,0,0,0,20.98,2.69,0
20230630:2210,0,0,0,20.21,3.1,0
20230630:2310,0,0,0,19.48,2.9,0
20230701:0010,0,0,0,18.87,2.62,0
20230701:0110,0,0,0,18.57,2.14,0
20230701:0210,0,0,0,18.28,1.52,0
20230701:0310,0,0,0,17.98,0.9,0
20230701:0410,0,0,0,17.76,0.55,0
20230701:0510,24.43,44.35,7.98,17.61,0.34,0
20230701:0610,90.81,154.86,18.47,17.99,0.48,0
20230701:0710,261.3,353.36,29.41,19.52,0.97,0
20230701:0810,409.17,544.04,40.53,21.07,0.9,0
20230701:0910,560.58,767.19,51.46,22.43,1.31,0
20230701:1010,638.63,901.19,61.55,23.52,1.38,0
20230701:1110,694.65,999.79,69.11,24.1,1.59,0
20230701:1210,702.87,1019.19,70.66,25.01,1.66,0
20230701:1310,656.68,947.14,65.03,25.54,1.31,0
20230701:1410,329.02,445.15,55.65,25.9,0.97,0
20230701:1510,439.05,596.87,44.94,26.17,1.52,0
20230701:1610,290.91,394.7,33.84,26.21,1.52,0
20230701:1710,149.68,225.36,22.79,26.12,1.31,0
20230701:1810,35.25,63.51,12.09,25.4,1.45,0
20230701:1910,0.88,8.15,2.02,24.26,1.17,0
20230701:2010,0,0,0,23,0.97,0
20230701:2110,0,0,0,22.16,0.9,0
20230701:2210,0,0,0,22.49,0.28,0
20230701:2310,0,0,0,21.85,0.69,0
20230702:0010,0,0,0,20.49,1.45,0
20230702:0110,0,0,0,20.38,1.66,0
20230702:0210,0,0,0,20.09,1.66,0
20230702:0310,0,0,0,19.75,1.72,0
20230702:0410,0,0,0,19.47,1.66,0
20230702:0510,23.55,43.44,7.9,19.53,1.66,0
20230702:0610,88.73,153.39,18.39,20.11,1.66,0
20230702:0710,264.34,362.53,29.33,21.9,1.03,0
20230702:0810,423.58,573.17,40.45,23.01,0.55,0
20230702:0910,545.63,761.71,51.38,24.04,0.62,0
20230702:1010,611.57,870.24,61.47,25.07,1.1,0
20230702:1110,644.46,916.57,69.03,25.41,1.79,0
20230702:1210,467.29,633.31,70.6,25.35,2.34,0
20230702:1310,343.9,459.36,64.99,25.69,2.55,0
20230702:1410,306.76,409.04,55.63,25.98,2.69,0
20230702:1510,68.36,103.11,44.93,25.59,2.97,0
20230702:1610,206.7,278.09,33.83,25.37,2.69,0
20230702:1710,65.63,99.33,22.79,24.71,2.55,0
20230702:1810,43.01,70.65,12.08,24.16,2.76,0
20230702:1910,0,4.53,2,23.48,2.07,0
20230702:2010,0,0,0,22.85,1.45,0
20230702:2110,0,0,0,22.31,1.1,0
20230702:2210,0,0,0,21.62,0.9,0
20230702:2310,0,0,0,22.06,0.41,0
20230703:0010,0,0,0,21.86,0.34,0
20230703:0110,0,0,0,21.28,0.62,0
20230703:0210,0,0,0,21.06,0.83,0
20230703:0310,0,0,0,21.09,1.31,0
20230703:0410,0,0,0,20.71,1.52,0
20230703:0510,24.78,45.25,7.82,20.35,1.59,0
20230703:0610,91.35,152.5,18.31,21.03,1.66,0
20230703:0710,260.42,354.54,29.25,21.78,1.86,0
20230703:0810,425.19,567.21,40.37,22.66,1.45,0
20230703:0910,515.32,706.58,51.3,23.82,1.1,0
20230703:1010,607.58,856.94,61.38,24.61,1.31,0
20230703:1110,461.02,628.37,68.94,25.21,1.72,0
20230703:1210,451.29,614.1,70.53,25.65,1.93,0
20230703:1310,492,671.13,64.96,25.54,2.14,0
20230703:1410,470.66,634.93,55.61,25.04,2.28,0
20230703:1510,179.62,243.35,44.92,25.21,2.14,0
20230703:1610,39.79,66.22,33.82,24.81,1.45,0
20230703:1710,103.29,148.15,22.77,24.74,2,0
20230703:1810,39.21,67.93,12.06,24.26,2.55,0
20230703:1910,0.88,8.15,1.97,23.96,1.79,0
20230703:2010,0,0,0,23.11,1.45,0
20230703:2110,0,0,0,22.62,1.38,0
20230703:2210,0,0,0,21.58,1.17,0
20230703:2310,0,0,0,20.82,1.1,0
20230704:0010,0,0,0,20.25,1.52,0
20230704:0110,0,0,0,20,1.66,0
20230704:0210,0,0,0,19.72,1.52,0
20230704:0310,0,0,0,19.51,1.45,0
20230704:0410,0,0,0,19.6,1.24,0
20230704:0510,23.5,43.44,7.73,19.83,1.1,0
20230704:0610,87.01,152.1,18.23,21.68,0.34,0
20230704:0710,252.59,346.37,29.17,23.06,1.31,0
20230704:0810,418.02,563.29,40.29,23.89,1.1,0
20230704:0910,478.38,655.01,51.22,24.41,0.97,0
20230704:1010,215.31,290.83,61.29,25.32,1.24,0
20230704:1110,653.76,940.09,68.85,25.43,1.45,0
20230704:1210,132.97,185.41,70.45,26.03,1.59,0
20230704:1310,183.7,250.68,64.91,27.02,2.28,0
20230704:1410,575.97,791.92,55.59,26.33,2.69,0
20230704:1510,482.74,651.52,44.9,25.41,2.21,0
20230704:1610,22.9,43.52,33.81,25.26,1.93,0
20230704:1710,22.23,42.57,22.76,25.33,2.62,0
20230704:1810,2.8,12.3,12.04,25.32,1.72,0
20230704:1910,0,5.43,1.94,24.04,1.24,0
20230704:2010,0,0,0,23.19,1.1,0
20230704:2110,0,0,0,22.42,1.24,0
20230704:2210,0,0,0,21.56,1.1,0
20230704:2310,0,0,0,21.08,1.24,0
20230705:0010,0,0,0,20.68,1.24,0
20230705:0110,0,0,0,20.3,1.17,0
20230705:0210,0,0,0,20.05,1.1,0
20230705:0310,0,0,0,19.96,1.03,0
20230705:0410,0,0,0,19.9,1.03,0
20230705:0510,24.2,44.35,7.64,19.61,1.17,0
20230705:0610,86.88,150.67,18.14,20.95,0.83,0
20230705:0710,0,0,0,22.25,1.66,0
20230705:0810,351.69,465.47,40.2,22.9,1.66,0
20230705:0910,449.98,608.3,51.13,23.78,1.24,0
20230705:1010,355.4,476.19,61.2,24.49,1.52,0
20230705:1110,239.54,321.35,68.75,24.62,1.38,0
20230705:1210,80.37,118.25,70.37,24.69,1.1,0
20230705:1310,253.51,338.99,64.86,24.93,1.93,0
20230705:1410,551.14,757.87,55.56,24.67,1.79,0
20230705:1510,343.56,460.13,44.88,24.93,1.38,0
20230705:1610,257.06,346.98,33.79,24.82,0.97,0
20230705:1710,150.44,222.85,22.73,24.71,0.76,0
20230705:1810,37.48,66.31,12.01,24.22,0.97,0
20230705:1910,0,2.72,1.91,23.5,1.17,0
20230705:2010,0,0,0,22.54,1.24,0
20230705:2110,0,0,0,22.44,0.48,0
20230705:2210,0,0,0,21.37,0.9,0
20230705:2310,0,0,0,21.48,1.45,0
20230706:0010,0,0,0,20.73,1.59,0
20230706:0110,0,0,0,20.18,1.66,0
20230706:0210,0,0,0,19.61,1.59,0
20230706:0310,0,0,0,19.28,1.59,0
20230706:0410,0,0,0,18.96,1.59,0
20230706:0510,7.9,20.82,7.55,18.96,1.52,0
20230706:0610,78.75,115.96,18.05,20.34,1.03,0
20230706:0710,242.49,331.06,29,22.65,1.17,0
20230706:0810,129.34,179.74,40.11,24.19,0.9,0
20230706:0910,397.56,542.7,51.04,25.48,0.62,0
20230706:1010,117.82,166.49,61.1,26.53,1.79,0
20230706:1110,134.2,187.3,68.65,26.94,2.34,0
20230706:1210,635.55,899.39,70.28,27.33,2.55,0
20230706:1310,585.96,811.6,64.81,27.43,3.1,0
20230706:1410,460.41,620.23,55.52,26.97,3.24,0
20230706:1510,309.97,412.87,44.85,26.13,2.69,0
20230706:1610,43.11,70.95,33.76,26.28,2.07,0
20230706:1710,24.83,46.35,22.7,26.17,2.14,0
20230706:1810,10.56,25.54,11.98,25.61,2.07,0
20230706:1910,0,3.62,1.87,24.5,2.21,0
20230706:2010,0,0,0,23.48,2.07,0
20230706:2110,0,0,0,22.6,1.93,0
20230706:2210,0,0,0,21.86,1.79,0
20230706:2310,0,0,0,21.2,1.45,0
20230707:0010,0,0,0,20.61,1.24,0
20230707:0110,0,0,0,20.05,1.17,0
20230707:0210,0,0,0,19.55,1.17,0
20230707:0310,0,0,0,19.17,1.17,0
20230707:0410,0,0,0,18.79,1.03,0
20230707:0510,22.93,42.54,7.45,18.94,0.76,0
20230707:0610,85.84,149.48,17.95,20.84,0.14,0
20230707:0710,260.55,359.48,28.9,23.4,1.45,0
20230707:0810,425.4,571.57,40.02,24.57,1.72,0
20230707:0910,554.3,762.65,50.94,25.72,2,0
20230707:1010,647.91,912.44,61,26.8,2.55,0
20230707:1110,699.24,992.55,68.54,27.49,3.24,0
20230707:1210,707.01,1002.54,70.19,27.72,3.52,0
20230707:1310,621.38,861.89,64.75,27.34,3.45,0
20230707:1410,41.6,69.06,55.48,26.84,2.97,0
20230707:1510,63.03,96.49,44.82,25.81,2.48,0
20230707:1610,309.23,418.98,33.73,25.57,1.45,0
20230707:1710,99.52,143.61,22.67,25.09,1.17,0
20230707:1810,27.66,54.95,11.94,24.65,1.38,0
20230707:1910,0.52,7.24,1.82,24.07,1.17,0
20230707:2010,0,0,0,22.86,0.9,0
20230707:2110,0,0,0,22.32,0.76,0
20230707:2210,0,0,0,22.65,0.14,0
20230707:2310,0,0,0,21.68,1.79,0
20230708:0010,0,0,0,21.26,1.86,0
20230708:0110,0,0,0,20.57,1.86,0
20230708:0210,0,0,0,20.16,2,0
20230708:0310,0,0,0,19.95,1.93,0
20230708:0410,0,0,0,19.84,1.93,0
20230708:0510,22.84,42.54,7.35,19.91,1.93,0
20230708:0610,87.56,149.44,17.86,21.38,1.86,0
20230708:0710,260.43,358.65,28.81,23.7,1.93,0
20230708:0810,423.61,569.62,39.93,25.49,2.07,0
20230708:0910,557.77,768.41,50.85,27.1,2.48,0
20230708:1010,648.8,919.58,60.89,28.4,2.76,0
20230708:1110,696.78,1005.22,68.42,29.29,2.97,0
20230708:1210,708.49,1027.08,70.09,29.86,3.1,0
20230708:1310,672.34,965.54,64.68,30.09,3.03,0
20230708:1410,605.52,852.47,55.43,30.21,3.03,0
20230708:1510,485.02,664.3,44.78,29.94,3.1,0
20230708:1610,324.49,443.01,33.7,29.27,3.17,0
20230708:1710,152.71,234.73,22.63,28.24,2.97,0
20230708:1810,28.79,56.82,11.9,26.99,2.41,0
20230708:1910,0,5.43,1.77,25.55,0.97,0
20230708:2010,0,0,0,24.62,0.97,0
20230708:2110,0,0,0,23.92,1.31,0
20230708:2210,0,0,0,23.33,1.59,0
20230708:2310,0,0,0,22.54,1.59,0
20230709:0010,0,0,0,21.77,1.52,0
20230709:0110,0,0,0,21.21,1.45,0
20230709:0210,0,0,0,20.75,1.52,0
20230709:0310,0,0,0,20.31,1.45,0
20230709:0410,0,0,0,19.97,1.59,0
20230709:0510,22.2,41.63,7.24,19.69,1.59,0
20230709:0610,85.79,147.64,17.75,21.37,0.9,0
20230709:0710,254.13,352.57,28.71,24.53,1.38,0
20230709:0810,415.86,563.06,39.83,26.09,1.66,0
20230709:0910,545.55,755.27,50.74,27.51,2.14,0
20230709:1010,633.28,903.8,60.78,28.74,2.28,0
20230709:1110,682.08,989.13,68.3,29.7,2.62,0
20230709:1210,690.75,1004.55,69.98,30.34,2.83,0
20230709:1310,661.35,954.96,64.6,30.64,2.76,0
20230709:1410,589.9,834.17,55.38,30.86,2.76,0
20230709:1510,473.95,653.86,44.74,30.73,2.69,0
20230709:1610,311.21,428.54,33.66,30.37,2.55,0
20230709:1710,149.67,229.01,22.59,29.68,2.41,0
20230709:1810,35.2,64.67,11.85,28.51,2,0
20230709:1910,0,5.43,1.71,26.35,1.24,0
20230709:2010,0,0,0,25.48,1.31,0
20230709:2110,0,0,0,24.8,1.03,0
20230709:2210,0,0,0,24.03,0.76,0
20230709:2310,0,0,0,23.59,0.83,0
20230710:0010,0,0,0,23.56,0.69,0
20230710:0110,0,0,0,23.23,0.83,0
20230710:0210,0,0,0,22.54,1.03,0
20230710:0310,0,0,0,22.16,1.1,0
20230710:0410,0,0,0,21.95,1.1,0
20230710:0510,16.16,33.49,7.14,21.78,1.1,0
20230710:0610,89.84,138.45,17.65,23.88,0.48,0
20230710:0710,246.78,346.01,28.61,26.09,0.9,0
20230710:0810,407.69,555.61,39.73,27.83,1.79,0
20230710:0910,538.08,745.08,50.64,29.3,2.69,0
20230710:1010,632.73,902.68,60.67,30.44,2.83,0
20230710:1110,673.41,982.69,68.18,31.13,2.62,0
20230710:1210,680.42,998.13,69.86,31.53,2.62,0
20230710:1310,652.61,949.71,64.52,31.65,2.55,0
20230710:1410,584.93,829.06,55.32,31.67,2.83,0
20230710:1510,471.06,649.99,44.69,31.73,3.1,0
20230710:1610,315.3,435.4,33.61,31.57,3.1,0
20230710:1710,148.73,230.87,22.54,31.05,2.76,0
20230710:1810,33.43,62.84,11.79,30.25,2.21,0
20230710:1910,0,3.62,1.65,28.35,1.59,0
20230710:2010,0,0,0,27.21,1.31,0
20230710:2110,0,0,0,26.16,1.17,0
20230710:2210,0,0,0,25.26,1.1,0
20230710:2310,0,0,0,24.54,1.03,0
20230711:0010,0,0,0,24.23,0.9,0
20230711:0110,0,0,0,23.65,1.17,0
20230711:0210,0,0,0,23.29,1.24,0
20230711:0310,0,0,0,22.98,1.17,0
20230711:0410,0,0,0,22.66,1.45,0
20230711:0510,19.29,38.01,7.03,22.32,1.31,0
20230711:0610,88.2,144.89,17.55,24.21,0.76,0
20230711:0710,251.54,355.47,28.51,26.01,0.21,0
20230711:0810,395.48,544.96,39.62,27.92,0.83,0
20230711:0910,522.23,726.9,50.53,29.6,2.28,0
20230711:1010,624.28,880.38,60.55,30.68,3.52,0
20230711:1110,681.94,969.6,68.04,31.28,4.28,0
20230711:1210,595.66,832.16,69.74,31.82,4.69,0
20230711:1310,659.82,931.51,64.43,32.42,4.83,0
20230711:1410,587.51,814.73,55.26,32.81,5.1,0
20230711:1510,465.15,635.06,44.64,32.89,4.9,0
20230711:1610,306.38,421.19,33.56,32.67,4.69,0
20230711:1710,149.48,232.72,22.49,32.3,4.34,0
20230711:1810,37.8,68.02,11.73,31.22,3.45,0
20230711:1910,0,1.81,1.58,29.59,1.66,0
20230711:2010,0,0,0,27.75,1.17,0
20230711:2110,0,0,0,26.29,1.45,0
20230711:2210,0,0,0,25.23,2.34,0
20230711:2310,0,0,0,24.24,3.52,0
20230712:0010,0,0,0,23.57,3.52,0
20230712:0110,0,0,0,23.48,2.9,0
20230712:0210,0,0,0,23.56,2.62,0
20230712:0310,0,0,0,23.56,2.62,0
20230712:0410,0,0,0,23.51,2.48,0
20230712:0510,19.82,38.92,6.91,23.49,2.07,0
20230712:0610,86.35,145.02,17.44,23.99,2.14,0
20230712:0710,249.11,343.77,28.4,25.2,2.62,0
20230712:0810,414.86,553.47,39.52,26.35,3.24,0
20230712:0910,547.66,747.91,50.42,27.81,3.24,0
20230712:1010,635.48,901.64,60.43,29.2,2.76,0
20230712:1110,673.41,976.23,67.91,30.06,2.62,0
20230712:1210,666.47,974.99,69.61,30.98,2.41,0
20230712:1310,170.02,236.49,64.34,30.87,3.31,0
20230712:1410,352.42,477.47,55.19,30.42,3.72,0
20230712:1510,341.87,460.28,44.58,29.64,3.72,0
20230712:1610,257.14,348.99,33.5,28.99,3.38,0
20230712:1710,127.6,184.8,22.43,28.47,2.97,0
20230712:1810,42.39,71.86,11.67,27.93,2.34,0
20230712:1910,0,1.81,1.5,27.29,2.55,0
20230712:2010,0,0,0,26.47,3.03,0
20230712:2110,0,0,0,25.7,3.24,0
20230712:2210,0,0,0,24.92,3.31,0
20230712:2310,0,0,0,24.35,3.72,0
20230713:0010,0,0,0,23.85,4,0
20230713:0110,0,0,0,23.36,3.66,0
20230713:0210,0,0,0,22.94,3.1,0
20230713:0310,0,0,0,22.58,2.55,0
20230713:0410,0,0,0,22.19,2.21,0
20230713:0510,16.79,34.39,6.79,21.93,2.07,0
20230713:0610,84.08,143.75,17.33,22.72,2.34,0
20230713:0710,246.98,336.4,28.29,23.67,3.45,0
20230713:0810,425.2,561.83,39.41,24.91,3.59,0
20230713:0910,558.19,752.85,50.31,25.9,3.52,0
20230713:1010,519.1,705.74,60.3,27,3.31,0
20230713:1110,461.2,628.02,67.77,28.16,3.17,0
20230713:1210,224.17,304.01,69.48,27.83,2.55,0
20230713:1310,261.75,355.11,64.24,28.28,2.14,0
20230713:1410,76.97,115.41,55.11,27.98,1.86,0
20230713:1510,93.85,137.17,44.51,28.29,1.86,0
20230713:1610,198.49,272,33.44,28.26,2,0
20230713:1710,101.84,148.46,22.37,27.9,1.79,0
20230713:1810,41.93,71.42,11.6,27.64,1.72,0
20230713:1910,0,0.91,1.42,26.86,1.45,0
20230713:2010,0,0,0,26.07,1.31,0
20230713:2110,0,0,0,24.98,1.03,0
20230713:2210,0,0,0,24.73,0.48,0
20230713:2310,0,0,0,24.47,0.21,0
20230714:0010,0,0,0,23.44,0.69,0
20230714:0110,0,0,0,23.05,0.97,0
20230714:0210,0,0,0,22.38,1.17,0
20230714:0310,0,0,0,21.75,1.31,0
20230714:0410,0,0,0,21.18,1.38,0
20230714:0510,20.1,38.92,6.67,20.81,1.31,0
20230714:0610,86.18,142.7,17.21,22.5,1.17,0
20230714:0710,250.55,348.87,28.18,24.63,1.17,0
20230714:0810,416.69,567.23,39.3,26.42,1.38,0
20230714:0910,542.72,755.95,50.19,28.31,2,0
20230714:1010,638.86,908.22,60.18,30.16,3.03,0
20230714:1110,690.15,988.52,67.62,31.65,4.07,0
20230714:1210,699.97,999.7,69.34,32.75,4.9,0
20230714:1310,674.38,951.37,64.13,33.25,5.52,0
20230714:1410,602.26,831.71,55.03,33.24,6,0
20230714:1510,486.5,657.99,44.44,32.61,6.21,0
20230714:1610,337.98,459.46,33.38,31.6,6.28,0
20230714:1710,153.32,237.68,22.3,30.54,6.07,0
20230714:1810,25.23,52.69,11.52,29.34,5.66,0
20230714:1910,0,0,0,27.85,4.55,0
20230714:2010,0,0,0,26.49,4.41,0
20230714:2110,0,0,0,25.52,4.14,0
20230714:2210,0,0,0,24.74,3.93,0
20230714:2310,0,0,0,24.23,3.72,0
20230715:0010,0,0,0,23.86,3.52,0
20230715:0110,0,0,0,23.45,3.24,0
20230715:0210,0,0,0,23.01,3.1,0
20230715:0310,0,0,0,22.58,3.1,0
20230715:0410,0,0,0,22.13,2.97,0
20230715:0510,18.71,37.11,6.55,21.88,2.83,0
20230715:0610,82.15,142.3,17.09,23.13,2.83,0
20230715:0710,254.11,350.2,28.07,25.57,3.86,0
20230715:0810,425.29,566.36,39.19,27.5,4.34,0
20230715:0910,559.03,760.12,50.07,29.09,4.41,0
20230715:1010,652.45,907.36,60.04,30.35,4.83,0
20230715:1110,702.25,987.65,67.47,31.26,5.38,0
20230715:1210,712.55,1005.38,69.19,31.77,5.59,0
20230715:1310,678.03,950.55,64.02,32.18,5.59,0
20230715:1410,604.16,836.11,54.95,32.34,5.31,0
20230715:1510,485.33,662.11,44.37,32.4,4.9,0
20230715:1610,334.56,459.75,33.3,32.1,4.55,0
20230715:1710,152.36,237.88,22.22,31.38,4.41,0
20230715:1810,26.77,54.66,11.44,30.4,4.07,0
20230715:1910,0,0,0,28.33,0.9,0
20230715:2010,0,0,0,26.76,3.93,0
20230715:2110,0,0,0,24.71,4.34,0
20230715:2210,0,0,0,23.81,3.59,0
20230715:2310,0,0,0,23.31,3.24,0
20230716:0010,0,0,0,22.84,3.24,0
20230716:0110,0,0,0,22.33,3.24,0
20230716:0210,0,0,0,21.87,3.45,0
20230716:0310,0,0,0,21.59,3.24,0
20230716:0410,0,0,0,21.44,3.17,0
20230716:0510,11.89,27.15,6.43,21.35,2.9,0
20230716:0610,85.56,130.29,16.97,22.3,2.69,0
20230716:0710,215.76,292.62,27.95,24.22,3.31,0
20230716:0810,413.6,549.44,39.07,25.75,3.38,0
20230716:0910,423.2,568.14,49.95,27.02,3.03,0
20230716:1010,607.47,853.11,59.91,28.1,2.62,0
20230716:1110,661.4,955.7,67.31,29.11,2.34,0
20230716:1210,592.8,847.57,69.03,29.97,2.28,0
20230716:1310,610.36,872.1,63.9,30.72,2.69,0
20230716:1410,593.12,828.09,54.85,30.67,3.59,0
20230716:1510,482.44,656.53,44.29,30.07,3.72,0
20230716:1610,330.43,450.85,33.23,29.51,3.45,0
20230716:1710,151.85,233.43,22.14,28.86,3.17,0
20230716:1810,32.78,61.24,11.35,28.04,2.62,0
20230716:1910,0,0,0,26.27,2.07,0
20230716:2010,0,0,0,25.33,1.31,0
20230716:2110,0,0,0,24.6,0.83,0
20230716:2210,0,0,0,24.05,0.55,0
20230716:2310,0,0,0,23.46,0.55,0
20230717:0010,0,0,0,23.03,0.9,0
20230717:0110,0,0,0,23.05,1.31,0
20230717:0210,0,0,0,22.68,1.31,0
20230717:0310,0,0,0,22.36,1.31,0
20230717:0410,0,0,0,22.06,1.38,0
20230717:0510,17.43,35.3,6.3,21.69,1.17,0
20230717:0610,85.18,137.77,16.85,23.53,0.48,0
20230717:0710,207.84,286.56,27.84,25.43,1.24,0
20230717:0810,403.52,545.64,38.95,26.87,2,0
20230717:0910,536.4,739.12,49.83,28.15,2.55,0
20230717:1010,624.96,888.71,59.77,29.2,2.48,0
20230717:1110,661.66,962.91,67.15,30.04,2.28,0
20230717:1210,668.9,985.15,68.87,30.98,2.14,0
20230717:1310,648.44,937.21,63.77,31.6,2.83,0
20230717:1410,584.64,824.25,54.75,32.01,3.31,0
20230717:1510,466.47,642.28,44.2,31.97,3.38,0
20230717:1610,204.21,282.5,33.14,31.65,3.31,0
20230717:1710,44.27,73.79,22.06,30.89,3.24,0
20230717:1810,33.88,62.68,11.26,29.64,2.9,0
20230717:1910,0,0,0,26.76,2,0
20230717:2010,0,0,0,25.63,1.17,0
20230717:2110,0,0,0,25.15,0.69,0
20230717:2210,0,0,0,24.8,1.38,0
20230717:2310,0,0,0,24.34,1.79,0
20230718:0010,0,0,0,23.71,1.79,0
20230718:0110,0,0,0,23.06,1.79,0
20230718:0210,0,0,0,22.52,1.72,0
20230718:0310,0,0,0,22.02,1.72,0
20230718:0410,0,0,0,21.65,1.86,0
20230718:0510,17.46,35.3,6.17,21.47,1.93,0
20230718:0610,81.09,140.29,16.73,23.03,1.93,0
20230718:0710,248.33,345.4,27.72,26.54,2.83,0
20230718:0810,415.08,564.91,38.83,30.08,3.24,0
20230718:0910,541.38,758.77,49.7,33.57,3.72,0
20230718:1010,627.64,906.09,59.62,36.57,4.41,0
20230718:1110,675.85,992.95,66.98,38.44,4.97,0
20230718:1210,681.21,1004.08,68.71,39.27,5.24,0
20230718:1310,649.31,950.38,63.64,39.3,5.1,0
20230718:1410,584.19,841.35,54.65,39.02,4.9,0
20230718:1510,472.09,663.1,44.11,38.5,5.24,0
20230718:1610,324.33,455.62,33.06,37.68,5.72,0
20230718:1710,148.28,235.22,21.97,36.16,5.17,0
20230718:1810,39.81,70.11,11.17,34.6,3.03,0
20230718:1910,0,0,0,33.06,1.38,0
20230718:2010,0,0,0,30.12,2.55,0
20230718:2110,0,0,0,28.37,2,0
20230718:2210,0,0,0,27.36,0.83,0
20230718:2310,0,0,0,26.83,0.41,0
20230719:0010,0,0,0,26.12,0.83,0
20230719:0110,0,0,0,25.47,1.03,0
20230719:0210,0,0,0,25.07,1.03,0
20230719:0310,0,0,0,24.69,1.17,0
20230719:0410,0,0,0,24.44,1.45,0
20230719:0510,15.94,33.49,6.03,24.3,1.45,0
20230719:0610,79.76,136.99,16.6,25.39,1.1,0
20230719:0710,232.42,327.18,27.59,26.54,0.48,0
20230719:0810,390.39,541.11,38.71,27.87,0.34,0
20230719:0910,518.1,730.3,49.57,29.68,1.45,0
20230719:1010,605.05,871.9,59.48,31.13,2.14,0
20230719:1110,636.1,928.1,66.81,32.48,2.55,0
20230719:1210,657.28,972.4,68.53,33.43,2.48,0
20230719:1310,624.31,915.63,63.5,34.1,2.55,0
20230719:1410,526.54,749.54,54.54,34.49,2.9,0
20230719:1510,451.79,634.94,44.01,33.63,2.21,0
20230719:1610,312.65,437.65,32.96,33.15,2.28,0
20230719:1710,145.67,227.09,21.87,32.7,2.48,0
20230719:1810,32.28,60.88,11.06,31.75,2.28,0
20230719:1910,0,0,0,29.9,2.48,0
20230719:2010,0,0,0,28.61,2,0
20230719:2110,0,0,0,27.57,2.48,0
20230719:2210,0,0,0,26.73,2.41,0
20230719:2310,0,0,0,26.19,2.07,0
20230720:0010,0,0,0,25.68,2.07,0
20230720:0110,0,0,0,25.15,2.14,0
20230720:0210,0,0,0,24.69,2,0
20230720:0310,0,0,0,24.3,2,0
20230720:0410,0,0,0,23.91,1.72,0
20230720:0510,15.39,32.58,5.9,23.47,1.45,0
20230720:0610,77.28,136.19,16.47,24.3,1.52,0
20230720:0710,239.62,332.85,27.47,25.32,1.79,0
20230720:0810,403.97,547.55,38.58,27.03,1.86,0
20230720:0910,523.56,736.78,49.44,28.53,1.24,0
20230720:1010,605.01,885.45,59.32,29.64,1.03,0
20230720:1110,643.6,948.02,66.63,30.78,1.72,0
20230720:1210,665.42,982.93,68.35,31.82,2.21,0
20230720:1310,641.38,930.57,63.35,32.46,2.83,0
20230720:1410,581.03,818,54.42,32.34,3.52,0
20230720:1510,470.15,644.05,43.91,31.82,3.86,0
20230720:1610,324.6,444.81,32.86,30.73,3.66,0
20230720:1710,148.22,228.42,21.77,30.13,2.55,0
20230720:1810,33.94,62.19,10.95,29.37,2.69,0
20230720:1910,0,0,0,28.13,2,0
20230720:2010,0,0,0,27.06,1.38,0
20230720:2110,0,0,0,26.19,0.9,0
20230720:2210,0,0,0,25.67,0.62,0
20230720:2310,0,0,0,25.15,0.55,0
20230721:0010,0,0,0,24.97,1.17,0
20230721:0110,0,0,0,24.83,1.66,0
20230721:0210,0,0,0,24.53,2.41,0
20230721:0310,0,0,0,23.87,3.1,0
20230721:0410,0,0,0,23.18,2.41,0
20230721:0510,12.96,28.96,5.76,23.2,1.52,0
20230721:0610,82.93,131,16.34,23.46,2.41,0
20230721:0710,241.16,331.82,27.34,24.35,2.69,0
20230721:0810,411,550.42,38.46,25.7,2.41,0
20230721:0910,536.67,740.24,49.3,27.04,2.07,0
20230721:1010,557.33,781.13,59.17,28.09,2.07,0
20230721:1110,526.94,745.97,66.45,27.81,1.17,0
20230721:1210,291.84,400.05,68.17,28.01,0.69,0
20230721:1310,226.08,311.02,63.2,28.87,0.9,0
20230721:1410,83.67,124.87,54.3,29.33,1.31,0
20230721:1510,198.25,273.55,43.8,28.97,0.97,0
20230721:1610,75.14,113.52,32.76,28.48,0.97,0
20230721:1710,149.23,229.31,21.66,27.87,1.24,0
20230721:1810,36.18,64.12,10.84,27.23,1.59,0
20230721:1910,0,0,0,25.72,3.1,0
20230721:2010,0,0,0,24.81,3.03,0
20230721:2110,0,0,0,24.14,2.55,0
20230721:2210,0,0,0,23.76,2.28,0
20230721:2310,0,0,0,23.29,2.14,0
20230722:0010,0,0,0,22.95,1.79,0
20230722:0110,0,0,0,22.66,1.52,0
20230722:0210,0,0,0,22.4,2,0
20230722:0310,0,0,0,22.06,1.72,0
20230722:0410,0,0,0,21.76,1.93,0
20230722:0510,14.94,31.68,5.62,21.5,1.79,0
20230722:0610,76.99,134.29,16.21,22.43,1.45,0
20230722:0710,244.75,336.77,27.21,23.52,2.28,0
20230722:0810,413.64,552.4,38.33,24.86,2.28,0
20230722:0910,538.15,739.61,49.16,25.79,1.86,0
20230722:1010,587.96,829.57,59.01,27.16,1.79,0
20230722:1110,643.14,920.67,66.27,27.7,2.14,0
20230722:1210,656.02,943.04,67.98,27.91,2.21,0
20230722:1310,641.92,924.89,63.04,27.89,1.79,0
20230722:1410,574.59,803.77,54.17,28.41,2.34,0
20230722:1510,476.17,647.7,43.69,27.83,2.55,0
20230722:1610,324.3,441.94,32.65,27.69,2.21,0
20230722:1710,149.92,229.19,21.55,27.55,2.83,0
20230722:1810,25.99,51.84,10.72,26.88,3.03,0
20230722:1910,0,0,0,26.07,2.55,0
20230722:2010,0,0,0,25.16,2.62,0
20230722:2110,0,0,0,24.5,1.86,0
20230722:2210,0,0,0,23.91,1.59,0
20230722:2310,0,0,0,23.31,1.66,0
20230723:0010,0,0,0,22.73,1.59,0
20230723:0110,0,0,0,22.23,1.59,0
20230723:0210,0,0,0,21.88,1.52,0
20230723:0310,0,0,0,21.48,1.59,0
20230723:0410,0,0,0,21.2,1.79,0
20230723:0510,14.35,30.77,5.47,21.05,1.93,0
20230723:0610,76.29,133.53,16.08,22.43,1.72,0
20230723:0710,241.56,335.85,27.08,24.81,1.66,0
20230723:0810,410.44,551.7,38.2,26.94,2.69,0
20230723:0910,541.81,740.06,49.02,28.93,3.66,0
20230723:1010,636.9,890.36,58.85,30.45,4.21,0
20230723:1110,684.22,965.75,66.08,31.57,4.97,0
20230723:1210,697.92,983.56,67.78,32.06,5.59,0
20230723:1310,668.6,935.74,62.88,32.34,5.66,0
20230723:1410,596.01,822.79,54.03,32.41,5.45,0
20230723:1510,479.61,651.07,43.57,32.35,5.38,0
20230723:1610,326.76,446.17,32.53,31.78,5.31,0
20230723:1710,147.38,228.44,21.44,30.89,4.83,0
20230723:1810,32.01,59.21,10.6,29.48,4.76,0
20230723:1910,0,0,0,27.98,4.34,0
20230723:2010,0,0,0,26.76,3.52,0
20230723:2110,0,0,0,25.96,2.9,0
20230723:2210,0,0,0,25.35,2.14,0
20230723:2310,0,0,0,24.83,1.79,0
20230724:0010,0,0,0,24.21,1.38,0
20230724:0110,0,0,0,23.72,1.31,0
20230724:0210,0,0,0,23.24,1.45,0
20230724:0310,0,0,0,22.7,1.45,0
20230724:0410,0,0,0,22.35,1.1,0
20230724:0510,0,3.62,5.33,22.01,1.1,0
20230724:0610,71.65,132.21,15.94,23.48,1.1,0
20230724:0710,121.39,170.12,26.95,24.7,1.59,0
20230724:0810,380.29,506.81,38.06,25.98,2.83,0
20230724:0910,515.88,695.53,48.88,26.76,3.45,0
20230724:1010,628.51,873.12,58.69,27.8,3.45,0
20230724:1110,675.96,963.12,65.88,28.88,3.17,0
20230724:1210,587.7,824.45,67.58,29.64,3.24,0
20230724:1310,619.03,873.51,62.7,30.22,3.38,0
20230724:1410,512.88,700.52,53.89,29.81,4,0
20230724:1510,352.63,471.92,43.44,29.48,4.48,0
20230724:1610,291.99,394.53,32.41,28.91,4.14,0
20230724:1710,143.35,214.57,21.31,28.38,3.38,0
20230724:1810,28.3,54.29,10.47,27.99,3.31,0
20230724:1910,0,0,0,26.83,3.93,0
20230724:2010,0,0,0,25.83,3.93,0
20230724:2110,0,0,0,24.65,4.21,0
20230724:2210,0,0,0,23.75,3.93,0
20230724:2310,0,0,0,23.2,4,0
20230725:0010,0,0,0,22.69,2.83,0
20230725:0110,0,0,0,22.03,2.21,0
20230725:0210,0,0,0,21.71,1.86,0
20230725:0310,0,0,0,21.33,2.21,0
20230725:0410,0,0,0,20.76,2.48,0
20230725:0510,11.95,27.15,5.18,20.42,2.55,0
20230725:0610,79.62,130.05,15.8,20.69,3.03,0
20230725:0710,246.64,335.87,26.82,20.94,2,0
20230725:0810,417.72,554.35,37.93,22.12,1.59,0
20230725:0910,548.19,744.24,48.73,23.23,1.86,0
20230725:1010,630.61,875.66,58.52,24.47,2.34,0
20230725:1110,115.02,161.76,65.68,25.38,2.62,0
20230725:1210,110.79,156.09,67.37,24.59,2.14,0
20230725:1310,56.07,87.03,62.53,24.26,2.28,0
20230725:1410,41.23,68.11,53.74,25.13,2.62,0
20230725:1510,51.51,81.35,43.31,24.89,2.9,0
20230725:1610,35.58,60.54,32.29,24.71,2.97,0
20230725:1710,43.73,70.95,21.18,23.56,2.21,0
20230725:1810,20.43,39.73,10.33,23.2,2,0
20230725:1910,0,0,0,22.02,2.62,0
20230725:2010,0,0,0,21.73,2.76,0
20230725:2110,0,0,0,21.31,3.31,0
20230725:2210,0,0,0,20.8,3.59,0
20230725:2310,0,0,0,20.37,3.93,0
20230726:0010,0,0,0,19.81,3.45,0
20230726:0110,0,0,0,19.54,2.83,0
20230726:0210,0,0,0,19.26,2.14,0
20230726:0310,0,0,0,19.05,1.72,0
20230726:0410,0,0,0,18.93,1.66,0
20230726:0510,11.46,26.25,5.03,18.57,1.86,0
20230726:0610,67.63,101.47,15.66,19,2.14,0
20230726:0710,224.8,300.59,26.68,19.42,2.34,0
20230726:0810,341.57,445.97,37.79,20.03,1.45,0
20230726:0910,554.65,753.29,48.59,21.15,1.24,0
20230726:1010,637.99,892.22,58.35,22.3,1.45,0
20230726:1110,443.88,597.96,65.48,23.66,1.72,0
20230726:1210,586.67,806.99,67.15,24.06,2.41,0
20230726:1310,175.99,238.39,62.34,25.01,2.41,0
20230726:1410,403.62,541.21,53.59,25.67,2.34,0
20230726:1510,469.71,633.34,43.17,26.17,2.48,0
20230726:1610,323.19,434.69,32.16,26,2.76,0
20230726:1710,150.73,230.09,21.05,25.96,2.9,0
20230726:1810,23.35,47.24,10.19,25.47,2.69,0
20230726:1910,0,0,0,24.18,3.03,0
20230726:2010,0,0,0,23.28,2.62,0
20230726:2110,0,0,0,22.58,2.07,0
20230726:2210,0,0,0,22.01,1.93,0
20230726:2310,0,0,0,21.59,1.72,0
20230727:0010,0,0,0,21.02,1.52,0
20230727:0110,0,0,0,20.59,1.38,0
20230727:0210,0,0,0,20.11,1.31,0
20230727:0310,0,0,0,19.72,1.24,0
20230727:0410,0,0,0,19.16,1.1,0
20230727:0510,12.05,27.15,4.88,18.73,1.03,0
20230727:0610,71.53,130.64,15.52,20.07,0.76,0
20230727:0710,247.37,344.48,26.54,22.48,0.28,0
20230727:0810,419.03,566.54,37.65,24.23,1.03,0
20230727:0910,546.72,753.99,48.44,26.24,1.93,0
20230727:1010,642.08,908.65,58.18,28.25,2.69,0
20230727:1110,688.32,986.92,65.27,29.93,3.38,0
20230727:1210,690.59,986.22,66.93,30.76,4,0
20230727:1310,668.57,950.97,62.15,31.85,4.21,0
20230727:1410,586.09,810.89,53.43,31.56,4.69,0
20230727:1510,502.2,681.32,43.03,31.55,5.24,0
20230727:1610,315.47,426.53,32.02,30.16,5.52,0
20230727:1710,151.81,236.25,20.91,29.17,5.45,0
20230727:1810,6.92,19.87,10.04,28.12,5.1,0
20230727:1910,0,0,0,27.06,3.72,0
20230727:2010,0,0,0,25.84,4.07,0
20230727:2110,0,0,0,24.89,4,0
20230727:2210,0,0,0,23.42,3.31,0
20230727:2310,0,0,0,23.03,1.86,0
20230728:0010,0,0,0,22.68,0.21,0
20230728:0110,0,0,0,21.58,0.76,0
20230728:0210,0,0,0,20.88,1.66,0
20230728:0310,0,0,0,20.42,1.45,0
20230728:0410,0,0,0,20.6,1.52,0
20230728:0510,10.73,25.34,4.72,20.55,1.31,0
20230728:0610,70.33,130.03,15.37,21.51,0.62,0
20230728:0710,247.2,343.94,26.4,22.63,0.48,0
20230728:0810,417.03,566.16,37.51,24.33,0.76,0
20230728:0910,543.02,753.69,48.28,26.04,1.45,0
20230728:1010,641.3,913.96,58,27.89,2.21,0
20230728:1110,688.22,992.45,65.06,28.94,2.76,0
20230728:1210,696.46,1004.67,66.71,30.24,3.31,0
20230728:1310,667.8,950.75,61.95,30.98,3.79,0
20230728:1410,602.64,840.36,53.26,31.34,4.14,0
20230728:1510,490.59,666.97,42.88,31.24,4.62,0
20230728:1610,229.43,312.96,31.88,30.66,4.69,0
20230728:1710,146.5,226.24,20.77,29.73,4.62,0
20230728:1810,23.53,47.24,9.89,28.63,4.21,0
20230728:1910,0,0,0,27.31,2.62,0
20230728:2010,0,0,0,26.26,2.28,0
20230728:2110,0,0,0,25.45,2.14,0
20230728:2210,0,0,0,24.88,1.79,0
20230728:2310,0,0,0,24.34,1.59,0
20230729:0010,0,0,0,23.75,1.66,0
20230729:0110,0,0,0,23.06,1.66,0
20230729:0210,0,0,0,22.76,1.79,0
20230729:0310,0,0,0,22.21,1.72,0
20230729:0410,0,0,0,21.72,1.72,0
20230729:0510,9.5,23.53,4.57,21.48,1.59,0
20230729:0610,70.35,127.3,15.23,22.06,1.45,0
20230729:0710,239.41,334.05,26.26,24.53,1.24,0
20230729:0810,408.76,553.24,37.37,26.69,1.86,0
20230729:0910,541.42,746.04,48.13,28.7,2.83,0
20230729:1010,638.02,900.62,57.82,30.54,3.59,0
20230729:1110,684.31,977.65,64.84,31.99,4.28,0
20230729:1210,690.84,989.7,66.48,33.24,4.76,0
20230729:1310,663.18,941.71,61.75,34.02,5.17,0
20230729:1410,595.97,831.56,53.09,34.19,5.38,0
20230729:1510,476.01,652.4,42.73,33.53,4.9,0
20230729:1610,317.31,437.48,31.73,32.38,4,0
20230729:1710,142.34,224.24,20.62,31.91,3.38,0
20230729:1810,21.7,44.88,9.74,30.85,2,0
20230729:1910,0,0,0,29.81,0.48,0
20230729:2010,0,0,0,28.48,1.66,0
20230729:2110,0,0,0,27.39,2.21,0
20230729:2210,0,0,0,26.46,2.28,0
20230729:2310,0,0,0,25.85,2.14,0
20230730:0010,0,0,0,25.18,2.21,0
20230730:0110,0,0,0,24.54,2.41,0
20230730:0210,0,0,0,24.13,2,0
20230730:0310,0,0,0,23.66,1.66,0
20230730:0410,0,0,0,23.19,1.72,0
20230730:0510,8.85,22.63,4.41,22.83,1.79,0
20230730:0610,68.72,125.44,15.08,23.48,1.66,0
20230730:0710,237.42,328.84,26.12,24.77,2.62,0
20230730:0810,403.73,538.32,37.22,25.84,2.83,0
20230730:0910,520.29,705.38,47.97,26.89,3.03,0
20230730:1010,92.15,134.33,57.64,27.66,2.97,0
20230730:1110,490.38,674.98,64.62,28.31,2.62,0
20230730:1210,580.89,829.33,66.24,28.86,1.79,0
20230730:1310,571.63,820.6,61.54,29.35,1.45,0
20230730:1410,348.01,476.93,52.91,29.22,1.45,0
20230730:1510,156.62,218.87,42.57,29.11,1.24,0
20230730:1610,184.5,254.7,31.57,28.39,1.31,0
20230730:1710,58.01,90.81,20.46,27.59,2,0
20230730:1810,18.71,37.84,9.57,26.92,2.48,0
20230730:1910,0,0,0,26.38,2.62,0
20230730:2010,0,0,0,25.68,2.55,0
20230730:2110,0,0,0,25.05,2.34,0
20230730:2210,0,0,0,24.51,2,0
20230730:2310,0,0,0,24.11,1.59,0
20230731:0010,0,0,0,23.44,1.03,0
20230731:0110,0,0,0,22.93,0.9,0
20230731:0210,0,0,0,22.39,1.03,0
20230731:0310,0,0,0,22,1.03,0
20230731:0410,0,0,0,21.53,1.17,0
20230731:0510,4.56,15.39,4.25,21.2,1.38,0
20230731:0610,55.2,86.32,14.93,22.19,1.38,0
20230731:0710,136.61,188.39,25.98,23.02,1.52,0
20230731:0810,314.32,417.08,37.07,24.11,1.79,0
20230731:0910,508.48,701.14,47.81,25.15,1.1,0
20230731:1010,625.59,898.12,57.45,26.39,1.24,0
20230731:1110,565.01,799.42,64.39,28.29,1.86,0
20230731:1210,494.91,700.12,66,29.86,1.45,0
20230731:1310,486.55,693.65,61.33,30.75,1.1,0
20230731:1410,364.68,505.52,52.73,31.46,1.66,0
20230731:1510,409.87,568.91,42.4,31.51,1.79,0
20230731:1610,297.35,409.39,31.42,30.62,2.55,0
20230731:1710,141.97,222.1,20.3,29.82,1.86,0
20230731:1810,23.11,45.55,9.41,28.52,2.14,0
20230731:1910,0,0,0,26.62,1.79,0
20230731:2010,0,0,0,25.98,1.59,0
20230731:2110,0,0,0,25.6,1.66,0
20230731:2210,0,0,0,25.14,1.59,0
20230731:2310,0,0,0,24.83,1.45,0
20230801:0010,0,0,0,24.38,1.31,0
20230801:0110,0,0,0,23.78,0.9,0
20230801:0210,0,0,0,23.51,0.48,0
20230801:0310,0,0,0,23.37,0.41,0
20230801:0410,0,0,0,22.8,0.62,0
20230801:0510,4.02,14.48,4.09,22.5,1.38,0
20230801:0610,38,63.38,14.78,23.1,1.86,0
20230801:0710,219.95,300.62,25.83,23.18,2.41,0
20230801:0810,369,486.18,36.93,23.41,2.48,0
20230801:0910,453.77,608.89,47.65,23.94,1.79,0
20230801:1010,434.54,588.04,57.26,25.54,1.86,0
20230801:1110,445.36,606.06,64.16,26.23,2,0
20230801:1210,152.43,210.01,65.75,26.46,2.34,0
20230801:1310,358.5,483.25,61.11,27.13,2.34,0
20230801:1410,150.09,208.12,52.54,27.82,2.69,0
20230801:1510,118.54,167.44,42.23,27.11,2.69,0
20230801:1610,182.29,248.36,31.25,26.7,2.62,0
20230801:1710,117.26,170.6,20.14,26.31,2.55,0
20230801:1810,24.85,47.07,9.23,25.89,2.34,0
20230801:1910,0,0,0,25.63,1.24,0
20230801:2010,0,0,0,25.07,1.1,0
20230801:2110,0,0,0,24.62,1.24,0
20230801:2210,0,0,0,24.13,1.38,0
20230801:2310,0,0,0,23.53,1.59,0
20230802:0010,0,0,0,23.03,1.59,0
20230802:0110,0,0,0,22.57,1.59,0
20230802:0210,0,0,0,22.21,1.59,0
20230802:0310,0,0,0,21.82,1.66,0
20230802:0410,0,0,0,21.61,1.52,0
20230802:0510,7.22,19.91,3.93,21.57,1.24,0
20230802:0610,65.21,122.14,14.63,22.29,0.83,0
20230802:0710,238.55,333.06,25.69,24.9,1.66,0
20230802:0810,412.54,554.87,36.78,26.7,2.48,0
20230802:0910,538.12,741.08,47.49,28.44,2.69,0
20230802:1010,625.96,890.32,57.07,30.07,2.76,0
20230802:1110,669.74,971.75,63.93,31.92,3.1,0
20230802:1210,677.59,983.67,65.5,33.33,3.72,0
20230802:1310,650.1,929.81,60.88,34.36,4.55,0
20230802:1410,553.7,773.52,52.34,34.63,4.9,0
20230802:1510,372.95,511.21,42.05,34.48,4.69,0
20230802:1610,274.39,380.89,31.08,33.69,3.66,0
20230802:1710,133.24,208.61,19.97,32.93,1.59,0
20230802:1810,26.78,50.15,9.06,31.47,2.55,0
20230802:1910,0,0,0,28.11,2.97,0
20230802:2010,0,0,0,26.8,2.41,0
20230802:2110,0,0,0,26.11,1.93,0
20230802:2210,0,0,0,25.82,2.21,0
20230802:2310,0,0,0,25.2,4,0
20230803:0010,0,0,0,23.63,4.21,0
20230803:0110,0,0,0,22.59,3.72,0
20230803:0210,0,0,0,21.73,3.59,0
20230803:0310,0,0,0,21.2,3.38,0
20230803:0410,0,0,0,20.72,3.24,0
20230803:0510,2.17,10.86,3.77,20.35,3.24,0
20230803:0610,31.34,53.92,14.48,20.38,3.79,0
20230803:0710,133.65,181.27,25.54,20.62,4.55,0
20230803:0810,205.91,268.23,36.63,20.5,4.62,0
20230803:0910,96.31,135.28,47.32,21.08,4.69,0
20230803:1010,60.74,91.76,56.87,21.76,4.69,0
20230803:1110,74.99,109.73,63.69,22.23,4.21,0
20230803:1210,461.54,605.95,65.24,22.9,4.07,0
20230803:1310,637.89,864.39,60.65,23.63,3.79,0
20230803:1410,330.25,432.52,52.14,23.8,3.66,0
20230803:1510,257.52,339.96,41.87,24.67,3.45,0
20230803:1610,292.93,389.29,30.91,24.51,3.24,0
20230803:1710,131.57,191.84,19.79,23.89,3.1,0
20230803:1810,26.43,48.1,8.87,23.45,3.45,0
20230803:1910,0,0,0,22.61,2.9,0
20230803:2010,0,0,0,22.08,2.69,0
20230803:2110,0,0,0,21.49,2.76,0
20230803:2210,0,0,0,20.85,2.9,0
20230803:2310,0,0,0,20.21,3.17,0
20230804:0010,0,0,0,19.3,3.17,0
20230804:0110,0,0,0,17.99,3.1,0
20230804:0210,0,0,0,16.64,3.1,0
20230804:0310,0,0,0,16.12,3.38,0
20230804:0410,0,0,0,15.48,3.52,0
20230804:0510,5.81,17.2,3.6,15.51,2.21,0
20230804:0610,66.42,123.52,14.32,16.03,0.69,0
20230804:0710,253.68,343.81,25.39,18.42,1.45,0
20230804:0810,429.46,567.6,36.47,19.88,1.1,0
20230804:0910,556.51,762.49,47.15,21.11,0.83,0
20230804:1010,644.75,909.09,56.67,22.71,1.31,0
20230804:1110,681.58,973.64,63.45,23.96,1.72,0
20230804:1210,681.86,967.9,64.98,25.05,2.34,0
20230804:1310,256.5,341.97,60.41,25.39,2.76,0
20230804:1410,520.78,705.82,51.94,24.74,2.41,0
20230804:1510,498.66,679.05,41.68,24.52,1.45,0
20230804:1610,334.56,455.27,30.72,24.04,0.62,0
20230804:1710,132.02,193.12,19.61,23.66,1.59,0
20230804:1810,13.6,29.87,8.68,22.84,2.21,0
20230804:1910,0,0,0,22.03,3.24,0
20230804:2010,0,0,0,20.77,3.31,0
20230804:2110,0,0,0,19.77,3.38,0
20230804:2210,0,0,0,19.05,3.66,0
20230804:2310,0,0,0,18.5,3.31,0
20230805:0010,0,0,0,18.09,3.03,0
20230805:0110,0,0,0,17.6,2.69,0
20230805:0210,0,0,0,17.17,2.48,0
20230805:0310,0,0,0,16.77,2.48,0
20230805:0410,0,0,0,16.38,2.62,0
20230805:0510,5.79,17.2,3.43,15.97,2.62,0
20230805:0610,65.72,122.69,14.17,16.56,2.28,0
20230805:0710,253.72,341.17,25.24,18.5,2.83,0
20230805:0810,434.21,566.55,36.32,20.1,2.34,0
20230805:0910,562.2,764.85,46.98,21.8,1.45,0
20230805:1010,639.76,913.92,56.47,23.35,0.9,0
20230805:1110,673.61,996.91,63.2,24.64,0.55,0
20230805:1210,678.55,1002.74,64.71,25.68,0.9,0
20230805:1310,660.99,959.46,60.17,26.42,1.38,0
20230805:1410,597.05,846.47,51.72,27.32,1.59,0
20230805:1510,490.44,669.61,41.49,27.44,2.28,0
20230805:1610,334.7,453.09,30.54,26.9,2.83,0
20230805:1710,146.98,228.26,19.42,25.32,3.66,0
20230805:1810,25.01,46.16,8.49,23.84,3.03,0
20230805:1910,0,0,0,22.99,2.07,0
20230805:2010,0,0,0,22.2,1.38,0
20230805:2110,0,0,0,21.3,1.03,0
20230805:2210,0,0,0,21.03,0.76,0
20230805:2310,0,0,0,20.65,0.76,0
20230806:0010,0,0,0,19.62,1.38,0
20230806:0110,0,0,0,19.22,1.38,0
20230806:0210,0,0,0,18.87,1.45,0
20230806:0310,0,0,0,18.23,1.66,0
20230806:0410,0,0,0,17.72,1.66,0
20230806:0510,2.23,10.86,3.27,17.12,1.52,0
20230806:0610,65.76,101.02,14.01,17.81,1.24,0
20230806:0710,230.35,313.58,25.08,20.91,1.66,0
20230806:0810,417.79,552.44,36.16,22.08,1.86,0
20230806:0910,547.66,741.55,46.81,23.18,2,0
20230806:1010,617.45,852.98,56.27,23.88,2.28,0
20230806:1110,606.31,841.94,62.95,24.83,2.34,0
20230806:1210,433.68,581.47,64.44,25.35,2.83,0
20230806:1310,320.13,424.6,59.92,25.4,3.17,0
20230806:1410,86.6,125.82,51.5,25.01,2.97,0
20230806:1510,282.77,373.82,41.29,24.47,2.55,0
20230806:1610,237.7,317.13,30.35,24.29,2.55,0
20230806:1710,94.01,136.54,19.23,24.01,2.76,0
20230806:1810,0.89,8.15,8.29,23.42,3.1,0
20230806:1910,0,0,0,22.64,2.83,0
20230806:2010,0,0,0,21.93,3.45,0
20230806:2110,0,0,0,21.08,3.86,0
20230806:2210,0,0,0,20.42,4.14,0
20230806:2310,0,0,0,19.82,4.21,0
20230807:0010,0,0,0,19.37,4.28,0
20230807:0110,0,0,0,18.94,4.28,0
20230807:0210,0,0,0,18.61,4.21,0
20230807:0310,0,0,0,18.21,3.93,0
20230807:0410,0,0,0,17.98,3.59,0
20230807:0510,2.22,10.86,3.1,17.77,3.52,0
20230807:0610,51.31,79.85,13.86,17.87,3.38,0
20230807:0710,207.19,274.38,24.93,18.49,3.79,0
20230807:0810,433.51,556.44,36,19.58,3.86,0
20230807:0910,572.93,752.89,46.64,20.56,3.45,0
20230807:1010,660.76,903.98,56.06,22.01,2.76,0
20230807:1110,695.58,986.72,62.7,23.03,1.93,0
20230807:1210,687.71,998.5,64.16,24.11,1.24,0
20230807:1310,565.65,793.26,59.66,24.94,1.24,0
20230807:1410,547.12,762.03,51.28,25.96,1.45,0
20230807:1510,437.26,592.15,41.08,26.28,1.79,0
20230807:1610,262.8,353.48,30.15,26.06,2.48,0
20230807:1710,130.66,194.26,19.03,25.33,2.97,0
20230807:1810,23.65,44.35,8.09,24.18,2.69,0
20230807:1910,0,0,0,22.85,2.48,0
20230807:2010,0,0,0,21.96,2.21,0
20230807:2110,0,0,0,21.22,2.21,0
20230807:2210,0,0,0,20.63,2.14,0
20230807:2310,0,0,0,20.07,2,0
20230808:0010,0,0,0,19.56,1.86,0
20230808:0110,0,0,0,19.14,1.79,0
20230808:0210,0,0,0,18.74,1.59,0
20230808:0310,0,0,0,18.21,1.45,0
20230808:0410,0,0,0,17.79,1.52,0
20230808:0510,3.65,13.58,2.93,17.53,1.59,0
20230808:0610,59.28,91.97,13.7,18.4,1.24,0
20230808:0710,239.72,329.42,24.78,21.33,1.38,0
20230808:0810,413.05,550.3,35.84,22.61,1.38,0
20230808:0910,541.54,748.87,46.46,23.72,0.9,0
20230808:1010,620.96,895.2,55.85,25.28,0.76,0
20230808:1110,660.95,977.81,62.44,26.75,0.83,0
20230808:1210,675.81,988.37,63.88,27.65,1.66,0
20230808:1310,662.46,940.31,59.4,28.2,2.9,0
20230808:1410,593.67,823.15,51.05,28.47,3.17,0
20230808:1510,478.7,649.36,40.87,28.63,3.17,0
20230808:1610,318.85,429.71,29.95,27.73,4.07,0
20230808:1710,131.06,197.68,18.83,26.36,3.93,0
20230808:1810,24.11,45.25,7.88,25.7,3.17,0
20230808:1910,0,0,0,25.11,2.28,0
20230808:2010,0,0,0,24.29,2.48,0
20230808:2110,0,0,0,23.57,2.55,0
20230808:2210,0,0,0,22.88,2.21,0
20230808:2310,0,0,0,22.31,2,0
20230809:0010,0,0,0,21.77,1.86,0
20230809:0110,0,0,0,21.23,1.79,0
20230809:0210,0,0,0,20.75,1.72,0
20230809:0310,0,0,0,20.39,1.79,0
20230809:0410,0,0,0,20.1,1.86,0
20230809:0510,2.64,11.77,2.76,19.81,1.79,0
20230809:0610,61.95,117.32,13.54,20.67,1.31,0
20230809:0710,236.06,329.93,24.62,23.82,0.76,0
20230809:0810,409.13,552.37,35.68,25.84,1.66,0
20230809:0910,541.99,747.92,46.28,27,2.07,0
20230809:1010,626.37,894.32,55.63,27.99,1.93,0
20230809:1110,667.28,975.78,62.18,28.74,1.79,0
20230809:1210,674.59,993.65,63.59,29.63,1.86,0
20230809:1310,642.06,938.23,59.13,30.87,2,0
20230809:1410,576.62,821.04,50.81,31.81,2.48,0
20230809:1510,468.82,643.87,40.66,31.67,3.45,0
20230809:1610,314.56,432.03,29.74,30.94,3.66,0
20230809:1710,131.49,208.04,18.63,30.26,3.31,0
20230809:1810,23.01,44.35,7.67,29.31,2.97,0
20230809:1910,0,0,0,27.51,2.76,0
20230809:2010,0,0,0,26.41,2.62,0
20230809:2110,0,0,0,25.5,2.34,0
20230809:2210,0,0,0,24.67,2.48,0
20230809:2310,0,0,0,24.02,2.48,0
20230810:0010,0,0,0,23.48,2.34,0
20230810:0110,0,0,0,23.03,2.28,0
20230810:0210,0,0,0,22.59,2.21,0
20230810:0310,0,0,0,22.18,2,0
20230810:0410,0,0,0,21.79,1.79,0
20230810:0510,2.15,10.86,2.58,21.56,1.72,0
20230810:0610,65.16,109.65,13.38,22.49,1.72,0
20230810:0710,209.3,289.96,24.46,25.15,1.86,0
20230810:0810,363.39,484.65,35.52,26.7,2.97,0
20230810:0910,518.08,697.66,46.1,27.94,4.14,0
20230810:1010,623.25,859.41,55.42,29.13,4.48,0
20230810:1110,681.74,962.85,61.91,30.18,4.28,0
20230810:1210,685.92,979.59,63.3,30.87,3.93,0
20230810:1310,650.14,925.39,58.86,31.34,3.66,0
20230810:1410,495.81,687.96,50.57,31.51,3.1,0
20230810:1510,356.66,487.37,40.44,31.32,2.69,0
20230810:1610,322.03,448.55,29.53,31,1.93,0
20230810:1710,118.7,182.45,18.41,30.28,1.59,0
20230810:1810,19.2,38.92,7.45,29.19,1.38,0
20230810:1910,0,0,0,26.9,1.1,0
20230810:2010,0,0,0,25.8,1.1,0
20230810:2110,0,0,0,24.65,0.69,0
20230810:2210,0,0,0,24.73,0.9,0
20230810:2310,0,0,0,23.85,0.76,0
20230811:0010,0,0,0,23.48,0.83,0
20230811:0110,0,0,0,23.01,0.97,0
20230811:0210,0,0,0,22.49,1.1,0
20230811:0310,0,0,0,22.04,1.24,0
20230811:0410,0,0,0,21.71,1.38,0
20230811:0510,1.3,9.05,2.41,21.44,1.52,0
20230811:0610,60.81,113.93,13.21,21.94,1.17,0
20230811:0710,231.42,325.18,24.31,25.44,1.1,0
20230811:0810,395.67,543.09,35.35,27.69,0.97,0
20230811:0910,522.36,735.69,45.92,29.47,1.45,0
20230811:1010,618.03,890.37,55.2,30.77,2.21,0
20230811:1110,664.59,971.77,61.65,31.59,2.55,0
20230811:1210,678.74,994.82,63.01,32.12,2.83,0
20230811:1310,652.31,939.21,58.59,32.03,3.24,0
20230811:1410,586,821.67,50.33,31.57,3.52,0
20230811:1510,470.52,641.82,40.21,30.68,3.59,0
20230811:1610,311.66,426.55,29.31,29.53,3.1,0
20230811:1710,129.03,205.31,18.2,28.8,2.28,0
20230811:1810,21.21,41.63,7.23,28.16,1.38,0
20230811:1910,0,0,0,27.42,0.83,0
20230811:2010,0,0,0,26.39,0.62,0
20230811:2110,0,0,0,25.82,0.55,0
20230811:2210,0,0,0,25.27,1.03,0
20230811:2310,0,0,0,24.15,1.1,0
20230812:0010,0,0,0,23.35,0.9,0
20230812:0110,0,0,0,22.9,0.69,0
20230812:0210,0,0,0,22.3,0.76,0
20230812:0310,0,0,0,21.84,0.97,0
20230812:0410,0,0,0,21.4,0.97,0
20230812:0510,0.54,7.24,2.24,20.96,0.97,0
20230812:0610,59.72,95.58,13.05,21.68,0.97,0
20230812:0710,152.97,211.14,24.15,23.45,0.9,0
20230812:0810,404.54,546.37,35.19,25.29,1.31,0
20230812:0910,536.86,741.76,45.73,27.03,1.93,0
20230812:1010,624.97,886.89,54.97,28.42,2.34,0
20230812:1110,687.25,998.01,61.37,29.45,2.55,0
20230812:1210,681.81,991.19,62.71,30.21,2.69,0
20230812:1310,654.51,940.67,58.3,30.62,2.9,0
20230812:1410,612.13,860.24,50.08,30.64,3.38,0
20230812:1510,36.83,63.38,39.98,29.45,3.86,0
20230812:1610,49.21,79.46,29.09,28.25,3.38,0
20230812:1710,82.21,123.41,17.98,27.47,2.55,0
20230812:1810,18.2,37.11,7,26.8,1.72,0
20230812:1910,0,0,0,25.73,1.1,0
20230812:2010,0,0,0,25.3,1.03,0
20230812:2110,0,0,0,24.68,0.83,0
20230812:2210,0,0,0,24.15,0.83,0
20230812:2310,0,0,0,23.63,0.97,0
20230813:0010,0,0,0,23.14,1.03,0
20230813:0110,0,0,0,22.65,1.17,0
20230813:0210,0,0,0,22.28,1.31,0
20230813:0310,0,0,0,21.87,1.38,0
20230813:0410,0,0,0,21.47,1.38,0
20230813:0510,0.2,6.34,2.06,21.1,1.31,0
20230813:0610,60.17,111.51,12.89,21.79,0.76,0
20230813:0710,225.26,316.17,23.99,24.4,0.34,0
20230813:0810,395.06,537.97,35.02,26.12,0.9,0
20230813:0910,527.64,734.23,45.54,27.68,1.59,0
20230813:1010,619.92,884.2,54.75,28.88,2.14,0
20230813:1110,673.24,971.84,61.1,29.88,2.76,0
20230813:1210,683.09,988.57,62.4,30.82,3.1,0
20230813:1310,654.72,931.79,58.02,31.21,3.66,0
20230813:1410,584.97,809.36,49.82,30.86,4.21,0
20230813:1510,466.6,630.87,39.74,30.44,4.34,0
20230813:1610,307.06,418.12,28.86,29.9,4.34,0
20230813:1710,125.25,198.46,17.75,29.13,4.41,0
20230813:1810,19.36,38.92,6.76,28.08,4.21,0
20230813:1910,0,0,0,26.6,4,0
20230813:2010,0,0,0,25.61,3.59,0
20230813:2110,0,0,0,24.88,3.45,0
20230813:2210,0,0,0,24.36,3.03,0
20230813:2310,0,0,0,23.88,2.69,0
20230814:0010,0,0,0,23.4,2.55,0
20230814:0110,0,0,0,23,2.41,0
20230814:0210,0,0,0,22.52,2.34,0
20230814:0310,0,0,0,22.25,2.34,0
20230814:0410,0,0,0,21.94,2.34,0
20230814:0510,0,4.53,1.89,21.77,2.48,0
20230814:0610,61.75,110.4,12.72,22.49,2.55,0
20230814:0710,233.21,322.24,23.82,24.69,3.31,0
20230814:0810,413.28,547.71,34.85,26.72,4.21,0
20230814:0910,550.4,743.53,45.35,28.52,4.55,0
20230814:1010,647.21,895.02,54.52,29.88,4.97,0
20230814:1110,699.4,982.89,60.82,30.93,5.24,0
20230814:1210,704.68,993.23,62.09,31.86,5.59,0
20230814:1310,670.9,937.46,57.73,32.25,5.79,0
20230814:1410,595.66,817.66,49.56,32.29,5.93,0
20230814:1510,476,642,39.5,32.01,5.93,0
20230814:1610,311.6,424.73,28.63,31.35,5.79,0
20230814:1710,125.16,201.03,17.52,30.26,5.24,0
20230814:1810,18.66,38.01,6.53,28.8,4.83,0
20230814:1910,0,0,0,27.11,4.48,0
20230814:2010,0,0,0,26.03,4,0
20230814:2110,0,0,0,25.28,3.24,0
20230814:2210,0,0,0,24.54,2.62,0
20230814:2310,0,0,0,23.86,2.34,0
20230815:0010,0,0,0,23.22,2.28,0
20230815:0110,0,0,0,22.74,2.21,0
20230815:0210,0,0,0,22.28,2.07,0
20230815:0310,0,0,0,21.94,2,0
20230815:0410,0,0,0,21.61,1.93,0
20230815:0510,0,3.62,1.71,21.22,1.86,0
20230815:0610,58.52,112,12.56,21.72,1.38,0
20230815:0710,151.07,210.27,23.66,24.97,0.9,0
20230815:0810,343.45,467.93,34.68,27.1,0.76,0
20230815:0910,526.51,741.32,45.16,28.79,1.31,0
20230815:1010,614.92,886.44,54.29,30.49,2.07,0
20230815:1110,671.88,979.32,60.53,31.82,2.9,0
20230815:1210,685.71,996.05,61.78,32.82,3.66,0
20230815:1310,660.21,944.24,57.43,33.46,4.34,0
20230815:1410,586.78,819.1,49.29,33.54,4.83,0
20230815:1510,470.29,642.12,39.26,33.18,5.03,0
20230815:1610,304.61,418.54,28.4,32.32,5.1,0
20230815:1710,122.41,196.2,17.28,30.98,4.9,0
20230815:1810,17.36,36.2,6.29,29.34,4.41,0
20230815:1910,0,0,0,27.49,3.45,0
20230815:2010,0,0,0,26.27,2.9,0
20230815:2110,0,0,0,25.28,2.28,0
20230815:2210,0,0,0,24.47,1.86,0
20230815:2310,0,0,0,23.73,1.79,0
20230816:0010,0,0,0,23.05,1.72,0
20230816:0110,0,0,0,22.45,1.52,0
20230816:0210,0,0,0,21.88,1.38,0
20230816:0310,0,0,0,21.35,1.24,0
20230816:0410,0,0,0,20.95,1.17,0
20230816:0510,0,2.72,1.53,20.58,1.24,0
20230816:0610,59.88,108.4,12.39,21.13,1.03,0
20230816:0710,225.84,314.87,23.5,24.49,1.17,0
20230816:0810,391.09,526.76,34.51,26.69,2.07,0
20230816:0910,529.49,731.97,44.97,28.64,2.41,0
20230816:1010,620.47,881.72,54.05,30.22,2.83,0
20230816:1110,487.96,677.54,60.25,31.36,3.24,0
20230816:1210,232.93,320.55,61.46,32.16,3.59,0
20230816:1310,600.61,849.26,57.13,32.59,3.93,0
20230816:1410,76.26,116.36,49.02,32.56,4.41,0
20230816:1510,240.83,328.68,39,32.05,4.41,0
20230816:1610,108.54,157.29,28.16,31.28,4.14,0
20230816:1710,120.35,192.14,17.04,30.09,3.72,0
20230816:1810,16.2,34.39,6.04,28.5,3.31,0
20230816:1910,0,0,0,26.49,2.34,0
20230816:2010,0,0,0,25.51,1.72,0
20230816:2110,0,0,0,24.77,1.31,0
20230816:2210,0,0,0,24.06,1.1,0
20230816:2310,0,0,0,23.43,0.62,0
20230817:0010,0,0,0,23.21,0.41,0
20230817:0110,0,0,0,21.95,0.97,0
20230817:0210,0,0,0,21.9,1.1,0
20230817:0310,0,0,0,21.86,1.31,0
20230817:0410,0,0,0,21.68,1.52,0
20230817:0510,0,0,0,21.65,1.59,0
20230817:0610,57.67,95.89,12.22,22.34,2.07,0
20230817:0710,149.98,206.24,23.33,23.43,2.34,0
20230817:0810,382,504.94,34.34,24.8,2.97,0
20230817:0910,541.17,734.89,44.77,26.29,2.9,0
20230817:1010,629.05,883.91,53.82,27.84,2.76,0
20230817:1110,677.08,971.55,59.96,29.3,2.97,0
20230817:1210,685.18,987.06,61.14,30.32,3.24,0
20230817:1310,652.53,930.04,56.82,30.89,3.45,0
20230817:1410,465.02,638.17,48.74,31.03,3.45,0
20230817:1510,452.69,618.01,38.75,30.82,3.38,0
20230817:1610,290.82,399.65,27.91,30.3,3.1,0
20230817:1710,74.47,114.48,16.8,29.42,2.76,0
20230817:1810,14.99,32.58,5.79,28.26,2.28,0
20230817:1910,0,0,0,26.32,1.93,0
20230817:2010,0,0,0,25.45,1.66,0
20230817:2110,0,0,0,24.77,1.66,0
20230817:2210,0,0,0,24.11,1.66,0
20230817:2310,0,0,0,23.51,1.79,0
20230818:0010,0,0,0,22.96,2.07,0
20230818:0110,0,0,0,22.52,2.14,0
20230818:0210,0,0,0,22.12,2.14,0
20230818:0310,0,0,0,21.78,2.14,0
20230818:0410,0,0,0,21.46,2.07,0
20230818:0510,0,0,0,21.19,2.07,0
20230818:0610,57.02,106.38,12.06,21.7,1.93,0
20230818:0710,230.06,318.04,23.17,24.1,2.55,0
20230818:0810,405.06,537.56,34.16,25.83,3.31,0
20230818:0910,543.06,735.66,44.57,27.22,3.52,0
20230818:1010,626.74,874.39,53.58,28.44,3.38,0
20230818:1110,676.96,967.34,59.67,29.49,3.24,0
20230818:1210,679.94,982.76,60.82,30.26,2.97,0
20230818:1310,360.59,493.91,56.51,30.93,2.69,0
20230818:1410,567.06,800.8,48.46,31.4,2.69,0
20230818:1510,454.34,624.46,38.49,31.3,2.97,0
20230818:1610,299.01,411.76,27.66,30.64,3.24,0
20230818:1710,118.52,193.05,16.55,29.6,3.17,0
20230818:1810,13.8,30.77,5.54,28.21,2.83,0
20230818:1910,0,0,0,26.63,2.14,0
20230818:2010,0,0,0,25.93,1.59,0
20230818:2110,0,0,0,25.45,1.17,0
20230818:2210,0,0,0,24.98,0.9,0
20230818:2310,0,0,0,24.46,0.76,0
20230819:0010,0,0,0,23.83,0.76,0
20230819:0110,0,0,0,23.5,0.69,0
20230819:0210,0,0,0,23.05,0.83,0
20230819:0310,0,0,0,22.89,1.03,0
20230819:0410,0,0,0,23.12,0.97,0
20230819:0510,0,0,0,23.12,0.9,0
20230819:0610,51.05,84.83,11.89,23.47,1.1,0
20230819:0710,118,166.19,23,24.2,1.17,0
20230819:0810,239.88,320.68,33.99,25.02,1.66,0
20230819:0910,272.67,364.19,44.37,25.84,2.07,0
20230819:1010,427.32,578.56,53.34,27.46,2.55,0
20230819:1110,665.84,950.53,59.37,28.63,2.83,0
20230819:1210,675.31,978.06,60.49,29.78,2.62,0
20230819:1310,634.54,919.78,56.2,31.02,2.28,0
20230819:1410,564.25,799.8,48.17,31.88,2.55,0
20230819:1510,446.14,615.64,38.22,31.75,2.69,0
20230819:1610,128.79,183.91,27.4,31.19,2.76,0
20230819:1710,85.64,131.93,16.3,30.13,2.83,0
20230819:1810,12.56,28.96,5.28,28.78,2.21,0
20230819:1910,0,0,0,27.42,1.45,0
20230819:2010,0,0,0,26.78,1.24,0
20230819:2110,0,0,0,26.28,1.03,0
20230819:2210,0,0,0,25.8,1.1,0
20230819:2310,0,0,0,25.06,1.31,0
20230820:0010,0,0,0,24.42,1.45,0
20230820:0110,0,0,0,23.88,1.45,0
20230820:0210,0,0,0,23.41,1.52,0
20230820:0310,0,0,0,22.96,1.45,0
20230820:0410,0,0,0,22.66,1.45,0
20230820:0510,0,0,0,22.39,1.52,0
20230820:0610,55.2,103.55,11.72,22.88,1.24,0
20230820:0710,222.8,314.03,22.83,26.19,1.03,0
20230820:0810,386.9,533.7,33.81,29.14,1.03,0
20230820:0910,519.66,735.87,44.17,31.41,1.72,0
20230820:1010,613.38,886.57,53.09,33.03,2.69,0
20230820:1110,661.01,967.95,59.07,34.16,3.24,0
20230820:1210,668.27,982.31,60.16,34.77,3.38,0
20230820:1310,633.13,923.93,55.88,35.07,3.24,0
20230820:1410,556.15,798.6,47.88,35.25,2.9,0
20230820:1510,439.17,618.01,37.95,35.03,2.48,0
20230820:1610,284.15,402.06,27.14,34.48,2.14,0
20230820:1710,113.58,191.11,16.04,33.38,1.93,0
20230820:1810,11.17,27.15,5.01,32.11,1.66,0
20230820:1910,0,0,0,30.84,1.72,0
20230820:2010,0,0,0,29.88,1.52,0
20230820:2110,0,0,0,28.94,1.72,0
20230820:2210,0,0,0,27.77,1.86,0
20230820:2310,0,0,0,26.68,1.86,0
20230821:0010,0,0,0,25.89,1.79,0
20230821:0110,0,0,0,25.3,1.79,0
20230821:0210,0,0,0,25.12,1.93,0
20230821:0310,0,0,0,25.21,2,0
20230821:0410,0,0,0,25.3,2.07,0
20230821:0510,0,0,0,25.26,1.93,0
20230821:0610,54.11,103.34,11.55,25.52,1.31,0
20230821:0710,218.86,313.01,22.66,28.65,0.69,0
20230821:0810,383.37,532.85,33.63,31.13,1.24,0
20230821:0910,518.05,735.22,43.97,33.02,2.14,0
20230821:1010,610.49,880.72,52.84,34.74,3.38,0
20230821:1110,661.64,967.4,58.77,35.8,3.93,0
20230821:1210,668.39,981.74,59.83,36.36,4,0
20230821:1310,637.27,928.69,55.55,36.35,3.86,0
20230821:1410,558.11,796.67,47.58,36.15,3.72,0
20230821:1510,444.32,619.67,37.68,35.41,3.59,0
20230821:1610,284.47,399.79,26.88,34.42,3.17,0
20230821:1710,111.85,189.26,15.78,33.38,2.28,0
20230821:1810,10.6,26.25,4.75,32.14,1.59,0
20230821:1910,0,0,0,31.01,0.9,0
20230821:2010,0,0,0,30.07,0.97,0
20230821:2110,0,0,0,28.87,1.03,0
20230821:2210,0,0,0,27.74,1.17,0
20230821:2310,0,0,0,27.01,1.24,0
20230822:0010,0,0,0,26.32,1.31,0
20230822:0110,0,0,0,25.5,1.17,0
20230822:0210,0,0,0,25.04,1.03,0
20230822:0310,0,0,0,25.5,0.97,0
20230822:0410,0,0,0,24.88,1.31,0
20230822:0510,0,0,0,24.53,1.59,0
20230822:0610,54,103.16,11.38,24.62,1.24,0
20230822:0710,220.22,312.97,22.49,27.77,0.97,0
20230822:0810,384.82,533.18,33.45,30.52,1.24,0
20230822:0910,517.98,735.83,43.76,32.23,1.79,0
20230822:1010,607.76,886.75,52.59,33.54,2.28,0
20230822:1110,649.9,968.15,58.46,34.53,2.34,0
20230822:1210,654.61,982.4,59.49,35.11,2.28,0
20230822:1310,623.2,929.31,55.23,35.79,2.21,0
20230822:1410,547.31,796.01,47.28,36.08,2.28,0
20230822:1510,433.54,613.96,37.4,36.05,2.34,0
20230822:1610,297.81,422.9,26.61,35.62,2.83,0
20230822:1710,105.96,179.05,15.51,34.6,2.97,0
20230822:1810,8.86,23.53,4.48,33.5,2.48,0
20230822:1910,0,0,0,31.8,2.14,0
20230822:2010,0,0,0,30.77,1.86,0
20230822:2110,0,0,0,29.76,1.72,0
20230822:2210,0,0,0,28.78,1.79,0
20230822:2310,0,0,0,27.91,1.93,0
20230823:0010,0,0,0,27.27,2,0
20230823:0110,0,0,0,26.73,2,0
20230823:0210,0,0,0,26.36,2,0
20230823:0310,0,0,0,26,1.93,0
20230823:0410,0,0,0,25.7,1.86,0
20230823:0510,0,0,0,25.48,1.79,0
20230823:0610,52.79,101,11.21,26.11,1.52,0
20230823:0710,216.46,309.99,22.32,29.96,1.38,0
20230823:0810,381.8,531.26,33.27,32.74,1.86,0
20230823:0910,519.31,733.99,43.55,34.18,2.9,0
20230823:1010,613,885.06,52.34,35.33,3.59,0
20230823:1110,655.53,965.24,58.15,36.28,3.59,0
20230823:1210,651.01,967.08,59.14,36.99,3.31,0
20230823:1310,614.51,907.57,54.9,37.61,3.17,0
20230823:1410,551.2,803.39,46.98,37.46,2.69,0
20230823:1510,357.34,505.71,37.12,37.2,2.14,0
20230823:1610,166.16,238.45,26.34,35.87,2.41,0
20230823:1710,71.9,115.1,15.24,34.47,1.93,0
20230823:1810,8.32,22.63,4.2,33.4,1.72,0
20230823:1910,0,0,0,32.21,1.1,0
20230823:2010,0,0,0,30.67,0.69,0
20230823:2110,0,0,0,29.47,0.28,0
20230823:2210,0,0,0,28.89,0.21,0
20230823:2310,0,0,0,28.43,0.07,0
20230824:0010,0,0,0,28.08,0.21,0
20230824:0110,0,0,0,27.07,0.76,0
20230824:0210,0,0,0,26.17,1.03,0
20230824:0310,0,0,0,25.51,1.03,0
20230824:0410,0,0,0,24.94,0.97,0
20230824:0510,0,0,0,24.34,1.1,0
20230824:0610,52.79,100.84,11.03,24.64,0.9,0
20230824:0710,218.86,311.97,22.15,27.5,0.28,0
20230824:0810,384.3,534.95,33.08,30.05,0.69,0
20230824:0910,517.48,739.35,43.34,32.17,1.45,0
20230824:1010,605.1,885.17,52.08,34.04,2.28,0
20230824:1110,651.94,965.23,57.84,35.45,2.97,0
20230824:1210,663.13,978.33,58.8,36.33,3.66,0
20230824:1310,634.09,918.58,54.56,36.63,4.34,0
20230824:1410,598.25,853.63,46.67,36.49,4.55,0
20230824:1510,439.77,613.35,36.83,36.41,4.14,0
20230824:1610,281.53,395.09,26.07,35.46,4.69,0
20230824:1710,101.49,170.07,14.97,34.21,4.48,0
20230824:1810,7.29,20.82,3.92,32.62,3.79,0
20230824:1910,0,0,0,30.57,3.1,0
20230824:2010,0,0,0,29.44,2.62,0
20230824:2110,0,0,0,28.57,2.48,0
20230824:2210,0,0,0,27.78,2.48,0
20230824:2310,0,0,0,27.15,2.41,0
20230825:0010,0,0,0,26.6,2.34,0
20230825:0110,0,0,0,26.06,2.34,0
20230825:0210,0,0,0,25.55,2.28,0
20230825:0310,0,0,0,25.09,2.14,0
20230825:0410,0,0,0,24.69,1.93,0
20230825:0510,0,0,0,24.55,1.38,0
20230825:0610,51.69,98.89,10.86,24.76,0.97,0
20230825:0710,217.7,306.89,21.98,26.53,1.1,0
20230825:0810,379.4,518.26,32.9,28.05,1.24,0
20230825:0910,520.13,735.27,43.13,29.64,1.24,0
20230825:1010,604.19,881.08,51.82,31.28,1.59,0
20230825:1110,644.51,954.29,57.52,32.88,2.07,0
20230825:1210,655.16,967.27,58.45,33.94,2.69,0
20230825:1310,627.81,913.16,54.22,34.59,3.17,0
20230825:1410,548.64,780.87,46.36,34.72,3.17,0
20230825:1510,436.21,603.99,36.54,34.6,3.79,0
20230825:1610,275.34,385.11,25.79,34.03,3.93,0
20230825:1710,99.77,166.66,14.69,32.77,4.28,0
20230825:1810,6.3,19.01,3.64,31.04,3.38,0
20230825:1910,0,0,0,28.58,2.21,0
20230825:2010,0,0,0,27.59,1.66,0
20230825:2110,0,0,0,26.88,1.59,0
20230825:2210,0,0,0,26.16,2,0
20230825:2310,0,0,0,25.5,2.14,0
20230826:0010,0,0,0,24.99,1.86,0
20230826:0110,0,0,0,24.75,1.38,0
20230826:0210,0,0,0,24.54,0.83,0
20230826:0310,0,0,0,24.29,0.41,0
20230826:0410,0,0,0,24.25,0.48,0
20230826:0510,0,0,0,23.88,0.41,0
20230826:0610,50.69,93.69,10.69,23.85,0.07,0
20230826:0710,138.67,194.54,21.8,24.56,0.28,0
20230826:0810,249.85,337.37,32.71,25.66,0.48,0
20230826:0910,487.02,683.65,42.91,27.08,0.41,0
20230826:1010,413.56,570.57,51.56,28.22,1.1,0
20230826:1110,251.2,342.58,57.21,29.59,2.34,0
20230826:1210,625.41,883.91,58.1,30.63,3.59,0
20230826:1310,309.87,420.72,53.88,30.96,3.66,0
20230826:1410,33.75,59.6,46.04,31.07,4.07,0
20230826:1510,282.06,380.94,36.24,30.94,4.14,0
20230826:1610,19.78,39.73,25.5,29.37,3.66,0
20230826:1710,8.63,22.7,14.41,28.26,2.55,0
20230826:1810,0,1.81,3.36,27.44,1.93,0
20230826:1910,0,0,0,26.05,2.34,0
20230826:2010,0,0,0,25.25,2.62,0
20230826:2110,0,0,0,24.72,2.76,0
20230826:2210,0,0,0,24.62,2.34,0
20230826:2310,0,0,0,24.5,1.38,0
20230827:0010,0,0,0,24.34,1.1,0
20230827:0110,0,0,0,23.61,1.59,0
20230827:0210,0,0,0,21.27,2.9,0
20230827:0310,0,0,0,19.64,3.86,0
20230827:0410,0,0,0,18.85,2.97,0
20230827:0510,0,0,0,18.11,3.1,0
20230827:0610,10.43,24.6,10.51,17.61,4.07,0
20230827:0710,11.7,26.49,21.63,17.46,3.31,0
20230827:0810,25.3,45.41,32.52,17.56,3.24,0
20230827:0910,38.51,62.43,42.7,17.23,4.21,0
20230827:1010,44.56,70,51.3,17.09,4.76,0
20230827:1110,49.88,76.62,56.88,17.11,4.97,0
20230827:1210,56,84.19,57.75,17.19,5.17,0
20230827:1310,55.21,83.25,53.53,17.28,5.24,0
20230827:1410,81.57,115.41,45.72,17.64,5.72,0
20230827:1510,48.87,75.68,35.94,18.06,4.69,0
20230827:1610,24.49,44.46,25.22,18.52,4.97,0
20230827:1710,18.23,35.95,14.13,18.65,5.31,0
20230827:1810,2.66,11.77,3.07,18.72,4.83,0
20230827:1910,0,0,0,19.26,4.76,0
20230827:2010,0,0,0,18.86,4.83,0
20230827:2110,0,0,0,18.49,4.76,0
20230827:2210,0,0,0,18.44,4.48,0
20230827:2310,0,0,0,18.34,4.34,0
20230828:0010,0,0,0,17.97,3.79,0
20230828:0110,0,0,0,17.4,3.17,0
20230828:0210,0,0,0,16.89,2.55,0
20230828:0310,0,0,0,16.19,1.86,0
20230828:0410,0,0,0,15.83,1.72,0
20230828:0510,0,0,0,15.76,2.21,0
20230828:0610,47.35,78.25,10.34,15.71,2.14,0
20230828:0710,251.57,341.67,21.45,18.19,0.97,0
20230828:0810,363.1,476,32.34,20.17,1.1,0
20230828:0910,455.25,613.2,42.48,21.38,0.55,0
20230828:1010,608.63,861.46,51.03,22.29,0.62,0
20230828:1110,633.89,889.69,56.56,23.69,1.79,0
20230828:1210,688.13,988.64,57.39,24.72,1.79,0
20230828:1310,573.17,793.01,53.18,25.31,2.14,0
20230828:1410,525.34,715.68,45.4,25.8,2.41,0
20230828:1510,379.32,503.31,35.64,25.72,2.83,0
20230828:1610,304.05,408.57,24.92,24.76,3.24,0
20230828:1710,103.65,170.62,13.84,23.74,3.24,0
20230828:1810,3.53,13.58,2.78,22.51,3.17,0
20230828:1910,0,0,0,21.32,3.52,0
20230828:2010,0,0,0,20.5,3.52,0
20230828:2110,0,0,0,19.73,3.24,0
20230828:2210,0,0,0,19.03,2.97,0
20230828:2310,0,0,0,18.33,2.83,0
20230829:0010,0,0,0,17.63,2.55,0
20230829:0110,0,0,0,17.06,2.48,0
20230829:0210,0,0,0,16.53,2.62,0
20230829:0310,0,0,0,16.09,2.62,0
20230829:0410,0,0,0,15.77,2.55,0
20230829:0510,0,0,0,15.43,2.48,0
20230829:0610,51.27,87.58,10.16,15.43,2.41,0
20230829:0710,153.37,205.53,21.28,17.53,2.14,0
20230829:0810,330.48,426.11,32.14,19.45,2.34,0
20230829:0910,433.93,569.22,42.26,20.8,2,0
20230829:1010,661.62,930.6,50.76,22.25,1.52,0
20230829:1110,702.52,1013.96,56.23,23.35,1.45,0
20230829:1210,709.58,1025.8,57.03,24.02,1.66,0
20230829:1310,678.06,961.58,52.83,24.34,2,0
20230829:1410,553.43,754.95,45.07,24.33,2.14,0
20230829:1510,341.89,453.5,35.33,24.35,1.79,0
20230829:1610,254.69,341.96,24.63,23.8,2.07,0
20230829:1710,91.27,143.72,13.55,23.08,1.72,0
20230829:1810,2.14,10.86,2.48,22.37,0.9,0
20230829:1910,0,0,0,20.72,1.03,0
20230829:2010,0,0,0,20.07,1.03,0
20230829:2110,0,0,0,19.32,1.45,0
20230829:2210,0,0,0,18.82,2,0
20230829:2310,0,0,0,18.29,2.28,0
20230830:0010,0,0,0,17.62,2,0
20230830:0110,0,0,0,17.29,1.93,0
20230830:0210,0,0,0,17.08,1.79,0
20230830:0310,0,0,0,16.28,1.72,0
20230830:0410,0,0,0,15.9,1.38,0
20230830:0510,0,0,0,15.76,0.9,0
20230830:0610,50.82,92.54,9.99,16.29,0.55,0
20230830:0710,211.68,284.01,21.1,17.61,1.31,0
20230830:0810,392.49,509.59,31.95,18.52,1.45,0
20230830:0910,543.68,728.14,42.03,19.02,1.17,0
20230830:1010,649.05,906.49,50.49,19.37,0.9,0
20230830:1110,694.19,988.2,55.91,19.99,1.03,0
20230830:1210,677.49,954.07,56.66,20.01,1.24,0
20230830:1310,323.89,422.03,52.48,20.06,1.72,0
20230830:1410,138.06,186.36,44.74,19.84,1.93,0
20230830:1510,153.16,205.76,35.02,20.73,1.72,0
20230830:1610,263.65,351.12,24.33,21.45,1.72,0
20230830:1710,93.21,150.28,13.26,21.74,1.66,0
20230830:1810,0.91,8.15,2.19,21.52,1.24,0
20230830:1910,0,0,0,20.19,1.59,0
20230830:2010,0,0,0,19.51,1.52,0
20230830:2110,0,0,0,19.16,1.52,0
20230830:2210,0,0,0,18.73,1.45,0
20230830:2310,0,0,0,18.32,1.31,0
20230831:0010,0,0,0,17.9,1.24,0
20230831:0110,0,0,0,17.68,1.1,0
20230831:0210,0,0,0,17.71,1.17,0
20230831:0310,0,0,0,17.62,1.1,0
20230831:0410,0,0,0,17.89,0.76,0
20230831:0510,0,0,0,17.73,0.97,0
20230831:0610,38.02,64.99,9.81,18.15,1.17,0
20230831:0710,148.62,200.78,20.92,18.25,1.52,0
20230831:0810,177.74,233.44,31.76,18.29,1.72,0
20230831:0910,358.48,464.7,41.81,18.68,1.31,0
20230831:1010,428.23,567.67,50.22,19.33,0.69,0
20230831:1110,547.03,752.95,55.57,20.01,0.48,0
20230831:1210,596.45,830.69,56.3,21.3,0.97,0
20230831:1310,667.75,928.21,52.12,21.29,1.86,0
20230831:1410,588.19,799.49,44.4,22.42,2.07,0
20230831:1510,465.45,615.56,34.71,22.76,2.41,0
20230831:1610,275.91,367.59,24.03,22.69,2.97,0
20230831:1710,92.74,152.28,12.96,22.06,2.9,0
20230831:1810,0.19,6.34,1.88,21.33,2.21,0
20230831:1910,0,0,0,20.77,2,0
20230831:2010,0,0,0,20.22,1.45,0
20230831:2110,0,0,0,19.73,1.52,0
20230831:2210,0,0,0,19.1,1.72,0
20230831:2310,0,0,0,18.45,1.79,0
20230901:0010,0,0,0,17.87,1.79,0
20230901:0110,0,0,0,17.43,1.79,0
20230901:0210,0,0,0,17.12,1.79,0
20230901:0310,0,0,0,16.9,1.79,0
20230901:0410,0,0,0,16.72,1.79,0
20230901:0510,0,0,0,16.61,1.93,0
20230901:0610,49.75,94.37,9.63,17.04,1.93,0
20230901:0710,231.09,314.25,20.74,19.66,1.52,0
20230901:0810,396.97,523.38,31.56,22.71,2.07,0
20230901:0910,518.11,690.75,41.58,24.74,3.38,0
20230901:1010,643.97,880.1,49.94,26,4.07,0
20230901:1110,703.38,977.83,55.24,26.91,4.34,0
20230901:1210,697.08,969.33,55.93,27.43,4.48,0
20230901:1310,674.25,931.13,51.75,27.67,4.55,0
20230901:1410,576.5,779.78,44.07,27.86,4.55,0
20230901:1510,453.67,600.64,34.39,27.38,4.83,0
20230901:1610,280.82,377.79,23.73,26.53,5.24,0
20230901:1710,91.79,155.43,12.66,25.25,4.76,0
20230901:1810,0,5.43,1.58,24.11,4.48,0
20230901:1910,0,0,0,23.38,3.93,0
20230901:2010,0,0,0,22.68,3.45,0
20230901:2110,0,0,0,22.23,3.17,0
20230901:2210,0,0,0,21.78,3.17,0
20230901:2310,0,0,0,21.52,2.97,0
20230902:0010,0,0,0,21.2,2.83,0
20230902:0110,0,0,0,20.87,2.62,0
20230902:0210,0,0,0,20.42,2.41,0
20230902:0310,0,0,0,20.01,2.21,0
20230902:0410,0,0,0,19.68,1.93,0
20230902:0510,0,0,0,19.45,1.79,0
20230902:0610,47,89.49,9.46,19.66,1.66,0
20230902:0710,131.56,181.39,20.56,21.13,1.72,0
20230902:0810,296.34,384.26,31.37,22.06,3.45,0
20230902:0910,356.87,463.1,41.35,22.78,3.72,0
20230902:1010,453.34,594.38,49.66,23.1,3.72,0
20230902:1110,569.23,762.75,54.9,23.44,3.59,0
20230902:1210,366.78,481.54,55.56,23.78,3.45,0
20230902:1310,262.54,344.89,51.39,23.43,3.38,0
20230902:1410,176.08,235.64,43.73,22.96,2.97,0
20230902:1510,43.26,70,34.07,22.49,2.69,0
20230902:1610,76.5,111.83,23.42,22.15,2.62,0
20230902:1710,21.97,41.62,12.36,21.72,2.34,0
20230902:1810,0,0.91,1.27,21.21,2.14,0
20230902:1910,0,0,0,20.63,2.34,0
20230902:2010,0,0,0,20.35,2.34,0
20230902:2110,0,0,0,20.03,1.93,0
20230902:2210,0,0,0,19.71,2.34,0
20230902:2310,0,0,0,19.44,2.48,0
20230903:0010,0,0,0,19.25,2.28,0
20230903:0110,0,0,0,19.01,2.34,0
20230903:0210,0,0,0,18.81,2.62,0
20230903:0310,0,0,0,18.68,2.76,0
20230903:0410,0,0,0,18.61,2.9,0
20230903:0510,0,0,0,18.52,2.83,0
20230903:0610,39.53,69.11,9.28,18.71,2.62,0
20230903:0710,229.59,310.37,20.38,19.87,2.83,0
20230903:0810,386,498.89,31.17,21.23,3.38,0
20230903:0910,292.93,380.56,41.12,22.57,3.66,0
20230903:1010,448.67,586.38,49.38,23.55,4.34,0
20230903:1110,482.19,634.67,54.56,24.33,4.62,0
20230903:1210,462.72,609.48,55.19,24.9,4.69,0
20230903:1310,436.29,575.7,51.02,25.38,4.28,0
20230903:1410,498.63,661.48,43.38,25.55,4.14,0
20230903:1510,439.18,580.08,33.75,25.56,3.72,0
20230903:1610,265.84,359.07,23.11,25.26,3.24,0
20230903:1710,73.53,120.05,12.05,24.47,3.03,0
20230903:1810,0,0,0,23.22,2.76,0
20230903:1910,0,0,0,22.02,2.07,0
20230903:2010,0,0,0,21.22,2.14,0
20230903:2110,0,0,0,20.65,2.21,0
20230903:2210,0,0,0,20.22,2.21,0
20230903:2310,0,0,0,19.86,2.21,0
20230904:0010,0,0,0,19.56,2.28,0
20230904:0110,0,0,0,19.32,2.28,0
20230904:0210,0,0,0,19.04,2.34,0
20230904:0310,0,0,0,18.8,2.41,0
20230904:0410,0,0,0,18.6,2.34,0
20230904:0510,0,0,0,18.42,2.34,0
20230904:0610,44.23,80.18,9.1,18.57,2.34,0
20230904:0710,186.41,253.13,20.19,20.91,2.14,0
20230904:0810,376.89,495.3,30.97,23.31,2.55,0
20230904:0910,505.04,677.14,40.89,24.82,2.76,0
20230904:1010,608.4,839.99,49.1,26.08,2.9,0
20230904:1110,658,927.54,54.22,27.04,2.9,0
20230904:1210,680.41,968.64,54.81,27.65,2.9,0
20230904:1310,641.22,904.39,50.65,27.79,2.76,0
20230904:1410,547.7,755.51,43.04,27.84,2.55,0
20230904:1510,417.33,562.76,33.43,27.55,2.41,0
20230904:1610,251.47,344.33,22.8,26.91,2.21,0
20230904:1710,71.45,117.85,11.74,25.91,2,0
20230904:1810,0,0,0,24.56,1.52,0
20230904:1910,0,0,0,22.98,1.24,0
20230904:2010,0,0,0,21.86,1.17,0
20230904:2110,0,0,0,20.82,1.1,0
20230904:2210,0,0,0,20.2,1.31,0
20230904:2310,0,0,0,19.85,1.52,0
20230905:0010,0,0,0,19.54,1.72,0
20230905:0110,0,0,0,19.32,1.79,0
20230905:0210,0,0,0,18.91,1.72,0
20230905:0310,0,0,0,18.43,1.66,0
20230905:0410,0,0,0,18.05,1.59,0
20230905:0510,0,0,0,17.85,1.59,0
20230905:0610,41.4,73.62,8.92,17.94,1.45,0
20230905:0710,188.12,257.6,20.01,21.32,0.9,0
20230905:0810,369.35,493.1,30.76,23.91,1.17,0
20230905:0910,512.18,704.16,40.65,25.37,1.31,0
20230905:1010,615.64,873.06,48.81,26.46,1.66,0
20230905:1110,670.36,962.73,53.88,27.32,2.21,0
20230905:1210,685.09,979.25,54.43,27.9,2.83,0
20230905:1310,640.99,900.35,50.28,28.33,3.17,0
20230905:1410,544.72,745.35,42.69,28.51,3.38,0
20230905:1510,408.23,546.38,33.1,28.33,3.59,0
20230905:1610,222.29,303.75,22.48,27.74,3.66,0
20230905:1710,65.75,108.94,11.43,26.55,3.38,0
20230905:1810,0,0,0,24.93,2.69,0
20230905:1910,0,0,0,23.4,2.07,0
20230905:2010,0,0,0,22.68,1.52,0
20230905:2110,0,0,0,21.87,1.17,0
20230905:2210,0,0,0,21.93,0.48,0
20230905:2310,0,0,0,21.64,0.48,0
20230906:0010,0,0,0,19.85,1.38,0
20230906:0110,0,0,0,19.6,1.59,0
20230906:0210,0,0,0,19.36,1.72,0
20230906:0310,0,0,0,19.21,1.79,0
20230906:0410,0,0,0,19.03,1.79,0
20230906:0510,0,0,0,18.86,1.79,0
20230906:0610,43.32,80.33,8.74,19.06,1.66,0
20230906:0710,209.36,285.39,19.82,20.56,1.24,0
20230906:0810,394.49,526.48,30.56,23.09,1.1,0
20230906:0910,546.75,746.06,40.41,24.36,1.86,0
20230906:1010,642.43,899.3,48.52,25.22,2.28,0
20230906:1110,685.29,971.25,53.53,25.91,2.62,0
20230906:1210,692.93,980.37,54.06,26.33,2.97,0
20230906:1310,663.79,925.44,49.91,26.39,3.24,0
20230906:1410,571.57,776.23,42.34,26.19,3.31,0
20230906:1510,448.6,596.46,32.77,25.64,3.17,0
20230906:1610,264.88,358.43,22.17,24.86,2.97,0
20230906:1710,75.84,130.49,11.12,23.84,2.48,0
20230906:1810,0,0,0,22.62,1.72,0
20230906:1910,0,0,0,21.54,0.9,0
20230906:2010,0,0,0,21.05,0.62,0
20230906:2110,0,0,0,20.93,0.34,0
20230906:2210,0,0,0,20.03,0.76,0
20230906:2310,0,0,0,18.4,1.24,0
20230907:0010,0,0,0,17.64,1.38,0
20230907:0110,0,0,0,17.04,1.45,0
20230907:0210,0,0,0,16.6,1.59,0
20230907:0310,0,0,0,16.25,1.66,0
20230907:0410,0,0,0,15.82,1.66,0
20230907:0510,0,0,0,15.39,1.59,0
20230907:0610,47.16,92.85,8.55,15.23,1.45,0
20230907:0710,237.35,322.02,19.64,18.78,1.03,0
20230907:0810,426.9,568.72,30.36,21.72,1.1,0
20230907:0910,566.09,782.86,40.17,23.73,1.24,0
20230907:1010,652.78,930.73,48.23,25.11,1.59,0
20230907:1110,690.29,997.13,53.18,26.07,1.93,0
20230907:1210,690.5,992.62,53.67,26.75,2.34,0
20230907:1310,666.46,943.94,49.53,27.06,2.69,0
20230907:1410,586.39,808.09,41.98,27.07,2.9,0
20230907:1510,458.59,616.39,32.43,26.77,2.9,0
20230907:1610,272.36,370.98,21.85,26.05,3.03,0
20230907:1710,76.62,134.44,10.8,24.82,2.83,0
20230907:1810,0,0,0,23.44,1.59,0
20230907:1910,0,0,0,21.97,0.9,0
20230907:2010,0,0,0,22.08,0.41,0
20230907:2110,0,0,0,21.15,0.69,0
20230907:2210,0,0,0,19.71,1.03,0
20230907:2310,0,0,0,18.52,1.38,0
20230908:0010,0,0,0,17.77,1.38,0
20230908:0110,0,0,0,17.09,1.45,0
20230908:0210,0,0,0,16.67,1.52,0
20230908:0310,0,0,0,16.46,1.59,0
20230908:0410,0,0,0,16.31,1.72,0
20230908:0510,0,0,0,16.18,1.79,0
20230908:0610,45.72,90.65,8.37,16.18,1.72,0
20230908:0710,234.58,317.85,19.45,18.69,1.17,0
20230908:0810,423.74,564.65,30.15,22.23,1.24,0
20230908:0910,563.02,777.73,39.93,23.94,1.31,0
20230908:1010,648.8,924.33,47.93,25.22,1.59,0
20230908:1110,690.72,996.84,52.83,26.22,2,0
20230908:1210,689.31,991.15,53.29,26.91,2.34,0
20230908:1310,660.45,936.23,49.15,27.3,2.62,0
20230908:1410,576.48,794.5,41.62,27.32,2.83,0
20230908:1510,449.42,604.6,32.1,27.07,2.83,0
20230908:1610,268.24,366.84,21.53,26.42,2.83,0
20230908:1710,72.67,127.83,10.49,25.23,2.76,0
20230908:1810,0,0,0,23.79,1.86,0
20230908:1910,0,0,0,22.34,1.03,0
20230908:2010,0,0,0,21.91,0.48,0
20230908:2110,0,0,0,20.6,0.9,0
20230908:2210,0,0,0,19.47,1.45,0
20230908:2310,0,0,0,18.65,1.59,0
20230909:0010,0,0,0,17.85,1.52,0
20230909:0110,0,0,0,17.35,1.38,0
20230909:0210,0,0,0,17.02,1.38,0
20230909:0310,0,0,0,16.81,1.38,0
20230909:0410,0,0,0,16.62,1.45,0
20230909:0510,0,0,0,16.36,1.52,0
20230909:0610,45.25,90.16,8.19,16.28,1.52,0
20230909:0710,231.67,315.63,19.26,19.14,0.62,0
20230909:0810,414.21,560.39,29.94,21.92,0,0
20230909:0910,549.41,766.84,39.69,23.62,0.55,0
20230909:1010,641.78,917.4,47.64,25.05,1.31,0
20230909:1110,684.39,988.24,52.48,26.11,1.86,0
20230909:1210,686.97,989.81,52.91,26.86,2.21,0
20230909:1310,655.72,933.64,48.77,27.35,2.34,0
20230909:1410,571.51,791.76,41.27,27.5,2.48,0
20230909:1510,446.05,601.72,31.76,27.38,2.69,0
20230909:1610,264.44,362.45,21.2,26.84,2.97,0
20230909:1710,69.56,124.09,10.17,25.61,3.24,0
20230909:1810,0,0,0,24.1,2.62,0
20230909:1910,0,0,0,22.97,1.86,0
20230909:2010,0,0,0,22.05,1.59,0
20230909:2110,0,0,0,21.16,1.45,0
20230909:2210,0,0,0,20.27,1.45,0
20230909:2310,0,0,0,19.53,1.45,0
20230910:0010,0,0,0,18.86,1.45,0
20230910:0110,0,0,0,18.27,1.38,0
20230910:0210,0,0,0,17.94,1.31,0
20230910:0310,0,0,0,17.68,1.31,0
20230910:0410,0,0,0,17.39,1.38,0
20230910:0510,0,0,0,16.99,1.31,0
20230910:0610,42.22,82.44,8.01,16.95,1.17,0
20230910:0710,221.41,303.65,19.07,20.14,0.34,0
20230910:0810,408.76,547.34,29.73,22.48,0.76,0
20230910:0910,546.14,751.12,39.44,24.07,1.31,0
20230910:1010,637.67,903.84,47.34,25.6,1.72,0
20230910:1110,677.6,969.72,52.13,26.66,2.28,0
20230910:1210,681.04,970.01,52.52,27.08,2.69,0
20230910:1310,653.3,920.13,48.39,27.34,2.83,0
20230910:1410,562.34,773.38,40.91,27.6,2.83,0
20230910:1510,435.5,584.88,31.42,27.67,3.1,0
20230910:1610,259.27,354.51,20.88,26.96,3.79,0
20230910:1710,59.54,103.51,9.85,25.78,3.66,0
20230910:1810,0,0,0,24.58,3.03,0
20230910:1910,0,0,0,23.56,2.55,0
20230910:2010,0,0,0,22.89,2.14,0
20230910:2110,0,0,0,22.25,1.86,0
20230910:2210,0,0,0,21.7,1.79,0
20230910:2310,0,0,0,21.21,1.93,0
20230911:0010,0,0,0,20.77,1.79,0
20230911:0110,0,0,0,20.42,1.59,0
20230911:0210,0,0,0,19.92,1.66,0
20230911:0310,0,0,0,19.51,1.79,0
20230911:0410,0,0,0,19.24,1.66,0
20230911:0510,0,0,0,18.95,1.38,0
20230911:0610,31.99,58.78,7.82,18.62,1.17,0
20230911:0710,63.95,95.84,18.88,20.38,0.41,0
20230911:0810,343.22,450.49,29.52,21.74,1.45,0
20230911:0910,505.02,674.92,39.19,24.06,2.62,0
20230911:1010,589.39,814.33,47.04,26.1,2.55,0
20230911:1110,671.16,950.24,51.77,27.54,2.97,0
20230911:1210,673.24,950.39,52.13,28.51,3.52,0
20230911:1310,625.41,869.37,48,29.2,3.93,0
20230911:1410,304.66,407.75,40.54,29.36,4.14,0
20230911:1510,112.32,160.25,31.08,28.88,4.48,0
20230911:1610,90.84,132.82,20.55,28.04,4.48,0
20230911:1710,56.87,101.55,9.53,26.93,4.21,0
20230911:1810,0,0,0,25.63,3.79,0
20230911:1910,0,0,0,24.22,4,0
20230911:2010,0,0,0,23.46,3.03,0
20230911:2110,0,0,0,22.69,2.41,0
20230911:2210,0,0,0,22.09,2.28,0
20230911:2310,0,0,0,21.37,2.34,0
20230912:0010,0,0,0,20.85,2.41,0
20230912:0110,0,0,0,20.44,2.21,0
20230912:0210,0,0,0,20.1,2,0
20230912:0310,0,0,0,19.97,1.79,0
20230912:0410,0,0,0,19.82,1.52,0
20230912:0510,0,0,0,19.67,1.38,0
20230912:0610,27.8,52.35,7.64,19.57,1.31,0
20230912:0710,168.13,230.72,18.69,21.53,1.24,0
20230912:0810,297.75,391.26,29.3,22.83,1.79,0
20230912:0910,446.31,595.99,38.94,23.9,1.86,0
20230912:1010,387.25,517.7,46.74,24.83,1.79,0
20230912:1110,307.84,412.45,51.41,25.68,1.66,0
20230912:1210,613.92,860.91,51.74,26.3,2.28,0
20230912:1310,469.09,630.56,47.62,25.74,2.76,0
20230912:1410,444.11,597,40.18,26.13,2.34,0
20230912:1510,161.7,221.86,30.74,26.44,1.72,0
20230912:1610,73.04,109.44,20.22,25.74,1.59,0
20230912:1710,45.42,79.97,9.2,25.33,1.66,0
20230912:1810,0,0,0,24.4,1.45,0
20230912:1910,0,0,0,23.21,1.31,0
20230912:2010,0,0,0,22.21,0.83,0
20230912:2110,0,0,0,21.65,0.62,0
20230912:2210,0,0,0,21.5,0.55,0
20230912:2310,0,0,0,19.87,2.21,0
20230913:0010,0,0,0,19.37,2.21,0
20230913:0110,0,0,0,18.8,2.14,0
20230913:0210,0,0,0,18.86,1.79,0
20230913:0310,0,0,0,18.57,1.31,0
20230913:0410,0,0,0,18.14,1.31,0
20230913:0510,0,0,0,17.91,1.45,0
20230913:0610,41.48,83.24,7.45,17.71,1.31,0
20230913:0710,216.53,294.6,18.49,19.78,1.31,0
20230913:0810,412.02,540.01,29.09,21.54,2.14,0
20230913:0910,552.16,742.16,38.69,23.12,2.41,0
20230913:1010,577.11,790.97,46.43,24.66,2.34,0
20230913:1110,392.56,525.7,51.05,25.55,2.21,0
20230913:1210,93.43,135.28,51.35,26.12,2.07,0
20230913:1310,362.07,485.2,47.23,26.33,2.14,0
20230913:1410,29.63,52.97,39.81,26.37,2.21,0
20230913:1510,190.16,256.47,30.39,25.1,1.66,0
20230913:1610,159.19,219.55,19.89,23.89,1.03,0
20230913:1710,60.33,112.09,8.88,23.38,1.31,0
20230913:1810,0,0,0,22.81,1.79,0
20230913:1910,0,0,0,22.18,1.93,0
20230913:2010,0,0,0,21.3,1.79,0
20230913:2110,0,0,0,20.73,1.79,0
20230913:2210,0,0,0,19.96,1.72,0
20230913:2310,0,0,0,19.26,1.66,0
20230914:0010,0,0,0,18.81,1.59,0
20230914:0110,0,0,0,18.33,1.52,0
20230914:0210,0,0,0,17.85,1.66,0
20230914:0310,0,0,0,17.62,1.59,0
20230914:0410,0,0,0,17.37,1.66,0
20230914:0510,0,0,0,17.16,1.66,0
20230914:0610,38.62,77.39,7.26,17.26,1.59,0
20230914:0710,213.96,290.32,18.3,19.32,1.31,0
20230914:0810,382.54,510.44,28.87,22.17,0.55,0
20230914:0910,383.45,515.14,38.44,23.98,0.69,0
20230914:1010,392.41,530.66,46.13,25.1,0.97,0
20230914:1110,636.74,913.62,50.69,25.63,1.31,0
20230914:1210,191.71,260.1,50.96,25.96,1.86,0
20230914:1310,415.79,564,46.84,25.94,1.38,0
20230914:1410,220.91,295.81,39.45,24.95,1.72,0
20230914:1510,257.01,342.56,30.05,24.89,1.38,0
20230914:1610,179.38,247,19.56,24.72,1.45,0
20230914:1710,55.06,103.73,8.55,24.58,1.59,0
20230914:1810,0,0,0,23.77,1.66,0
20230914:1910,0,0,0,22.22,1.24,0
20230914:2010,0,0,0,21.68,1.45,0
20230914:2110,0,0,0,21.09,1.72,0
20230914:2210,0,0,0,20.51,1.93,0
20230914:2310,0,0,0,19.9,1.86,0
20230915:0010,0,0,0,19.31,1.86,0
20230915:0110,0,0,0,18.84,1.79,0
20230915:0210,0,0,0,18.5,1.79,0
20230915:0310,0,0,0,18.36,1.79,0
20230915:0410,0,0,0,18.03,1.66,0
20230915:0510,0,0,0,17.68,1.52,0
20230915:0610,23.96,46.24,7.08,17.56,1.45,0
20230915:0710,113.56,158.21,18.1,19.88,1.17,0
20230915:0810,421.37,558.42,28.65,22.69,1.79,0
20230915:0910,521.73,696.54,38.18,24.23,2.97,0
20230915:1010,621.17,846.05,45.82,25.06,3.52,0
20230915:1110,574.58,774.43,50.33,25.25,3.93,0
20230915:1210,182.99,245.46,50.56,24.58,3.93,0
20230915:1310,69.94,104.06,46.45,23.45,3.72,0
20230915:1410,75.79,110.68,39.08,21.69,2.83,0
20230915:1510,31.19,53.92,29.7,20.94,1.86,0
20230915:1610,32,54.87,19.22,20.22,1.17,0
20230915:1710,3.41,13.24,8.23,20,0.97,0
20230915:1810,0,0,0,19.67,1.52,0
20230915:1910,0,0,0,19.83,4.62,0
20230915:2010,0,0,0,19.59,3.79,0
20230915:2110,0,0,0,19.72,3.72,0
20230915:2210,0,0,0,19.92,3.45,0
20230915:2310,0,0,0,19.92,2.9,0
20230916:0010,0,0,0,19.56,2.14,0
20230916:0110,0,0,0,19.2,1.72,0
20230916:0210,0,0,0,18.61,1.59,0
20230916:0310,0,0,0,18.02,1.45,0
20230916:0410,0,0,0,17.58,1.45,0
20230916:0510,0,0,0,16.97,1.45,0
20230916:0610,39.14,79.14,6.89,16.65,1.38,0
20230916:0710,125.31,173.18,17.9,19.62,1.03,0
20230916:0810,416.67,552.33,28.43,21.95,1.38,0
20230916:0910,561.09,761.02,37.92,23.6,2.14,0
20230916:1010,659.24,916.34,45.51,25.3,2.9,0
20230916:1110,700.07,988.36,49.97,26.69,3.24,0
20230916:1210,680.93,961.74,50.17,27.57,3.24,0
20230916:1310,599.82,826.26,46.06,28.14,3.72,0
20230916:1410,551.44,746.14,38.71,28.25,4.21,0
20230916:1510,357.77,473.06,29.35,27.53,4.34,0
20230916:1610,201.76,277.43,18.89,26.76,4.14,0
20230916:1710,33.41,62.09,7.9,25.59,3.79,0
20230916:1810,0,0,0,24.25,3.52,0
20230916:1910,0,0,0,23.42,2.69,0
20230916:2010,0,0,0,22.75,2.21,0
20230916:2110,0,0,0,22.1,2,0
20230916:2210,0,0,0,21.58,1.93,0
20230916:2310,0,0,0,21.17,1.93,0
20230917:0010,0,0,0,20.84,1.86,0
20230917:0110,0,0,0,20.45,1.79,0
20230917:0210,0,0,0,19.88,1.66,0
20230917:0310,0,0,0,19.22,1.52,0
20230917:0410,0,0,0,18.85,1.31,0
20230917:0510,0,0,0,18.57,1.1,0
20230917:0610,34.66,70.18,6.7,18.33,1.1,0
20230917:0710,129.72,180.12,17.71,20.44,0.34,0
20230917:0810,45.18,72.84,28.21,23.13,0.55,0
20230917:0910,206.09,276.93,37.66,24.66,1.31,0
20230917:1010,476.84,647.58,45.2,25.89,2,0
20230917:1110,489.95,673.94,49.6,26.67,1.72,0
20230917:1210,427.15,584.12,49.78,27.4,1.59,0
20230917:1310,610.62,879.37,45.67,27.76,1.24,0
20230917:1410,493.15,684.48,38.34,28.07,1.38,0
20230917:1510,366.88,492.39,29,27.89,2.55,0
20230917:1610,203.47,281.88,18.55,26.97,2.83,0
20230917:1710,45.36,88.77,7.57,25.97,1.79,0
20230917:1810,0,0,0,24.93,1.1,0
20230917:1910,0,0,0,23.82,0.62,0
20230917:2010,0,0,0,22.76,0.83,0
20230917:2110,0,0,0,21.91,1.31,0
20230917:2210,0,0,0,21.83,1.52,0
20230917:2310,0,0,0,21.73,1.79,0
20230918:0010,0,0,0,21.95,2.34,0
20230918:0110,0,0,0,22.23,3.31,0
20230918:0210,0,0,0,22.42,3.86,0
20230918:0310,0,0,0,22.37,3.72,0
20230918:0410,0,0,0,22.23,3.03,0
20230918:0510,0,0,0,21.91,2.62,0
20230918:0610,26.62,53.04,6.51,21.36,2.48,0
20230918:0710,230.52,314.36,17.51,21.58,2.62,0
20230918:0810,294.1,385.02,27.99,23.29,2.62,0
20230918:0910,552.3,741.21,37.4,25.41,3.52,0
20230918:1010,628.96,854.88,44.88,26.56,4.48,0
20230918:1110,486.73,647.8,49.23,27.2,5.03,0
20230918:1210,682.12,936.8,49.38,27.56,5.17,0
20230918:1310,567.25,761.36,45.28,27.83,5.45,0
20230918:1410,437.27,577.18,37.97,27.96,5.52,0
20230918:1510,290.6,383.37,28.65,27.56,5.24,0
20230918:1610,216.26,297.87,18.22,26.78,4.21,0
20230918:1710,21.9,43.41,7.24,25.55,2.48,0
20230918:1810,0,0,0,25.39,0.48,0
20230918:1910,0,0,0,23.27,1.24,0
20230918:2010,0,0,0,22.47,1.79,0
20230918:2110,0,0,0,22.12,2,0
20230918:2210,0,0,0,20.81,1.72,0
20230918:2310,0,0,0,21.18,0.97,0
20230919:0010,0,0,0,21.24,0.21,0
20230919:0110,0,0,0,19.34,0.83,0
20230919:0210,0,0,0,18.64,1.1,0
20230919:0310,0,0,0,17.99,1.24,0
20230919:0410,0,0,0,17.67,1.31,0
20230919:0510,0,0,0,17.4,1.38,0
20230919:0610,36.87,75.85,6.32,17.07,1.38,0
20230919:0710,220.88,300.09,17.3,19.12,1.03,0
20230919:0810,401.37,529.82,27.76,21.3,1.24,0
20230919:0910,545.36,744.53,37.14,22.69,1.24,0
20230919:1010,615.96,872,44.57,23.68,0.97,0
20230919:1110,631.3,924.5,48.86,24.51,0.28,0
20230919:1210,646.66,947.55,48.98,25.01,0.55,0
20230919:1310,620.14,881.3,44.89,25.37,1.31,0
20230919:1410,296.76,392.14,37.59,25.06,2.55,0
20230919:1510,231.19,304.35,28.3,23.92,3.45,0
20230919:1610,61.38,93.13,17.88,22.77,3.38,0
20230919:1710,1.48,9.46,6.91,21.97,2.62,0
20230919:1810,0,0,0,21.27,1.86,0
20230919:1910,0,0,0,21.23,1.66,0
20230919:2010,0,0,0,20.98,1.66,0
20230919:2110,0,0,0,20.69,2,0
20230919:2210,0,0,0,20.52,2.14,0
20230919:2310,0,0,0,20.22,2.28,0
20230920:0010,0,0,0,19.92,2.21,0
20230920:0110,0,0,0,19.6,2.07,0
20230920:0210,0,0,0,19.3,1.93,0
20230920:0310,0,0,0,18.9,1.79,0
20230920:0410,0,0,0,18.53,1.45,0
20230920:0510,0,0,0,18.23,0.97,0
20230920:0610,7.94,20.81,6.13,17.99,0.76,0
20230920:0710,41.84,67.16,17.1,18.58,1.52,0
20230920:0810,176.33,231.77,27.54,18.95,2.07,0
20230920:0910,178.03,234.37,36.87,19.34,2.34,0
20230920:1010,146.66,196.76,44.25,20.08,2.55,0
20230920:1110,101.18,141.9,48.5,21.39,2.62,0
20230920:1210,266.75,351.33,48.59,22.37,1.79,0
20230920:1310,371.29,496.6,44.49,23.37,0.83,0
20230920:1410,230.79,305.2,37.22,23.84,2.62,0
20230920:1510,178.06,238.01,27.95,23.59,3.1,0
20230920:1610,136.83,189.72,17.54,23.31,3.17,0
20230920:1710,16.98,35.7,6.58,22.81,2.76,0
20230920:1810,0,0,0,21.97,2.41,0
20230920:1910,0,0,0,21.26,2.83,0
20230920:2010,0,0,0,21.02,2.41,0
20230920:2110,0,0,0,20.67,2.41,0
20230920:2210,0,0,0,20.25,2.28,0
20230920:2310,0,0,0,19.67,2.14,0
20230921:0010,0,0,0,19.13,1.93,0
20230921:0110,0,0,0,18.65,2,0
20230921:0210,0,0,0,18.26,2.14,0
20230921:0310,0,0,0,17.92,2.21,0
20230921:0410,0,0,0,17.65,2.28,0
20230921:0510,0,0,0,17.64,2.41,0
20230921:0610,24.37,49.84,5.93,17.69,2.55,0
20230921:0710,131.28,180.03,16.9,19.42,2.76,0
20230921:0810,50.95,79.46,27.31,21.42,3.1,0
20230921:0910,126.55,174.06,36.6,23.28,3.93,0
20230921:1010,183.71,245.13,43.93,24.36,5.17,0
20230921:1110,470.23,615.84,48.13,25.68,5.93,0
20230921:1210,455.71,597.15,48.19,26.46,6.34,0
20230921:1310,471.23,617.71,44.1,26.8,6.48,0
20230921:1410,344.22,449.33,36.85,26.8,6.14,0
20230921:1510,100.45,143.32,27.59,26.22,5.45,0
20230921:1610,37.66,63.38,17.21,25.38,4.83,0
20230921:1710,18.75,39.44,6.25,24.35,4.28,0
20230921:1810,0,0,0,23.06,2.41,0
20230921:1910,0,0,0,21.86,1.52,0
20230921:2010,0,0,0,20.86,2.21,0
20230921:2110,0,0,0,20.11,2.28,0
20230921:2210,0,0,0,19.53,1.93,0
20230921:2310,0,0,0,19.08,1.66,0
20230922:0010,0,0,0,18.7,2.14,0
20230922:0110,0,0,0,18.13,2.28,0
20230922:0210,0,0,0,17.71,1.72,0
20230922:0310,0,0,0,17.53,1.38,0
20230922:0410,0,0,0,17.3,1.38,0
20230922:0510,0,0,0,17.07,1.72,0
20230922:0610,27.38,56.51,5.74,16.72,2.07,0
20230922:0710,199.44,267.65,16.69,16.87,1.1,0
20230922:0810,356.01,455.92,27.08,17.55,1.86,0
20230922:0910,543.38,715.56,36.33,18.08,1.79,0
20230922:1010,647.49,881.71,43.61,18.65,1.72,0
20230922:1110,621.08,842.58,47.75,19.45,1.93,0
20230922:1210,670.57,927.4,47.79,19.64,1.72,0
20230922:1310,386.69,508.96,43.7,19.91,0.83,0
20230922:1410,48.91,76.62,36.47,20.12,1.24,0
20230922:1510,18.09,35.95,27.24,19.59,0.83,0
20230922:1610,12.2,27.43,16.87,19.23,0.48,0
20230922:1710,0,5.68,5.92,19.08,0.55,0
20230922:1810,0,0,0,18.18,1.24,0
20230922:1910,0,0,0,17.96,0.76,0
20230922:2010,0,0,0,16.74,1.52,0
20230922:2110,0,0,0,15.72,1.86,0
20230922:2210,0,0,0,15.42,1.79,0
20230922:2310,0,0,0,15.31,2,0
20230923:0010,0,0,0,14.81,2,0
20230923:0110,0,0,0,14.43,1.79,0
20230923:0210,0,0,0,14.09,1.72,0
20230923:0310,0,0,0,13.25,1.86,0
20230923:0410,0,0,0,12.67,1.72,0
20230923:0510,0,0,0,11.94,1.86,0
20230923:0610,26.23,57.13,5.55,11.58,1.79,0
20230923:0710,213.97,283.73,16.49,14.17,0.97,0
20230923:0810,421.28,550.16,26.85,17.1,0.62,0
20230923:0910,568.47,776.74,36.06,18.37,0.34,0
20230923:1010,663.26,934.82,43.29,19.43,0.76,0
20230923:1110,699.85,999.37,47.38,20.24,1.03,0
20230923:1210,492.12,660.33,47.39,20.84,1.24,0
20230923:1310,100.32,140.95,43.31,21.12,1.72,0
20230923:1410,221.89,290.56,36.1,20.95,2.21,0
20230923:1510,230.42,300.24,26.89,20.74,2.41,0
20230923:1610,130.61,179.92,16.53,20.18,2.28,0
20230923:1710,10.77,25.85,5.59,19.62,1.79,0
20230923:1810,0,0,0,18.75,1.03,0
20230923:1910,0,0,0,18.5,0.97,0
20230923:2010,0,0,0,18.06,0.76,0
20230923:2110,0,0,0,17.99,0.76,0
20230923:2210,0,0,0,17.64,0.83,0
20230923:2310,0,0,0,17.19,1.03,0
20230924:0010,0,0,0,16.84,1.1,0
20230924:0110,0,0,0,16.51,1.03,0
20230924:0210,0,0,0,16.19,0.97,0
20230924:0310,0,0,0,16.05,0.9,0
20230924:0410,0,0,0,15.67,0.97,0
20230924:0510,0,0,0,15.08,1.17,0
20230924:0610,25.24,55.68,5.35,14.66,1.31,0
20230924:0710,218.71,293.61,16.28,16.2,0.69,0
20230924:0810,413.05,540.73,26.61,18.03,0.69,0
20230924:0910,559.57,764.81,35.79,19.18,0.41,0
20230924:1010,646.81,915.27,42.96,20.06,0.55,0
20230924:1110,692.89,989.66,47.01,21.32,1.17,0
20230924:1210,687.24,978.31,46.99,22.29,1.45,0
20230924:1310,644.37,898.28,42.92,23.11,1.86,0
20230924:1410,535.27,714.23,35.73,23,2.69,0
20230924:1510,405.95,531.78,26.54,22.92,2.9,0
20230924:1610,218,298.35,16.19,22.43,2.9,0
20230924:1710,22.3,50.12,5.26,21.5,2.48,0
20230924:1810,0,0,0,20.21,1.86,0
20230924:1910,0,0,0,18.79,1.1,0
20230924:2010,0,0,0,17.84,0.83,0
20230924:2110,0,0,0,17.12,1.03,0
20230924:2210,0,0,0,16.49,0.97,0
20230924:2310,0,0,0,15.94,1.1,0
20230925:0010,0,0,0,15.45,1.31,0
20230925:0110,0,0,0,15.06,1.45,0
20230925:0210,0,0,0,14.7,1.52,0
20230925:0310,0,0,0,14.55,1.59,0
20230925:0410,0,0,0,14.68,1.59,0
20230925:0510,0,0,0,14.41,1.59,0
20230925:0610,24,53.19,5.15,14.22,1.66,0
20230925:0710,218.71,292.06,16.07,15.85,1.24,0
20230925:0810,411.13,538.7,26.38,19.29,1.1,0
20230925:0910,556.03,753.41,35.52,20.87,1.24,0
20230925:1010,644.71,899.88,42.64,22.04,1.52,0
20230925:1110,682.32,966.66,46.64,22.88,1.72,0
20230925:1210,673.23,951.48,46.59,23.48,1.86,0
20230925:1310,637.23,893.43,42.52,23.88,1.72,0
20230925:1410,544.84,742.45,35.35,24.03,1.79,0
20230925:1510,399.37,530.25,26.18,23.83,1.93,0
20230925:1610,213.62,294.47,15.86,23.06,2.34,0
20230925:1710,20.63,47.75,4.93,21.7,2.07,0
20230925:1810,0,0,0,20.19,1.66,0
20230925:1910,0,0,0,18.68,1.03,0
20230925:2010,0,0,0,18.29,0.9,0
20230925:2110,0,0,0,17.53,1.03,0
20230925:2210,0,0,0,16.72,1.24,0
20230925:2310,0,0,0,15.87,1.38,0
20230926:0010,0,0,0,15.4,1.52,0
20230926:0110,0,0,0,15.04,1.66,0
20230926:0210,0,0,0,14.75,1.72,0
20230926:0310,0,0,0,14.3,1.59,0
20230926:0410,0,0,0,13.85,1.38,0
20230926:0510,0,0,0,13.56,1.24,0
20230926:0610,22.01,49.6,4.96,13.5,1.24,0
20230926:0710,212.02,284.81,15.86,16.28,0.69,0
20230926:0810,399.29,530.32,26.14,19.48,0.07,0
20230926:0910,544.42,741.69,35.24,21.21,0.9,0
20230926:1010,633.43,886.45,42.31,22.55,1.38,0
20230926:1110,668.66,951.58,46.26,23.8,1.59,0
20230926:1210,663.92,944.53,46.2,24.77,1.79,0
20230926:1310,628.48,879.56,42.13,25.2,2.07,0
20230926:1410,541.23,728.6,34.98,24.92,2.9,0
20230926:1510,396.48,522.68,25.83,24.38,2.97,0
20230926:1610,208.85,289.69,15.52,23.78,2.21,0
20230926:1710,17.69,43.02,4.61,22.86,1.38,0
20230926:1810,0,0,0,21.55,1.17,0
20230926:1910,0,0,0,20.33,0.83,0
20230926:2010,0,0,0,20.61,0.34,0
20230926:2110,0,0,0,19.13,0.97,0
20230926:2210,0,0,0,17.91,1.59,0
20230926:2310,0,0,0,17.64,1.86,0
20230927:0010,0,0,0,16.79,1.86,0
20230927:0110,0,0,0,16.16,1.86,0
20230927:0210,0,0,0,15.66,1.86,0
20230927:0310,0,0,0,15.19,1.86,0
20230927:0410,0,0,0,14.8,1.86,0
20230927:0510,0,0,0,14.42,1.86,0
20230927:0610,20.47,46.73,4.76,14.16,1.79,0
20230927:0710,213.16,284.92,15.65,15.96,1.24,0
20230927:0810,400.03,530.11,25.9,20.74,0.69,0
20230927:0910,530.6,743.11,34.96,23.35,0.07,0
20230927:1010,613.6,881.12,41.98,24.88,0.69,0
20230927:1110,654.6,944.78,45.89,25.91,1.38,0
20230927:1210,657.32,936.42,45.8,26.55,2.14,0
20230927:1310,632.27,885.44,41.74,26.87,2.62,0
20230927:1410,535.8,727.39,34.6,26.92,3.03,0
20230927:1510,395.42,524.87,25.48,26.54,3.52,0
20230927:1610,204.04,284.16,15.18,25.46,3.66,0
20230927:1710,14.35,36.02,4.28,24.06,2.97,0
20230927:1810,0,0,0,22.55,2.28,0
20230927:1910,0,0,0,21.54,1.52,0
20230927:2010,0,0,0,20.61,1.38,0
20230927:2110,0,0,0,19.95,1.45,0
20230927:2210,0,0,0,19.26,1.45,0
20230927:2310,0,0,0,18.48,1.45,0
20230928:0010,0,0,0,17.86,1.45,0
20230928:0110,0,0,0,17.5,1.52,0
20230928:0210,0,0,0,17.3,1.66,0
20230928:0310,0,0,0,17.25,1.86,0
20230928:0410,0,0,0,17.14,1.79,0
20230928:0510,0,0,0,16.97,1.59,0
20230928:0610,9.17,23.95,4.56,16.68,1.45,0
20230928:0710,163.42,221.91,15.43,17.77,0.83,0
20230928:0810,313.04,411.67,25.67,20.54,0.34,0
20230928:0910,516.91,714.98,34.68,22.1,0.07,0
20230928:1010,611.1,868.16,41.65,23.75,0.76,0
20230928:1110,651.21,931.83,45.51,25.14,1.45,0
20230928:1210,658.24,937.72,45.4,26.15,2,0
20230928:1310,622.05,870.96,41.34,26.79,2.41,0
20230928:1410,523.02,713.86,34.23,27.12,2.48,0
20230928:1510,377.25,504.5,25.13,27.02,2.69,0
20230928:1610,190.97,268.81,14.85,26.35,2.83,0
20230928:1710,11.46,30.66,3.95,25.03,2.21,0
20230928:1810,0,0,0,23.53,1.79,0
20230928:1910,0,0,0,22.67,1.45,0
20230928:2010,0,0,0,21.74,1.03,0
20230928:2110,0,0,0,20.78,1.31,0
20230928:2210,0,0,0,20.05,1.45,0
20230928:2310,0,0,0,19.32,1.45,0
20230929:0010,0,0,0,19.05,1.66,0
20230929:0110,0,0,0,18.88,1.79,0
20230929:0210,0,0,0,18.66,1.79,0
20230929:0310,0,0,0,18.35,1.66,0
20230929:0410,0,0,0,18.08,1.59,0
20230929:0510,0,0,0,17.89,1.52,0
20230929:0610,15.64,37.73,4.36,17.04,1.52,0
20230929:0710,199.81,271.89,15.22,18.79,0.83,0
20230929:0810,382.46,506.17,25.42,21.41,0.83,0
20230929:0910,525.37,718.66,34.4,22.86,0.9,0
20230929:1010,606.75,859.7,41.32,24.41,0.97,0
20230929:1110,644.08,929.24,45.14,25.71,1.17,0
20230929:1210,641.71,926.51,45,26.8,1.38,0
20230929:1310,602.99,860.23,40.95,27.56,1.45,0
20230929:1410,507.25,704.07,33.86,27.89,1.45,0
20230929:1510,369.91,503.74,24.78,27.7,1.17,0
20230929:1610,185.66,265.62,14.52,27.33,0.97,0
20230929:1710,7.01,19.91,3.63,26.38,0.83,0
20230929:1810,0,0,0,25.12,0.69,0
20230929:1910,0,0,0,24.26,1.66,0
20230929:2010,0,0,0,23.26,2,0
20230929:2110,0,0,0,22.22,2.07,0
20230929:2210,0,0,0,21.12,2.07,0
20230929:2310,0,0,0,20.34,1.93,0
20230930:0010,0,0,0,19.88,1.93,0
20230930:0110,0,0,0,19.52,1.93,0
20230930:0210,0,0,0,19.22,1.93,0
20230930:0310,0,0,0,18.97,1.93,0
20230930:0410,0,0,0,18.75,1.86,0
20230930:0510,0,0,0,18.51,1.72,0
20230930:0610,14.47,35.75,4.16,18.38,1.66,0
20230930:0710,199.5,271.83,15,19.62,1.31,0
20230930:0810,377.66,505.73,25.18,23.76,0.83,0
20230930:0910,511.62,718.73,34.12,26.04,0.34,0
20230930:1010,592.35,859.94,40.99,27.3,0.55,0
20230930:1110,633.91,922.14,44.76,28.09,1.31,0
20230930:1210,637.47,919.42,44.6,28.41,1.79,0
20230930:1310,598.88,853.23,40.56,28.5,1.72,0
20230930:1410,510.41,708.19,33.49,28.49,1.72,0
20230930:1510,371.36,500.61,24.43,28.01,2.34,0
20230930:1610,182.32,259.54,14.18,27.17,2.21,0
20230930:1710,5.44,17.2,3.3,26.09,1.45,0
20230930:1810,0,0,0,24.69,1.31,0
20230930:1910,0,0,0,24.16,2.07,0
20230930:2010,0,0,0,22.98,2.14,0
20230930:2110,0,0,0,21.72,2.14,0
20230930:2210,0,0,0,20.69,2.07,0
20230930:2310,0,0,0,20.02,2,0
20231001:0010,0,0,0,19.64,1.93,0
20231001:0110,0,0,0,19.83,1.93,0
20231001:0210,0,0,0,20.23,2,0
20231001:0310,0,0,0,20.26,2.07,0
20231001:0410,0,0,0,19.93,1.79,0
20231001:0510,0,0,0,19.26,1.45,0
20231001:0610,13.43,34.54,3.95,18.72,1.31,0
20231001:0710,203.12,278.08,14.79,19.94,0.9,0
20231001:0810,388.23,516.06,24.94,22.42,0.97,0
20231001:0910,530.06,725.46,33.84,23.91,1.24,0
20231001:1010,616.55,866.61,40.66,25.23,1.66,0
20231001:1110,652.52,927.64,44.39,26.14,2,0
20231001:1210,652.24,924.95,44.21,26.71,2.28,0
20231001:1310,620.09,864.44,40.17,26.84,2.62,0
20231001:1410,527.8,712.15,33.12,26.41,3.1,0
20231001:1510,382.65,504.19,24.08,25.34,3.59,0
20231001:1610,186.01,260.01,13.85,23.82,3.17,0
20231001:1710,4.02,14.48,2.98,22.41,2.07,0
20231001:1810,0,0,0,21.35,1.38,0
20231001:1910,0,0,0,20.51,1.03,0
20231001:2010,0,0,0,19.67,0.97,0
20231001:2110,0,0,0,19.11,0.97,0
20231001:2210,0,0,0,18.63,0.97,0
20231001:2310,0,0,0,18.32,0.9,0
20231002:0010,0,0,0,18.01,0.9,0
20231002:0110,0,0,0,17.56,1.03,0
20231002:0210,0,0,0,17.14,1.17,0
20231002:0310,0,0,0,16.97,1.17,0
20231002:0410,0,0,0,16.8,1.24,0
20231002:0510,0,0,0,16.71,1.31,0
20231002:0610,12.46,32.4,3.75,16.75,1.17,0
20231002:0710,198.22,270.31,14.57,18.76,0.62,0
20231002:0810,384.72,507.75,24.69,20.33,0.62,0
20231002:0910,528.44,719.95,33.55,21.35,0.69,0
20231002:1010,611.3,853.87,40.33,22.44,1.1,0
20231002:1110,661.16,927.98,44.01,23.43,1.93,0
20231002:1210,661.63,925.32,43.81,24.7,2.48,0
20231002:1310,622.45,857.73,39.78,25.57,2.9,0
20231002:1410,530.27,710.99,32.75,26.07,3.52,0
20231002:1510,377.67,497.45,23.73,25.77,3.93,0
20231002:1610,179.21,252.12,13.52,25.13,4,0
20231002:1710,3.49,13.58,2.66,24.1,3.52,0
20231002:1810,0,0,0,22.78,3.1,0
20231002:1910,0,0,0,22,2.83,0
20231002:2010,0,0,0,21.48,2.55,0
20231002:2110,0,0,0,20.91,2.48,0
20231002:2210,0,0,0,20.4,2.48,0
20231002:2310,0,0,0,19.83,2.41,0
20231003:0010,0,0,0,19.43,2.28,0
20231003:0110,0,0,0,18.95,2.28,0
20231003:0210,0,0,0,18.29,2.21,0
20231003:0310,0,0,0,17.92,2.14,0
20231003:0410,0,0,0,17.65,2.07,0
20231003:0510,0,0,0,17.34,1.93,0
20231003:0610,6.53,20.19,3.55,16.97,1.79,0
20231003:0710,205.15,278.53,14.35,18.4,1.17,0
20231003:0810,374.37,494.45,24.44,21.58,0.97,0
20231003:0910,523.52,708.28,33.27,23.04,1.52,0
20231003:1010,626.49,861.17,40,24.4,2.69,0
20231003:1110,633.89,873.01,43.64,25.16,3.1,0
20231003:1210,583.86,797.16,43.42,25.64,3.1,0
20231003:1310,455.65,607.92,39.39,25.78,3.03,0
20231003:1410,68.52,103.11,32.38,25.05,2.76,0
20231003:1510,157.65,214.53,23.39,24.86,2.14,0
20231003:1610,79.36,118.54,13.19,24.55,1.59,0
20231003:1710,0,5.43,2.34,23.86,0.62,0
20231003:1810,0,0,0,23.05,0.34,0
20231003:1910,0,0,0,22.73,0.14,0
20231003:2010,0,0,0,22.04,1.03,0
20231003:2110,0,0,0,21.9,1.45,0
20231003:2210,0,0,0,21.13,1.66,0
20231003:2310,0,0,0,20.47,1.66,0
20231004:0010,0,0,0,19.95,1.72,0
20231004:0110,0,0,0,19.63,1.72,0
20231004:0210,0,0,0,19.36,1.59,0
20231004:0310,0,0,0,19.25,1.45,0
20231004:0410,0,0,0,18.75,1.45,0
20231004:0510,0,0,0,18.87,1.38,0
20231004:0610,7.33,22.62,3.34,19,1.45,0
20231004:0710,133.89,185.44,14.13,19.42,1.1,0
20231004:0810,201.47,266.59,24.2,20.92,0.62,0
20231004:0910,117.35,163.32,32.98,22.34,0.69,0
20231004:1010,196.48,263.36,39.66,23.01,0.9,0
20231004:1110,220,294.57,43.26,24.03,1.17,0
20231004:1210,94.83,136.22,43.02,24.39,1.38,0
20231004:1310,384.62,517.05,39,25.06,1.1,0
20231004:1410,277.66,366.71,32.02,24.91,2.28,0
20231004:1510,331.82,436.1,23.04,24.25,2.83,0
20231004:1610,112.95,162.62,12.86,23.8,2.55,0
20231004:1710,0,4.53,2.02,22.63,1.72,0
20231004:1810,0,0,0,21.67,1.24,0
20231004:1910,0,0,0,21.41,0.62,0
20231004:2010,0,0,0,21.4,0.34,0
20231004:2110,0,0,0,20.12,1.03,0
20231004:2210,0,0,0,19.83,1.45,0
20231004:2310,0,0,0,19.24,1.45,0
20231005:0010,0,0,0,18.41,1.24,0
20231005:0110,0,0,0,18.06,1.31,0
20231005:0210,0,0,0,17.62,1.38,0
20231005:0310,0,0,0,17.56,1.31,0
20231005:0410,0,0,0,17.31,1.45,0
20231005:0510,0,0,0,17.07,1.52,0
20231005:0610,1.12,8.51,3.14,16.65,1.38,0
20231005:0710,182.96,249.55,13.91,18.82,1.03,0
20231005:0810,360.12,472.01,23.95,20.31,0.9,0
20231005:0910,376.83,495.84,32.69,21.15,0.9,0
20231005:1010,604.13,839.14,39.33,22.23,1.17,0
20231005:1110,639.47,911.99,42.89,23.71,1.03,0
20231005:1210,626.62,893.13,42.63,24.61,1.1,0
20231005:1310,592.97,825.94,38.62,25.44,1.79,0
20231005:1410,487.22,654.27,31.65,25.67,2.55,0
20231005:1510,366.45,483.66,22.7,25.16,3.17,0
20231005:1610,157.15,223.19,12.54,24.23,2.9,0
20231005:1710,0,5.43,1.7,23.16,2,0
20231005:1810,0,0,0,22.07,1.24,0
20231005:1910,0,0,0,21.42,0.62,0
20231005:2010,0,0,0,21.22,0.28,0
20231005:2110,0,0,0,20.33,1.1,0
20231005:2210,0,0,0,19.87,1.38,0
20231005:2310,0,0,0,19.41,1.31,0
20231006:0010,0,0,0,18.91,1.38,0
20231006:0110,0,0,0,18.58,1.38,0
20231006:0210,0,0,0,18.23,1.45,0
20231006:0310,0,0,0,18.06,1.45,0
20231006:0410,0,0,0,17.86,1.52,0
20231006:0510,0,0,0,17.66,1.52,0
20231006:0610,5.68,19.17,2.93,17.54,1.45,0
20231006:0710,187.27,254.96,13.68,18.7,1.31,0
20231006:0810,375.97,493.71,23.7,21.04,1.24,0
20231006:0910,522.11,703.61,32.4,22.43,1.52,0
20231006:1010,606.98,842.36,38.99,23.41,1.59,0
20231006:1110,643.6,908.02,42.51,24.2,1.66,0
20231006:1210,640.6,902.5,42.24,24.64,1.79,0
20231006:1310,600.97,835.12,38.23,25.11,1.93,0
20231006:1410,510.3,687.99,31.29,25.15,2.34,0
20231006:1510,358.69,475.4,22.36,24.86,2.41,0
20231006:1610,161.03,229.69,12.21,24.37,2.28,0
20231006:1710,0,3.62,1.39,23.14,1.79,0
20231006:1810,0,0,0,21.91,1.31,0
20231006:1910,0,0,0,21.03,0.55,0
20231006:2010,0,0,0,20.49,0.55,0
20231006:2110,0,0,0,19.74,0.97,0
20231006:2210,0,0,0,19.24,1.1,0
20231006:2310,0,0,0,18.81,1.17,0
20231007:0010,0,0,0,18.57,1.1,0
20231007:0110,0,0,0,18.18,1.17,0
20231007:0210,0,0,0,18.02,1.17,0
20231007:0310,0,0,0,17.84,1.17,0
20231007:0410,0,0,0,17.34,1.31,0
20231007:0510,0,0,0,17.03,1.31,0
20231007:0610,3.83,14.98,2.72,16.62,1.24,0
20231007:0710,181.57,246.85,13.46,17.8,0.83,0
20231007:0810,377.82,501.69,23.44,20.58,0.21,0
20231007:0910,520.29,714.48,32.11,22.32,0.48,0
20231007:1010,613.96,866.91,38.66,23.78,1.03,0
20231007:1110,639.23,912.52,42.14,24.9,1.31,0
20231007:1210,639.36,913.68,41.85,25.64,1.45,0
20231007:1310,595.54,838.75,37.85,26.13,1.52,0
20231007:1410,504.33,690.21,30.93,26.36,1.72,0
20231007:1510,359,480.55,22.02,26.11,2.07,0
20231007:1610,164.64,235.91,11.89,25.11,2.41,0
20231007:1710,0,0,0,23.45,2.14,0
20231007:1810,0,0,0,21.82,1.66,0
20231007:1910,0,0,0,20.22,0.97,0
20231007:2010,0,0,0,19.53,1.31,0
20231007:2110,0,0,0,18.98,1.59,0
20231007:2210,0,0,0,18.27,1.66,0
20231007:2310,0,0,0,17.87,1.66,0
20231008:0010,0,0,0,17.17,1.72,0
20231008:0110,0,0,0,16.67,1.72,0
20231008:0210,0,0,0,16.21,1.72,0
20231008:0310,0,0,0,15.75,1.72,0
20231008:0410,0,0,0,15.46,1.72,0
20231008:0510,0,0,0,15.13,1.72,0
20231008:0610,3.42,14.25,2.51,14.93,1.72,0
20231008:0710,197.6,264.65,13.23,15.51,1.45,0
20231008:0810,388.67,508.98,23.19,19.51,0.97,0
20231008:0910,528.49,717.74,31.82,21.93,1.03,0
20231008:1010,613.63,858.14,38.32,23.26,1.31,0
20231008:1110,650.47,923.84,41.77,24.3,1.52,0
20231008:1210,647.17,918.39,41.46,25.13,1.72,0
20231008:1310,604.32,840.98,37.47,25.56,2.07,0
20231008:1410,516.98,698.26,30.57,25.49,2.48,0
20231008:1510,363.91,480.95,21.68,24.74,2.83,0
20231008:1610,165.65,235.67,11.57,23.44,2.69,0
20231008:1710,0,0,0,22.17,1.66,0
20231008:1810,0,0,0,21.2,0.97,0
20231008:1910,0,0,0,20.89,1.24,0
20231008:2010,0,0,0,20.26,1.31,0
20231008:2110,0,0,0,19.85,1.45,0
20231008:2210,0,0,0,19.46,1.59,0
20231008:2310,0,0,0,19.14,1.52,0
20231009:0010,0,0,0,18.65,1.52,0
20231009:0110,0,0,0,18.18,1.45,0
20231009:0210,0,0,0,17.66,1.45,0
20231009:0310,0,0,0,17.23,1.45,0
20231009:0410,0,0,0,17.16,1.31,0
20231009:0510,0,0,0,16.97,1.38,0
20231009:0610,1.99,11.67,2.3,16.07,1.38,0
20231009:0710,188.07,255.42,13.01,17.46,0.9,0
20231009:0810,375.23,496.43,22.94,20.52,0.41,0
20231009:0910,515.38,701.96,31.53,21.95,0.69,0
20231009:1010,601.48,847.56,37.99,23.35,0.83,0
20231009:1110,636.66,911.83,41.4,24.53,1.03,0
20231009:1210,639.55,914.08,41.07,25.46,1.38,0
20231009:1310,588.8,822.66,37.09,25.93,1.72,0
20231009:1410,504.48,686.74,30.21,26.21,2,0
20231009:1510,348.31,465.7,21.35,26.12,2.14,0
20231009:1610,152.7,220.89,11.25,25.51,2.34,0
20231009:1710,0,0,0,24.15,2,0
20231009:1810,0,0,0,22.79,1.59,0
20231009:1910,0,0,0,21.67,1.38,0
20231009:2010,0,0,0,20.61,1.38,0
20231009:2110,0,0,0,19.76,1.72,0
20231009:2210,0,0,0,18.8,1.79,0
20231009:2310,0,0,0,17.98,1.79,0
20231010:0010,0,0,0,17.3,1.79,0
20231010:0110,0,0,0,16.79,1.79,0
20231010:0210,0,0,0,16.38,1.79,0
20231010:0310,0,0,0,16.01,1.79,0
20231010:0410,0,0,0,15.69,1.86,0
20231010:0510,0,0,0,15.39,1.93,0
20231010:0610,0.72,7.57,2.09,15.11,2,0
20231010:0710,192.39,258.38,12.78,15.79,1.52,0
20231010:0810,376.18,493.55,22.68,20.06,0.9,0
20231010:0910,511.18,699.19,31.23,23.31,0.83,0
20231010:1010,601.49,850.69,37.65,24.73,1.03,0
20231010:1110,640.98,915.28,41.02,25.73,1.52,0
20231010:1210,642.72,916.08,40.69,26.4,1.79,0
20231010:1310,593.9,831.92,36.71,26.76,1.93,0
20231010:1410,503.36,687.43,29.85,26.81,2,0
20231010:1510,350.46,469.8,21.01,26.52,2.14,0
20231010:1610,155.51,225.79,10.94,25.79,2.21,0
20231010:1710,0,0,0,24.43,2.07,0
20231010:1810,0,0,0,22.89,2.14,0
20231010:1910,0,0,0,21.72,2.14,0
20231010:2010,0,0,0,20.65,2.07,0
20231010:2110,0,0,0,19.56,2,0
20231010:2210,0,0,0,18.6,1.93,0
20231010:2310,0,0,0,17.83,1.86,0
20231011:0010,0,0,0,17.14,1.79,0
20231011:0110,0,0,0,16.53,1.79,0
20231011:0210,0,0,0,16.1,1.72,0
20231011:0310,0,0,0,15.75,1.72,0
20231011:0410,0,0,0,15.46,1.66,0
20231011:0510,0,0,0,15.17,1.66,0
20231011:0610,0,5.68,1.88,14.87,1.66,0
20231011:0710,185.94,249.96,12.55,15.36,1.17,0
20231011:0810,373.93,491.02,22.43,19.46,0.55,0
20231011:0910,509.69,697,30.94,22.15,0.48,0
20231011:1010,596.98,840.28,37.32,23.68,0.9,0
20231011:1110,632.62,896.83,40.65,25.03,1.52,0
20231011:1210,640.34,905.71,40.3,26.03,2,0
20231011:1310,597.13,827.69,36.34,26.35,2.41,0
20231011:1410,502.53,677.01,29.5,26.54,2.9,0
20231011:1510,347.31,460.49,20.68,26.15,3.31,0
20231011:1610,150.94,218.22,10.62,25.09,3.52,0
20231011:1710,0,0,0,23.45,3.17,0
20231011:1810,0,0,0,21.92,2.9,0
20231011:1910,0,0,0,21.08,2.62,0
20231011:2010,0,0,0,20.35,2.34,0
20231011:2110,0,0,0,19.62,2.21,0
20231011:2210,0,0,0,18.93,2.07,0
20231011:2310,0,0,0,18.3,2,0
20231012:0010,0,0,0,17.76,1.93,0
20231012:0110,0,0,0,17.18,1.79,0
20231012:0210,0,0,0,16.72,1.72,0
20231012:0310,0,0,0,16.44,1.66,0
20231012:0410,0,0,0,16.19,1.66,0
20231012:0510,0,0,0,15.92,1.66,0
20231012:0610,0,3.78,1.67,15.78,1.59,0
20231012:0710,158.83,215.29,12.32,16.03,1.31,0
20231012:0810,366.36,475.94,22.17,18.24,0.83,0
20231012:0910,515.66,700,30.64,20.87,0.55,0
20231012:1010,597.1,837.43,36.98,22.56,0.76,0
20231012:1110,634.84,901.69,40.28,23.9,1.17,0
20231012:1210,639.01,909.07,39.92,24.78,1.38,0
20231012:1310,589.28,823.43,35.97,25.49,1.59,0
20231012:1410,499.74,678.34,29.15,25.71,1.93,0
20231012:1510,343.25,456.98,20.35,25.43,2.28,0
20231012:1610,143.79,209.04,10.31,24.52,2.34,0
20231012:1710,0,0,0,23.25,2,0
20231012:1810,0,0,0,21.97,2,0
20231012:1910,0,0,0,21.22,1.93,0
20231012:2010,0,0,0,20.34,2.07,0
20231012:2110,0,0,0,19.69,2.14,0
20231012:2210,0,0,0,19.26,2.14,0
20231012:2310,0,0,0,19.06,2.14,0
20231013:0010,0,0,0,18.7,2.21,0
20231013:0110,0,0,0,18.44,2.14,0
20231013:0210,0,0,0,17.87,2.14,0
20231013:0310,0,0,0,17.42,2.14,0
20231013:0410,0,0,0,16.82,2.14,0
20231013:0510,0,0,0,16.31,2.14,0
20231013:0610,0,2.84,1.45,15.93,2.21,0
20231013:0710,174.82,236.67,12.09,16.99,2,0
20231013:0810,382.86,496.24,21.91,19.67,1.93,0
20231013:0910,522.78,693.88,30.35,22.54,2.62,0
20231013:1010,618.57,837.4,36.65,24.64,3.66,0
20231013:1110,655.24,893.96,39.92,26.06,4.41,0
20231013:1210,661.08,901.62,39.54,26.88,4.9,0
20231013:1310,610.8,822.28,35.6,27.18,5.17,0
20231013:1410,507.56,670.9,28.8,27.09,5.24,0
20231013:1510,344.36,453.43,20.03,26.7,5.03,0
20231013:1610,138.47,201.93,10.01,25.7,4.48,0
20231013:1710,0,0,0,24.12,3.93,0
20231013:1810,0,0,0,22.62,3.24,0
20231013:1910,0,0,0,21.71,2.55,0
20231013:2010,0,0,0,20.7,2.14,0
20231013:2110,0,0,0,19.66,1.93,0
20231013:2210,0,0,0,18.68,1.79,0
20231013:2310,0,0,0,17.98,1.72,0
20231014:0010,0,0,0,17.6,1.86,0
20231014:0110,0,0,0,17.7,1.93,0
20231014:0210,0,0,0,17.82,2,0
20231014:0310,0,0,0,17.96,1.72,0
20231014:0410,0,0,0,17.66,1.38,0
20231014:0510,0,0,0,17.37,1.38,0
20231014:0610,0,0,0,17.19,1.31,0
20231014:0710,178.16,243.09,11.86,17.71,1.31,0
20231014:0810,247.86,323.99,21.65,20.3,0.83,0
20231014:0910,280.39,367.52,30.06,21.94,1.1,0
20231014:1010,578.63,792.52,36.31,23.33,1.79,0
20231014:1110,428.23,571.2,39.55,24.21,1.93,0
20231014:1210,400.2,533.46,39.16,24.81,1.93,0
20231014:1310,409.82,545.86,35.23,25.05,2.07,0
20231014:1410,484.23,647.59,28.46,24.84,2.41,0
20231014:1510,294.71,388.1,19.71,24.15,2.69,0
20231014:1610,52.19,83.39,9.7,23.05,2.14,0
20231014:1710,0,0,0,22.28,1.93,0
20231014:1810,0,0,0,21.43,1.72,0
20231014:1910,0,0,0,20.82,1.38,0
20231014:2010,0,0,0,20.13,1.38,0
20231014:2110,0,0,0,19.73,2.07,0
20231014:2210,0,0,0,19.17,2.14,0
20231014:2310,0,0,0,18.52,1.93,0
20231015:0010,0,0,0,17.86,1.72,0
20231015:0110,0,0,0,17.36,1.66,0
20231015:0210,0,0,0,16.94,1.59,0
20231015:0310,0,0,0,16.86,1.79,0
20231015:0410,0,0,0,16.89,2.14,0
20231015:0510,0,0,0,16.93,2.28,0
20231015:0610,0,0,0,16.65,2.34,0
20231015:0710,81.06,116.65,11.63,16.65,2.14,0
20231015:0810,395.2,504.29,21.39,17.02,2.28,0
20231015:0910,466.41,595.14,29.76,17.53,2.9,0
20231015:1010,389.98,495.66,35.98,18.26,3.24,0
20231015:1110,422.81,540.54,39.19,19,3.45,0
20231015:1210,290.29,371.42,38.79,19.61,3.66,0
20231015:1310,204.8,267.22,34.87,20.36,3.24,0
20231015:1410,42.97,69.06,28.11,20.52,2.76,0
20231015:1510,63.31,94.51,19.39,20.04,2.48,0
20231015:1610,30.14,52.62,9.4,19.7,2.07,0
20231015:1710,0,0,0,19.41,1.59,0
20231015:1810,0,0,0,18.76,1.03,0
20231015:1910,0,0,0,18.22,0.76,0
20231015:2010,0,0,0,18.13,0.83,0
20231015:2110,0,0,0,17.61,0.83,0
20231015:2210,0,0,0,17.65,0.83,0
20231015:2310,0,0,0,17.48,0.9,0
20231016:0010,0,0,0,17.27,0.55,0
20231016:0110,0,0,0,17.32,0.21,0
20231016:0210,0,0,0,17.53,1.03,0
20231016:0310,0,0,0,17.42,1.45,0
20231016:0410,0,0,0,17.12,1.59,0
20231016:0510,0,0,0,16.79,1.52,0
20231016:0610,0,0,0,16.4,1.24,0
20231016:0710,6.81,18.92,11.39,16.78,0.97,0
20231016:0810,72.03,103.95,21.13,16.48,1.17,0
20231016:0910,69.11,100.27,29.46,16.14,1.17,0
20231016:1010,40.86,65.27,35.64,16.08,1.24,0
20231016:1110,183.57,239.02,38.82,16,0.97,0
20231016:1210,147.68,195.58,38.42,15.87,0.62,0
20231016:1310,422.74,547.78,34.5,16.03,0.55,0
20231016:1410,342.26,437.33,27.77,16.22,0.83,0
20231016:1510,195.52,252.8,19.07,16.04,1.24,0
20231016:1610,40.21,65.35,9.1,15.94,1.45,0
20231016:1710,0,0,0,15.61,1.59,0
20231016:1810,0,0,0,15.18,1.86,0
20231016:1910,0,0,0,15.91,1.31,0
20231016:2010,0,0,0,16.03,1.45,0
20231016:2110,0,0,0,16.26,1.59,0
20231016:2210,0,0,0,16.23,1.72,0
20231016:2310,0,0,0,16.1,1.79,0
20231017:0010,0,0,0,15.95,1.72,0
20231017:0110,0,0,0,15.92,1.66,0
20231017:0210,0,0,0,15.91,1.52,0
20231017:0310,0,0,0,15.83,1.31,0
20231017:0410,0,0,0,15.85,1.17,0
20231017:0510,0,0,0,15.53,1.24,0
20231017:0610,0,0,0,15.34,1.17,0
20231017:0710,108.74,151.69,11.16,15.63,1.17,0
20231017:0810,177.97,232.81,20.87,17.64,1.1,0
20231017:0910,485.95,635.62,29.17,19.8,2,0
20231017:1010,599.87,797.38,35.31,21.53,3.31,0
20231017:1110,601.94,796.57,38.46,23,4.55,0
20231017:1210,590.69,781.67,38.04,23.64,4.69,0
20231017:1310,331.76,428.26,34.14,23.69,4.9,0
20231017:1410,289.85,374.49,27.44,23.93,5.1,0
20231017:1510,125.28,171.97,18.76,23.48,4.97,0
20231017:1610,19.18,37.84,8.81,22.57,4.69,0
20231017:1710,0,0,0,21.4,4.55,0
20231017:1810,0,0,0,20.73,4.28,0
20231017:1910,0,0,0,20.25,3.86,0
20231017:2010,0,0,0,20.1,3.72,0
20231017:2110,0,0,0,19.97,3.52,0
20231017:2210,0,0,0,19.88,3.31,0
20231017:2310,0,0,0,19.61,3.1,0
20231018:0010,0,0,0,19.35,2.97,0
20231018:0110,0,0,0,19.15,3.03,0
20231018:0210,0,0,0,19.07,3.1,0
20231018:0310,0,0,0,18.88,2.9,0
20231018:0410,0,0,0,18.88,2.69,0
20231018:0510,0,0,0,18.98,2.76,0
20231018:0610,0,0,0,19.1,2.9,0
20231018:0710,155.03,213.81,10.92,19.54,3.03,0
20231018:0810,308.9,396.43,20.61,20.73,3.59,0
20231018:0910,498.46,643.32,28.87,22.08,4.69,0
20231018:1010,575.64,754.25,34.98,23.38,5.17,0
20231018:1110,608.62,806.1,38.1,23.97,5.1,0
20231018:1210,303.02,393.26,37.68,24.46,5.31,0
20231018:1310,504.65,658.35,33.79,24.89,5.52,0
20231018:1410,493.46,642.18,27.1,25.07,5.59,0
20231018:1510,322.78,420.53,18.45,24.83,5.59,0
20231018:1610,131.86,193.87,8.52,24.01,5.1,0
20231018:1710,0,0,0,22.91,4.69,0
20231018:1810,0,0,0,22.06,4.41,0
20231018:1910,0,0,0,22,4.62,0
20231018:2010,0,0,0,21.51,4.07,0
20231018:2110,0,0,0,21.02,3.31,0
20231018:2210,0,0,0,20.01,2.97,0
20231018:2310,0,0,0,19.21,2.83,0
20231019:0010,0,0,0,18.66,2.83,0
20231019:0110,0,0,0,18.45,3.03,0
20231019:0210,0,0,0,18.68,3.38,0
20231019:0310,0,0,0,18.62,3.66,0
20231019:0410,0,0,0,18.78,4.21,0
20231019:0510,0,0,0,18.77,4.41,0
20231019:0610,0,0,0,18.84,4.76,0
20231019:0710,28.76,50.43,10.69,19.46,5.03,0
20231019:0810,117.41,160.15,20.35,20.66,5.31,0
20231019:0910,245.18,314.33,28.58,21.68,6.55,0
20231019:1010,259.2,332.65,34.65,22.03,6.62,0
20231019:1110,574.49,741.38,37.74,22.3,6.48,0
20231019:1210,652.36,853.39,37.31,22.82,6.41,0
20231019:1310,208.45,272.5,33.44,23.28,6.69,0
20231019:1410,153.93,205.22,26.77,21.71,4.97,0
20231019:1510,195.13,254.42,18.14,20.94,5.45,0
20231019:1610,34.94,59.66,8.23,20.35,5.38,0
20231019:1710,0,0,0,19.99,5.59,0
20231019:1810,0,0,0,20.31,5.93,0
20231019:1910,0,0,0,20.46,6.41,0
20231019:2010,0,0,0,20.53,7.52,0
20231019:2110,0,0,0,20.11,8.07,0
20231019:2210,0,0,0,19.9,8.97,0
20231019:2310,0,0,0,19.82,8.28,0
20231020:0010,0,0,0,19.15,6.07,0
20231020:0110,0,0,0,18.72,4.97,0
20231020:0210,0,0,0,18.05,5.86,0
20231020:0310,0,0,0,17.3,6.21,0
20231020:0410,0,0,0,17.02,5.79,0
20231020:0510,0,0,0,16.85,5.17,0
20231020:0610,0,0,0,16.55,5.1,0
20231020:0710,188.57,252.73,10.45,16.14,5.03,0
20231020:0810,382.64,476.88,20.08,16.53,5.38,0
20231020:0910,535.32,667.93,28.28,17.55,6.69,0
20231020:1010,619.03,783.63,34.32,18.75,7.1,0
20231020:1110,482.61,606.56,37.39,19.3,6.9,0
20231020:1210,667.88,863.39,36.95,20.05,6.34,0
20231020:1310,635.86,825.94,33.09,21.01,5.66,0
20231020:1410,497.64,637.93,26.45,21.49,5.17,0
20231020:1510,292.4,376.29,17.84,21.25,4.76,0
20231020:1610,90.16,135.26,7.95,20.7,3.66,0
20231020:1710,0,0,0,19.62,2.41,0
20231020:1810,0,0,0,18.45,1.86,0
20231020:1910,0,0,0,17.27,1.38,0
20231020:2010,0,0,0,16.84,1.72,0
20231020:2110,0,0,0,16.17,2,0
20231020:2210,0,0,0,15.45,1.66,0
20231020:2310,0,0,0,15,1.45,0
20231021:0010,0,0,0,14.41,1.24,0
20231021:0110,0,0,0,14.19,1.17,0
20231021:0210,0,0,0,14.27,1.24,0
20231021:0310,0,0,0,14.47,0.76,0
20231021:0410,0,0,0,13.93,1.1,0
20231021:0510,0,0,0,13.65,1.52,0
20231021:0610,0,0,0,13.27,1.31,0
20231021:0710,143,193.1,10.22,13.01,2.28,0
20231021:0810,348.05,435.46,19.82,12.99,1.86,0
20231021:0910,412.44,519.98,27.99,13.4,1.38,0
20231021:1010,112.38,151.36,33.99,13.67,0.55,0
20231021:1110,123.61,165.55,37.03,14.61,0.48,0
20231021:1210,158.82,208.56,36.59,15.55,0.83,0
20231021:1310,284.83,361.7,32.74,16.31,1.86,0
20231021:1410,477.61,611.73,26.12,16.65,2.28,0
20231021:1510,139.31,184.82,17.54,17.12,2.76,0
20231021:1610,120.48,174.34,7.67,16.51,2.62,0
20231021:1710,0,0,0,15.91,2.14,0
20231021:1810,0,0,0,15.24,1.86,0
20231021:1910,0,0,0,14.53,0.55,0
20231021:2010,0,0,0,13.98,1.45,0
20231021:2110,0,0,0,13.41,1.93,0
20231021:2210,0,0,0,13.05,2.07,0
20231021:2310,0,0,0,12.67,2,0
20231022:0010,0,0,0,12.32,1.93,0
20231022:0110,0,0,0,11.94,1.72,0
20231022:0210,0,0,0,11.34,1.72,0
20231022:0310,0,0,0,10.98,1.72,0
20231022:0410,0,0,0,10.79,1.66,0
20231022:0510,0,0,0,10.71,1.72,0
20231022:0610,0,0,0,10.79,1.66,0
20231022:0710,123.24,167.27,9.98,10.91,1.24,0
20231022:0810,231.35,293.02,19.56,13.5,1.03,0
20231022:0910,378,482.61,27.69,15.9,1.03,0
20231022:1010,498.55,657.53,33.66,17.22,0.83,0
20231022:1110,588.35,804.71,36.68,17.96,0.55,0
20231022:1210,594.5,809.43,36.23,18.81,1.03,0
20231022:1310,316.75,408.29,32.4,19.11,1.52,0
20231022:1410,50,77.57,25.8,19.07,2.28,0
20231022:1510,312.2,401.55,17.24,18.77,2.62,0
20231022:1610,14.23,30.27,7.39,18.25,2.07,0
20231022:1710,0,0,0,17.27,1.79,0
20231022:1810,0,0,0,16.63,1.52,0
20231022:1910,0,0,0,16.07,1.45,0
20231022:2010,0,0,0,16.02,0.83,0
20231022:2110,0,0,0,16.1,0.48,0
20231022:2210,0,0,0,14.72,1.17,0
20231022:2310,0,0,0,14.59,1.24,0
20231023:0010,0,0,0,14.84,1.52,0
20231023:0110,0,0,0,14.72,1.45,0
20231023:0210,0,0,0,14.74,1.24,0
20231023:0310,0,0,0,14.99,1.1,0
20231023:0410,0,0,0,15.47,0.9,0
20231023:0510,0,0,0,15.68,0.9,0
20231023:0610,0,0,0,15.58,1.03,0
20231023:0710,65.78,98.12,9.74,16.53,1.38,0
20231023:0810,142.61,190.64,19.29,19,1.66,0
20231023:0910,365.32,470.78,27.4,21.24,2.83,0
20231023:1010,532.73,690.29,33.33,22.45,5.17,0
20231023:1110,587.11,766.18,36.33,23.09,5.79,0
20231023:1210,533.67,692.12,35.88,23.56,6,0
20231023:1310,475.87,613.19,32.06,23.75,6,0
20231023:1410,443.38,569.64,25.49,23.63,5.79,0
20231023:1510,184.73,244.36,16.95,22.94,5.1,0
20231023:1610,43.57,72.77,7.12,21.94,4.69,0
20231023:1710,0,0,0,20.63,4.14,0
20231023:1810,0,0,0,19.63,3.45,0
20231023:1910,0,0,0,19.28,3.03,0
20231023:2010,0,0,0,18.5,2.83,0
20231023:2110,0,0,0,17.79,2.55,0
20231023:2210,0,0,0,17.18,2.34,0
20231023:2310,0,0,0,16.77,2.41,0
20231024:0010,0,0,0,16.73,2.69,0
20231024:0110,0,0,0,17.12,2.97,0
20231024:0210,0,0,0,17.18,3.24,0
20231024:0310,0,0,0,16.86,3.1,0
20231024:0410,0,0,0,16.59,2.83,0
20231024:0510,0,0,0,16.24,2.55,0
20231024:0610,0,0,0,15.52,2,0
20231024:0710,87.67,124.5,9.5,13.44,1.66,0
20231024:0810,168.31,217.95,19.03,14.99,1.59,0
20231024:0910,406.58,519.1,27.1,16.96,1.79,0
20231024:1010,166.8,219.66,33.01,17.87,1.52,0
20231024:1110,403.77,525.79,35.99,18.71,1.1,0
20231024:1210,580.86,777.89,35.53,19.27,1.79,0
20231024:1310,541.87,709.9,31.72,19.61,2.69,0
20231024:1410,412.71,530.13,25.17,19.8,2.76,0
20231024:1510,324.72,421.48,16.66,20,2.34,0
20231024:1610,84.65,129.01,6.85,19.6,2.21,0
20231024:1710,0,0,0,18.38,2.62,0
20231024:1810,0,0,0,17.27,3.24,0
20231024:1910,0,0,0,16.63,3.93,0
20231024:2010,0,0,0,15.92,4,0
20231024:2110,0,0,0,15.46,3.86,0
20231024:2210,0,0,0,15.22,3.72,0
20231024:2310,0,0,0,15.14,3.52,0
20231025:0010,0,0,0,15.12,3.24,0
20231025:0110,0,0,0,14.83,3.03,0
20231025:0210,0,0,0,14.34,2.34,0
20231025:0310,0,0,0,13.35,2.14,0
20231025:0410,0,0,0,12.6,2.07,0
20231025:0510,0,0,0,11.98,2.21,0
20231025:0610,0,0,0,11.65,2.28,0
20231025:0710,152.45,205.65,9.27,12.4,2.21,0
20231025:0810,367.64,463.77,18.77,14.32,1.86,0
20231025:0910,511.14,669.26,26.81,17.3,1.31,0
20231025:1010,580.96,793.92,32.69,19.41,0.76,0
20231025:1110,606.85,855.18,35.64,20.66,0.28,0
20231025:1210,467.5,624.06,35.18,21.33,1.1,0
20231025:1310,353.19,460.25,31.39,21.26,1.59,0
20231025:1410,226.56,295.53,24.87,20.83,1.66,0
20231025:1510,23.52,43.52,16.38,20.26,2.07,0
20231025:1610,17.29,35.09,6.59,19.6,1.72,0
20231025:1710,0,0,0,18.68,1.66,0
20231025:1810,0,0,0,17.73,1.59,0
20231025:1910,0,0,0,17.49,2.48,0
20231025:2010,0,0,0,16.84,2.62,0
20231025:2110,0,0,0,16.35,2.55,0
20231025:2210,0,0,0,15.96,2.28,0
20231025:2310,0,0,0,15.56,2.21,0
20231026:0010,0,0,0,15.1,2.21,0
20231026:0110,0,0,0,14.56,2.34,0
20231026:0210,0,0,0,14.35,2.28,0
20231026:0310,0,0,0,14.23,2.14,0
20231026:0410,0,0,0,14.32,2.07,0
20231026:0510,0,0,0,14.26,2.14,0
20231026:0610,0,0,0,13.87,2.14,0
20231026:0710,17.23,34.06,9.03,14.48,1.45,0
20231026:0810,93.46,129.77,18.51,16.46,1.31,0
20231026:0910,231.5,299.25,26.52,19.46,2,0
20231026:1010,436.56,560.98,32.36,21.4,4.14,0
20231026:1110,299.02,383.88,35.3,22.63,5.66,0
20231026:1210,182.49,241.24,34.84,23.3,6.48,0
20231026:1310,101.73,142.84,31.06,23.21,6.69,0
20231026:1410,146.94,197.5,24.56,23.14,5.86,0
20231026:1510,68.86,102.11,16.1,22.6,5.52,0
20231026:1610,10.18,24.6,6.33,21.91,5.79,0
20231026:1710,0,0,0,21.28,5.38,0
20231026:1810,0,0,0,21.07,5.93,0
20231026:1910,0,0,0,20.96,5.59,0
20231026:2010,0,0,0,20.83,5.1,0
20231026:2110,0,0,0,19.86,2.97,0
20231026:2210,0,0,0,17.99,2.28,0
20231026:2310,0,0,0,16.89,1.59,0
20231027:0010,0,0,0,16.09,0.83,0
20231027:0110,0,0,0,15.35,0.69,0
20231027:0210,0,0,0,14.41,1.03,0
20231027:0310,0,0,0,14.06,1.1,0
20231027:0410,0,0,0,13.99,1.03,0
20231027:0510,0,0,0,14.71,0.69,0
20231027:0610,0,0,0,14.53,0.41,0
20231027:0710,59.99,90.41,8.79,14.65,0.69,0
20231027:0810,90.38,125.97,18.24,15.75,0.41,0
20231027:0910,490.2,631.41,26.23,17.71,2.41,0
20231027:1010,466.92,596.76,32.05,18.58,3.45,0
20231027:1110,636.05,842.22,34.96,19.37,3.38,0
20231027:1210,637.75,845.64,34.5,20.12,3.59,0
20231027:1310,576.04,745.58,30.74,20.64,4.83,0
20231027:1410,478.33,606.68,24.26,20.71,5.93,0
20231027:1510,284.27,364.74,15.82,20.35,5.1,0
20231027:1610,75.99,117.87,6.07,19.64,4,0
20231027:1710,0,0,0,18.34,2.55,0
20231027:1810,0,0,0,17.02,1.72,0
20231027:1910,0,0,0,17.14,0.83,0
20231027:2010,0,0,0,17.03,0.07,0
20231027:2110,0,0,0,16.4,0.55,0
20231027:2210,0,0,0,15.83,0.62,0
20231027:2310,0,0,0,15.36,0.28,0
20231028:0010,0,0,0,14.84,0.21,0
20231028:0110,0,0,0,13.49,0.76,0
20231028:0210,0,0,0,11.99,1.03,0
20231028:0310,0,0,0,11.04,1.38,0
20231028:0410,0,0,0,10.64,1.66,0
20231028:0510,0,0,0,10.5,1.93,0
20231028:0610,0,0,0,10.4,2.14,0
20231028:0710,55.01,82.7,8.55,11.1,2.28,0
20231028:0810,349.08,436.69,17.98,13.43,2.28,0
20231028:0910,467.66,594.11,25.94,16.58,2.83,0
20231028:1010,610.51,793.78,31.73,18.89,4.07,0
20231028:1110,653.38,854.84,34.63,20.44,5.1,0
20231028:1210,654.04,852.43,34.16,21.28,5.93,0
20231028:1310,579.3,743.67,30.42,21.41,6.34,0
20231028:1410,479.93,609.88,23.97,21.55,6.34,0
20231028:1510,278.71,358.34,15.55,21.39,6.14,0
20231028:1610,71.45,112.23,5.82,20.41,5.52,0
20231028:1710,0,0,0,18.93,5.17,0
20231028:1810,0,0,0,17.86,4.83,0
20231028:1910,0,0,0,17.73,5.03,0
20231028:2010,0,0,0,17.47,5.03,0
20231028:2110,0,0,0,17.32,4.97,0
20231028:2210,0,0,0,17.16,4.83,0
20231028:2310,0,0,0,17.03,4.76,0
20231029:0010,0,0,0,16.89,4.69,0
20231029:0110,0,0,0,16.72,4.48,0
20231029:0210,0,0,0,16.68,4.48,0
20231029:0310,0,0,0,16.52,4.48,0
20231029:0410,0,0,0,16.26,4.41,0
20231029:0510,0,0,0,16.1,4.41,0
20231029:0610,0,0,0,15.92,4.41,0
20231029:0710,134.36,185.93,8.32,16.69,5.1,0
20231029:0810,363.28,456.37,17.72,17.69,5.1,0
20231029:0910,559.16,711.37,25.65,19.15,5.52,0
20231029:1010,405.28,511.09,31.41,20.08,5.86,0
20231029:1110,526.03,672.19,34.3,20.92,6,0
20231029:1210,578.51,744.36,33.83,21.27,6.14,0
20231029:1310,276.17,352.33,30.1,21.33,5.93,0
20231029:1410,269.47,343.55,23.67,21.06,5.45,0
20231029:1510,112.21,154.12,15.29,20.58,4.97,0
20231029:1610,26.67,49.36,5.58,19.6,4.62,0
20231029:1710,0,0,0,18.37,4.34,0
20231029:1810,0,0,0,17.58,4.07,0
20231029:1910,0,0,0,17.34,3.86,0
20231029:2010,0,0,0,16.81,3.72,0
20231029:2110,0,0,0,16.44,3.86,0
20231029:2210,0,0,0,16.32,3.86,0
20231029:2310,0,0,0,16.14,3.66,0
20231030:0010,0,0,0,15.74,3.31,0
20231030:0110,0,0,0,15.22,2.97,0
20231030:0210,0,0,0,14.87,2.97,0
20231030:0310,0,0,0,14.64,2.83,0
20231030:0410,0,0,0,14.42,2.83,0
20231030:0510,0,0,0,14.12,2.69,0
20231030:0610,0,0,0,14.24,2.55,0
20231030:0710,20.49,38.74,8.08,15.11,2.83,0
20231030:0810,56.23,84.19,17.46,15.82,2.62,0
20231030:0910,59.81,88.92,25.36,16.75,2.62,0
20231030:1010,61.9,91.76,31.1,17.58,3.03,0
20231030:1110,502.7,644.7,33.97,18.22,3.45,0
20231030:1210,302.66,384.69,33.5,18.82,3.59,0
20231030:1310,443.43,566.19,29.79,19.21,3.52,0
20231030:1410,336.07,425.36,23.39,19.78,4.41,0
20231030:1510,134.38,180.24,15.02,19.57,4.76,0
20231030:1610,8.51,21.76,5.33,18.87,4.34,0
20231030:1710,0,0,0,17.84,3.86,0
20231030:1810,0,0,0,17.08,2.9,0
20231030:1910,0,0,0,14.78,2.9,0
20231030:2010,0,0,0,13.83,3.24,0
20231030:2110,0,0,0,13.2,2.55,0
20231030:2210,0,0,0,13.26,0.62,0
20231030:2310,0,0,0,12.04,1.17,0
20231031:0010,0,0,0,12.29,1.59,0
20231031:0110,0,0,0,11.77,2,0
20231031:0210,0,0,0,11.1,2.28,0
20231031:0310,0,0,0,10.7,2.07,0
20231031:0410,0,0,0,10.29,2,0
20231031:0510,0,0,0,9.54,2,0
20231031:0610,0,0,0,9.09,2.14,0
20231031:0710,140.81,190.56,7.84,10.02,1.72,0
20231031:0810,367.99,460.71,17.2,11.92,1.52,0
20231031:0910,517.14,669.57,25.07,14.99,1.31,0
20231031:1010,588.46,790.12,30.79,16.61,0.9,0
20231031:1110,633.93,860.26,33.64,17.66,1.38,0
20231031:1210,633.47,849.02,33.18,18.43,2.21,0
20231031:1310,535.9,699.73,29.48,18.75,2.48,0
20231031:1410,214.26,275.91,23.11,18.57,2.62,0
20231031:1510,111.08,151.63,14.77,17.98,2.83,0
20231031:1610,25.59,47.74,5.1,17.14,2.48,0
20231031:1710,0,0,0,16.03,2.21,0
20231031:1810,0,0,0,15.3,1.72,0
20231031:1910,0,0,0,14.54,2.07,0
20231031:2010,0,0,0,13.89,2.07,0
20231031:2110,0,0,0,13.47,2.21,0
20231031:2210,0,0,0,13.22,2.34,0
20231031:2310,0,0,0,13.11,2.41,0
20231101:0010,0,0,0,13.18,2.69,0
20231101:0110,0,0,0,13.16,3.03,0
20231101:0210,0,0,0,12.85,3.52,0
20231101:0310,0,0,0,12.83,4.07,0
20231101:0410,0,0,0,12.97,4.41,0
20231101:0510,0,0,0,13.02,4.69,0
20231101:0610,0,0,0,13.18,5.03,0
20231101:0710,15.98,32.16,7.6,13.54,5.52,0
20231101:0810,137.12,179.24,16.94,14.84,4.9,0
20231101:0910,554.81,696.66,24.79,16.63,5.38,0
20231101:1010,306.88,384.17,30.48,18.38,6.34,0
20231101:1110,104.42,143.79,33.32,19.51,6.9,0
20231101:1210,671.05,867.07,32.86,19.94,6.28,0
20231101:1310,336.62,427.86,29.18,19.97,4,0
20231101:1410,492.34,645.5,22.83,19.93,2,0
20231101:1510,277.33,366.25,14.51,20.17,0.41,0
20231101:1610,17.5,36.32,4.87,19.23,1.38,0
20231101:1710,0,0,0,17.44,1.52,0
20231101:1810,0,0,0,16.13,1.31,0
20231101:1910,0,0,0,15.67,1.86,0
20231101:2010,0,0,0,15.02,2.48,0
20231101:2110,0,0,0,14.82,3.03,0
20231101:2210,0,0,0,15.28,3.31,0
20231101:2310,0,0,0,15.84,4,0
20231102:0010,0,0,0,16.64,5.66,0
20231102:0110,0,0,0,17.09,6.76,0
20231102:0210,0,0,0,17.27,7.31,0
20231102:0310,0,0,0,17.33,7.03,0
20231102:0410,0,0,0,17.5,6.76,0
20231102:0510,0,0,0,17.71,6.69,0
20231102:0610,0,0,0,18.07,6.9,0
20231102:0710,19.01,37.09,7.37,17.83,6.83,0
20231102:0810,386.07,485.98,16.68,18.89,6.21,0
20231102:0910,16.77,34.06,24.5,19.78,4.34,0
20231102:1010,22.82,42.57,30.17,20.43,2.9,0
20231102:1110,25.63,46.35,33,20,1.03,0
20231102:1210,58.58,87.98,32.54,17.92,1.45,0
20231102:1310,354.7,451.47,28.88,16.93,1.66,0
20231102:1410,16.38,33.11,22.56,16.31,1.31,0
20231102:1510,6.29,17.97,14.27,15.31,2.97,0
20231102:1610,14.59,31.1,4.64,13.43,4.69,0
20231102:1710,0,0,0,11.95,3.52,0
20231102:1810,0,0,0,11.34,2.14,0
20231102:1910,0,0,0,11.29,2.69,0
20231102:2010,0,0,0,10.77,1.24,0
20231102:2110,0,0,0,10.54,0.9,0
20231102:2210,0,0,0,10.35,1.1,0
20231102:2310,0,0,0,9.6,1.38,0
20231103:0010,0,0,0,8.77,1.86,0
20231103:0110,0,0,0,8.46,1.66,0
20231103:0210,0,0,0,8.23,1.66,0
20231103:0310,0,0,0,7.93,2,0
20231103:0410,0,0,0,7.66,2.14,0
20231103:0510,0,0,0,7.48,2.34,0
20231103:0610,0,0,0,7.71,2.97,0
20231103:0710,146.95,196.64,7.13,8.63,4.34,0
20231103:0810,375.5,459.14,16.43,10.1,3.59,0
20231103:0910,541.26,671.33,24.22,12.04,3.86,0
20231103:1010,641.13,815.36,29.87,13.8,4,0
20231103:1110,683.45,885.55,32.68,15.09,3.86,0
20231103:1210,690.48,900.81,32.23,16.07,3.86,0
20231103:1310,244.61,309.36,28.59,16.52,3.52,0
20231103:1410,209.76,267.69,22.29,16.84,3.17,0
20231103:1510,37.09,60.54,14.02,16.56,2.34,0
20231103:1610,56.25,92.2,4.42,15.56,2.14,0
20231103:1710,0,0,0,13.8,2.69,0
20231103:1810,0,0,0,12.61,1.79,0
20231103:1910,0,0,0,12.43,0.28,0
20231103:2010,0,0,0,10.52,1.1,0
20231103:2110,0,0,0,9.69,1.59,0
20231103:2210,0,0,0,9.2,1.66,0
20231103:2310,0,0,0,8.72,1.72,0
20231104:0010,0,0,0,8.14,1.72,0
20231104:0110,0,0,0,7.94,1.79,0
20231104:0210,0,0,0,7.89,1.66,0
20231104:0310,0,0,0,8.08,2.07,0
20231104:0410,0,0,0,8.58,2.28,0
20231104:0510,0,0,0,9.42,2.76,0
20231104:0610,0,0,0,10.29,3.59,0
20231104:0710,3.63,13.24,6.9,11.05,5.59,0
20231104:0810,84.47,115.9,16.17,12.01,6.48,0
20231104:0910,74.82,105,23.94,12.68,6.55,0
20231104:1010,40.04,63.38,29.57,13.58,5.86,0
20231104:1110,36.05,58.65,32.37,14.8,7.1,0
20231104:1210,464.06,568.69,31.93,16.31,8.48,0
20231104:1310,509.77,627.48,28.3,17.98,9.52,0
20231104:1410,466.69,576.25,22.03,18.16,8.48,0
20231104:1510,325.48,410.09,13.79,18.14,7.59,0
20231104:1610,44.7,76.71,4.2,17.54,7.1,0
20231104:1710,0,0,0,16.87,5.86,0
20231104:1810,0,0,0,16.86,4.97,0
20231104:1910,0,0,0,17,4.76,0
20231104:2010,0,0,0,17.17,5.52,0
20231104:2110,0,0,0,16.98,5.93,0
20231104:2210,0,0,0,16.61,6.07,0
20231104:2310,0,0,0,16.14,6.55,0
20231105:0010,0,0,0,15.43,6.76,0
20231105:0110,0,0,0,14.66,6.69,0
20231105:0210,0,0,0,14.06,6.48,0
20231105:0310,0,0,0,13.52,6.07,0
20231105:0410,0,0,0,13,5.79,0
20231105:0510,0,0,0,12.55,5.52,0
20231105:0610,0,0,0,12.15,5.1,0
20231105:0710,123.53,170.66,6.66,12.3,4.9,0
20231105:0810,348.63,432.05,15.91,13.3,3.86,0
20231105:0910,513.05,644.4,23.67,15.06,3.79,0
20231105:1010,604.46,785.55,29.27,16.76,3.03,0
20231105:1110,640.52,860.29,32.07,18.07,2.07,0
20231105:1210,627.84,858.11,31.62,18.74,1.24,0
20231105:1310,553.91,747.57,28.02,19.03,0.83,0
20231105:1410,456.57,601.76,21.77,18.86,0.76,0
20231105:1510,280.11,366,13.55,18.59,0.9,0
20231105:1610,40.25,70.74,3.99,17.65,1.17,0
20231105:1710,0,0,0,16.04,1.31,0
20231105:1810,0,0,0,14.79,0.9,0
20231105:1910,0,0,0,14.58,0.83,0
20231105:2010,0,0,0,13.48,1.03,0
20231105:2110,0,0,0,12.69,0.97,0
20231105:2210,0,0,0,12.23,0.97,0
20231105:2310,0,0,0,11.36,1.17,0
20231106:0010,0,0,0,10.56,1.38,0
20231106:0110,0,0,0,10.13,1.52,0
20231106:0210,0,0,0,10.1,1.66,0
20231106:0310,0,0,0,9.65,1.93,0
20231106:0410,0,0,0,9.51,2.21,0
20231106:0510,0,0,0,9,2.34,0
20231106:0610,0,0,0,8.77,2.34,0
20231106:0710,118.82,163.61,6.43,9.14,2.14,0
20231106:0810,323.89,401.55,15.66,10.82,1.86,0
20231106:0910,447.81,563.85,23.39,13.35,1.79,0
20231106:1010,529.57,671.15,28.98,14.99,3.17,0
20231106:1110,257.12,323.36,31.76,15.62,3.66,0
20231106:1210,607.79,781.62,31.33,15.59,3.45,0
20231106:1310,211.88,269.12,27.74,15.45,3.1,0
20231106:1410,27.73,48.24,21.51,15.41,2.48,0
20231106:1510,13.82,29.33,13.33,15.08,1.93,0
20231106:1610,22.56,44.1,3.79,14.56,1.45,0
20231106:1710,0,0,0,13.67,0.9,0
20231106:1810,0,0,0,13.01,0.62,0
20231106:1910,0,0,0,11.86,0.9,0
20231106:2010,0,0,0,11.65,1.03,0
20231106:2110,0,0,0,11.46,0.76,0
20231106:2210,0,0,0,11.05,1.17,0
20231106:2310,0,0,0,10.93,1.38,0
20231107:0010,0,0,0,11.03,1.31,0
20231107:0110,0,0,0,11.27,1.52,0
20231107:0210,0,0,0,11.31,1.38,0
20231107:0310,0,0,0,11.1,1.38,0
20231107:0410,0,0,0,11.1,1.17,0
20231107:0510,0,0,0,10.67,0.69,0
20231107:0610,0,0,0,10.22,0.69,0
20231107:0710,61.53,91.58,6.2,8.62,1.52,0
20231107:0810,338.79,421.93,15.41,10.27,1.1,0
20231107:0910,445.87,558.45,23.12,12.21,1.72,0
20231107:1010,612.22,783.26,28.69,13.37,2.9,0
20231107:1110,604.26,770.93,31.46,14.21,3.45,0
20231107:1210,395.68,493.17,31.03,14.77,3.38,0
20231107:1310,589.24,752.05,27.47,15.26,3.52,0
20231107:1410,471.53,592.08,21.27,15.41,3.52,0
20231107:1510,295.02,373.66,13.1,15.3,3.31,0
20231107:1610,31.95,58.3,3.59,14.65,2.97,0
20231107:1710,0,0,0,13.28,2.83,0
20231107:1810,0,0,0,12.38,2.69,0
20231107:1910,0,0,0,12.02,2.28,0
20231107:2010,0,0,0,11.15,2.14,0
20231107:2110,0,0,0,10.37,2.14,0
20231107:2210,0,0,0,9.9,2.34,0
20231107:2310,0,0,0,9.5,2.41,0
20231108:0010,0,0,0,9.05,2.34,0
20231108:0110,0,0,0,8.66,2.21,0
20231108:0210,0,0,0,8.03,2.07,0
20231108:0310,0,0,0,7.43,2,0
20231108:0410,0,0,0,6.89,1.93,0
20231108:0510,0,0,0,6.81,1.79,0
20231108:0610,0,0,0,6.63,1.79,0
20231108:0710,112.71,154.28,5.96,5.66,1.93,0
20231108:0810,343.79,423.19,15.16,8.01,1.24,0
20231108:0910,488.03,625.09,22.85,12.55,0.76,0
20231108:1010,594.59,779.29,28.4,14.44,1.52,0
20231108:1110,667.43,877.75,31.17,15.29,2.69,0
20231108:1210,641.01,831.31,30.75,15.76,3.38,0
20231108:1310,548.79,696.33,27.2,15.97,3.79,0
20231108:1410,475.09,595.21,21.03,15.9,4.14,0
20231108:1510,287.79,363.38,12.89,15.43,4.21,0
20231108:1610,6.41,18.1,3.39,14.42,4,0
20231108:1710,0,0,0,13.08,4,0
20231108:1810,0,0,0,12.36,4,0
20231108:1910,0,0,0,12.29,4.28,0
20231108:2010,0,0,0,11.97,4.48,0
20231108:2110,0,0,0,11.68,4.83,0
20231108:2210,0,0,0,11.44,5.1,0
20231108:2310,0,0,0,11.38,5.59,0
20231109:0010,0,0,0,11.4,5.59,0
20231109:0110,0,0,0,11.42,5.31,0
20231109:0210,0,0,0,11.26,4.97,0
20231109:0310,0,0,0,11.05,4.76,0
20231109:0410,0,0,0,10.94,4.55,0
20231109:0510,0,0,0,11.18,4.55,0
20231109:0610,0,0,0,10.77,3.93,0
20231109:0710,15.38,31.23,5.73,10.12,2.9,0
20231109:0810,236.78,294.5,14.91,10.12,1.59,0
20231109:0910,122.65,160.58,22.58,10.59,1.52,0
20231109:1010,185.31,235.32,28.11,11.7,1.24,0
20231109:1110,604.24,802.82,30.88,12.7,0.55,0
20231109:1210,29.46,50.14,30.46,13.32,0.83,0
20231109:1310,446.46,568.88,26.94,13.69,0.97,0
20231109:1410,463.21,591.88,20.79,14.12,1.17,0
20231109:1510,270.74,345.58,12.68,14.49,1.52,0
20231109:1610,5.86,17.2,3.2,14.17,1.31,0
20231109:1710,0,0,0,13.04,1.24,0
20231109:1810,0,0,0,11.92,1.1,0
20231109:1910,0,0,0,10.53,1.38,0
20231109:2010,0,0,0,10,1.59,0
20231109:2110,0,0,0,9.82,1.24,0
20231109:2210,0,0,0,9.9,0.97,0
20231109:2310,0,0,0,9.88,1.03,0
20231110:0010,0,0,0,9.83,1.1,0
20231110:0110,0,0,0,9.71,0.9,0
20231110:0210,0,0,0,9.82,1.03,0
20231110:0310,0,0,0,10.16,1.31,0
20231110:0410,0,0,0,10.34,1.59,0
20231110:0510,0,0,0,10.24,1.72,0
20231110:0610,0,0,0,9.74,1.86,0
20231110:0710,41.97,67.5,5.5,9.59,1.66,0
20231110:0810,326.53,407.75,14.66,10.56,0.97,0
20231110:0910,469.2,608.87,22.31,13.57,0.07,0
20231110:1010,577.77,763.02,27.83,14.77,0.97,0
20231110:1110,647.79,865.93,30.59,15.47,1.59,0
20231110:1210,630.63,835.91,30.18,16.06,1.93,0
20231110:1310,554.68,720.84,26.68,16.18,2,0
20231110:1410,403.51,509.73,20.56,16.29,2.48,0
20231110:1510,295.43,376.48,12.47,15.73,2.76,0
20231110:1610,4.76,15.39,3.02,14.73,2.55,0
20231110:1710,0,0,0,13.47,2.14,0
20231110:1810,0,0,0,12.79,1.66,0
20231110:1910,0,0,0,12.55,1.59,0
20231110:2010,0,0,0,11.91,1.45,0
20231110:2110,0,0,0,11.37,1.03,0
20231110:2210,0,0,0,10.9,1.1,0
20231110:2310,0,0,0,10.71,1.45,0
20231111:0010,0,0,0,10.75,1.45,0
20231111:0110,0,0,0,10.34,1.59,0
20231111:0210,0,0,0,9.85,1.66,0
20231111:0310,0,0,0,9.64,1.66,0
20231111:0410,0,0,0,10.13,1.31,0
20231111:0510,0,0,0,10.2,1.31,0
20231111:0610,0,0,0,10.31,1.31,0
20231111:0710,17.98,35.21,5.28,10.68,0.9,0
20231111:0810,42.61,66.22,14.42,11.16,0.62,0
20231111:0910,101.02,136.97,22.05,12.89,0.9,0
20231111:1010,561.31,740.53,27.56,13.94,0.55,0
20231111:1110,615.76,836.87,30.31,15.01,0.34,0
20231111:1210,581.31,784.08,29.91,15.96,0.41,0
20231111:1310,238.05,304.88,26.43,16.55,0.97,0
20231111:1410,328.43,418.77,20.33,16.96,1.17,0
20231111:1510,244.51,314.78,12.27,16.69,2.21,0
20231111:1610,3.7,13.58,2.84,15.72,2.34,0
20231111:1710,0,0,0,14.35,1.93,0
20231111:1810,0,0,0,13.59,1.86,0
20231111:1910,0,0,0,13.61,2.41,0
20231111:2010,0,0,0,13.41,2.62,0
20231111:2110,0,0,0,13.21,2.62,0
20231111:2210,0,0,0,12.87,2.62,0
20231111:2310,0,0,0,12.64,2.34,0
20231112:0010,0,0,0,12.49,2.21,0
20231112:0110,0,0,0,12.49,2.14,0
20231112:0210,0,0,0,12.27,2.14,0
20231112:0310,0,0,0,12.14,2.14,0
20231112:0410,0,0,0,11.9,2.14,0
20231112:0510,0,0,0,11.6,1.79,0
20231112:0610,0,0,0,11.21,1.59,0
20231112:0710,28.2,49.67,5.05,11.09,1.66,0
20231112:0810,65.36,94.24,14.18,12.75,1.38,0
20231112:0910,338.28,428.4,21.79,16.25,1.52,0
20231112:1010,564.53,741.44,27.28,18.14,2.14,0
20231112:1110,615.03,816.17,30.03,19.27,2.69,0
20231112:1210,615.46,813.12,29.65,19.76,3.17,0
20231112:1310,546.14,712.75,26.18,20.25,3.17,0
20231112:1410,441.46,569.86,20.11,19.71,2.48,0
20231112:1510,70.5,103.06,12.08,18.83,1.86,0
20231112:1610,1.77,9.96,2.67,17.65,1.66,0
20231112:1710,0,0,0,16.36,1.38,0
20231112:1810,0,0,0,15.62,1.38,0
20231112:1910,0,0,0,15.07,0.83,0
20231112:2010,0,0,0,14.73,1.1,0
20231112:2110,0,0,0,14.55,1.45,0
20231112:2210,0,0,0,14.24,1.72,0
20231112:2310,0,0,0,13.71,1.72,0
20231113:0010,0,0,0,13.04,1.72,0
20231113:0110,0,0,0,12.4,1.59,0
20231113:0210,0,0,0,11.83,1.59,0
20231113:0310,0,0,0,11.44,1.66,0
20231113:0410,0,0,0,11.07,1.59,0
20231113:0510,0,0,0,10.64,1.66,0
20231113:0610,0,0,0,10.29,1.72,0
20231113:0710,76.91,114.48,4.83,11.02,1.59,0
20231113:0810,314.19,395.39,13.94,12.7,1.31,0
20231113:0910,428.97,549.82,21.53,16.3,1.31,0
20231113:1010,534.28,708.13,27.01,18.55,1.31,0
20231113:1110,568.65,774.62,29.76,20.09,0.9,0
20231113:1210,589.64,826.81,29.38,21.23,0.28,0
20231113:1310,528.51,719.61,25.94,22.21,0.9,0
20231113:1410,437.03,580.46,19.9,22.88,1.45,0
20231113:1510,234.78,313.12,11.89,22.85,1.45,0
20231113:1610,2.15,10.86,2.5,21.7,1.38,0
20231113:1710,0,0,0,19.34,1.38,0
20231113:1810,0,0,0,18.19,2,0
20231113:1910,0,0,0,17.09,1.93,0
20231113:2010,0,0,0,15.65,1.93,0
20231113:2110,0,0,0,14.49,1.86,0
20231113:2210,0,0,0,13.61,1.86,0
20231113:2310,0,0,0,13.08,1.86,0
20231114:0010,0,0,0,12.7,1.86,0
20231114:0110,0,0,0,12.41,1.86,0
20231114:0210,0,0,0,12.24,1.86,0
20231114:0310,0,0,0,11.99,1.86,0
20231114:0410,0,0,0,11.78,2,0
20231114:0510,0,0,0,11.64,2.07,0
20231114:0610,0,0,0,11.56,2.07,0
20231114:0710,53.47,84.41,4.6,12.36,1.93,0
20231114:0810,143.08,187.1,13.7,13.79,1.45,0
20231114:0910,433.93,566.41,21.28,18.18,0.76,0
20231114:1010,504.92,683.27,26.75,21.5,0.69,0
20231114:1110,632.11,877.86,29.49,22.83,1.66,0
20231114:1210,588.46,802.49,29.13,23.5,2.14,0
20231114:1310,528.85,714.71,25.71,23.88,1.86,0
20231114:1410,409.65,546.4,19.69,24.05,1.24,0
20231114:1510,237.18,319.36,11.71,23.73,0.69,0
20231114:1610,0.9,8.15,2.34,21.69,1.93,0
20231114:1710,0,0,0,19.32,1.86,0
20231114:1810,0,0,0,17.65,1.17,0
20231114:1910,0,0,0,18.22,0.55,0
20231114:2010,0,0,0,16.6,1.24,0
20231114:2110,0,0,0,16.24,0.97,0
20231114:2210,0,0,0,15.06,1.1,0
20231114:2310,0,0,0,14.23,1.52,0
20231115:0010,0,0,0,13.79,1.66,0
20231115:0110,0,0,0,13.45,1.38,0
20231115:0210,0,0,0,13.9,1.45,0
20231115:0310,0,0,0,14.03,2,0
20231115:0410,0,0,0,13.91,2,0
20231115:0510,0,0,0,13.58,1.86,0
20231115:0610,0,0,0,13.5,1.59,0
20231115:0710,18.83,37.19,4.38,12.97,1.72,0
20231115:0810,17.95,35,13.46,14.01,0.97,0
20231115:0910,112.32,152.21,21.03,15.8,0.55,0
20231115:1010,93.08,129.6,26.49,16.51,1.1,0
20231115:1110,35.46,58.65,29.23,17.17,1.52,0
20231115:1210,21.1,39.73,28.88,17.17,1.66,0
20231115:1310,149.07,196.74,25.48,17.01,1.66,0
20231115:1410,200.06,257.24,19.49,16.95,1.72,0
20231115:1510,136.9,182.72,11.53,16.67,1.86,0
20231115:1610,0,3.62,2.18,16.19,2,0
20231115:1710,0,0,0,15.62,1.93,0
20231115:1810,0,0,0,14.99,1.93,0
20231115:1910,0,0,0,14.84,0.83,0
20231115:2010,0,0,0,14.62,0.9,0
20231115:2110,0,0,0,14.54,1.1,0
20231115:2210,0,0,0,14.35,1.52,0
20231115:2310,0,0,0,14.17,2.07,0
20231116:0010,0,0,0,13.76,2.41,0
20231116:0110,0,0,0,13.77,2.48,0
20231116:0210,0,0,0,13.59,2.41,0
20231116:0310,0,0,0,13.56,2.28,0
20231116:0410,0,0,0,13.46,2.07,0
20231116:0510,0,0,0,13.22,2,0
20231116:0610,0,0,0,13,1.93,0
20231116:0710,1.61,9.46,4.16,12.54,1.79,0
20231116:0810,15.28,31.22,13.23,13.42,1.45,0
20231116:0910,129.19,171.48,20.78,15.24,1.31,0
20231116:1010,364.66,465.04,26.23,16.8,1.31,0
20231116:1110,584.84,779.21,28.97,18,1.59,0
20231116:1210,493.95,651.89,28.63,18.93,1.17,0
20231116:1310,254.66,329.28,25.25,19.65,1.31,0
20231116:1410,306.59,392.21,19.29,19.62,2.34,0
20231116:1510,236.48,307.93,11.36,18.72,2.28,0
20231116:1610,0.57,7.24,2.03,17.55,1.66,0
20231116:1710,0,0,0,16.25,1.17,0
20231116:1810,0,0,0,15.06,0.76,0
20231116:1910,0,0,0,14.26,1.1,0
20231116:2010,0,0,0,14.53,0.62,0
20231116:2110,0,0,0,13.9,0.97,0
20231116:2210,0,0,0,14.21,0.83,0
20231116:2310,0,0,0,14.85,0.69,0
20231117:0010,0,0,0,15.03,0.48,0
20231117:0110,0,0,0,14.79,0.83,0
20231117:0210,0,0,0,14.46,1.66,0
20231117:0310,0,0,0,14.16,2.07,0
20231117:0410,0,0,0,13.89,2.28,0
20231117:0510,0,0,0,13.55,2.07,0
20231117:0610,0,0,0,13.42,1.66,0
20231117:0710,0.74,7.57,3.95,13.27,1.79,0
20231117:0810,33.16,54.87,13,13.41,1.59,0
20231117:0910,50.57,76.62,20.54,13.72,1.93,0
20231117:1010,34.58,56.76,25.98,14.05,2.62,0
20231117:1110,60.53,88.92,28.72,14.39,2.83,0
20231117:1210,55.81,83.25,28.39,14.56,2.62,0
20231117:1310,73.63,105,25.04,14.89,2.41,0
20231117:1410,54.05,81.35,19.1,15.31,2.55,0
20231117:1510,58.94,87.41,11.19,15.35,2.69,0
20231117:1610,0,1.81,1.89,14.91,2.34,0
20231117:1710,0,0,0,14.49,2.07,0
20231117:1810,0,0,0,14.2,1.79,0
20231117:1910,0,0,0,13.49,1.1,0
20231117:2010,0,0,0,13.02,1.38,0
20231117:2110,0,0,0,13.45,0.62,0
20231117:2210,0,0,0,13.09,0.34,0
20231117:2310,0,0,0,12.64,0.62,0
20231118:0010,0,0,0,11.89,0.9,0
20231118:0110,0,0,0,10.82,1.24,0
20231118:0210,0,0,0,10.57,1.45,0
20231118:0310,0,0,0,10.42,1.52,0
20231118:0410,0,0,0,9.88,1.66,0
20231118:0510,0,0,0,9.46,1.59,0
20231118:0610,0,0,0,9.33,1.59,0
20231118:0710,40.32,67.12,3.73,9.5,1.59,0
20231118:0810,285.04,355.73,12.77,10.28,1.03,0
20231118:0910,443.31,563.84,20.3,12.43,0.55,0
20231118:1010,555.75,729.83,25.73,14.49,0.83,0
20231118:1110,604.05,800.38,28.48,15.97,1.52,0
20231118:1210,601.06,799.47,28.16,17.24,1.66,0
20231118:1310,540.12,712.41,24.83,18.18,1.52,0
20231118:1410,407.14,526.53,18.92,18.63,1.38,0
20231118:1510,276.98,362.46,11.04,18.58,1.17,0
20231118:1610,0.56,7.24,1.75,17.66,1.31,0
20231118:1710,0,0,0,16.13,1.59,0
20231118:1810,0,0,0,14.95,2.14,0
20231118:1910,0,0,0,14.38,2.14,0
20231118:2010,0,0,0,12.98,2.14,0
20231118:2110,0,0,0,11.76,2,0
20231118:2210,0,0,0,10.91,2,0
20231118:2310,0,0,0,10.39,2,0
20231119:0010,0,0,0,10.04,2,0
20231119:0110,0,0,0,9.71,1.93,0
20231119:0210,0,0,0,9.47,1.86,0
20231119:0310,0,0,0,9.34,1.93,0
20231119:0410,0,0,0,9.56,2.07,0
20231119:0510,0,0,0,10.08,2.21,0
20231119:0610,0,0,0,10.36,2.21,0
20231119:0710,41.02,68.47,3.52,10.28,2.07,0
20231119:0810,287.9,360.02,12.55,11.04,1.31,0
20231119:0910,444.86,572.6,20.06,15.14,0.76,0
20231119:1010,544.55,734.17,25.49,17.72,0.34,0
20231119:1110,587.77,805.07,28.24,19.02,0.62,0
20231119:1210,586.3,797.81,27.93,19.86,1.1,0
20231119:1310,540.03,723.17,24.62,20.19,1.31,0
20231119:1410,414.64,540.98,18.74,20.21,1.45,0
20231119:1510,194.35,257.21,10.88,19.65,1.45,0
20231119:1610,0,3.62,1.62,18.29,1.24,0
20231119:1710,0,0,0,17.18,0.34,0
20231119:1810,0,0,0,15.64,0.9,0
20231119:1910,0,0,0,14.12,1.59,0
20231119:2010,0,0,0,13.59,2,0
20231119:2110,0,0,0,13.09,2.07,0
20231119:2210,0,0,0,12.38,2.07,0
20231119:2310,0,0,0,11.84,2.07,0
20231120:0010,0,0,0,11.37,2,0
20231120:0110,0,0,0,11.01,1.93,0
20231120:0210,0,0,0,10.88,1.86,0
20231120:0310,0,0,0,11.25,1.93,0
20231120:0410,0,0,0,11.02,2,0
20231120:0510,0,0,0,10.63,1.93,0
20231120:0610,0,0,0,10.03,2,0
20231120:0710,33.09,57.6,3.31,8.92,1.93,0
20231120:0810,278.58,347.06,12.33,10.25,1.38,0
20231120:0910,430.84,551.01,19.83,14.61,0.83,0
20231120:1010,538.78,722.91,25.25,16.99,0.28,0
20231120:1110,586.33,801.43,28,17.96,0.41,0
20231120:1210,581.89,786.71,27.71,18.56,0.97,0
20231120:1310,538.04,714.56,24.42,18.86,1.31,0
20231120:1410,304.87,391.13,18.57,18.75,1.38,0
20231120:1510,122.46,166.75,10.74,18.44,1.59,0
20231120:1610,0,1.81,1.5,17.44,1.45,0
20231120:1710,0,0,0,16.24,1.17,0
20231120:1810,0,0,0,15.02,0.76,0
20231120:1910,0,0,0,15.03,0.69,0
20231120:2010,0,0,0,14.51,0.62,0
20231120:2110,0,0,0,14.58,0.21,0
20231120:2210,0,0,0,13.15,1.03,0
20231120:2310,0,0,0,12.72,1.59,0
20231121:0010,0,0,0,12.82,2,0
20231121:0110,0,0,0,12.31,2.48,0
20231121:0210,0,0,0,11.77,3.24,0
20231121:0310,0,0,0,11.07,3.72,0
20231121:0410,0,0,0,10.55,3.52,0
20231121:0510,0,0,0,10.26,2.34,0
20231121:0610,0,0,0,10.25,0.76,0
20231121:0710,59.07,93.45,3.1,9.93,0.69,0
20231121:0810,302.06,377.5,12.11,10.38,1.1,0
20231121:0910,481.7,607.84,19.6,11.95,1.45,0
20231121:1010,600.82,788.88,25.02,13.49,1.17,0
20231121:1110,636.1,854.79,27.77,14.44,0.9,0
20231121:1210,630.98,857.2,27.5,14.75,0.48,0
20231121:1310,333.88,420.35,24.23,15.18,1.59,0
20231121:1410,302.69,380.32,18.4,15.3,1.93,0
20231121:1510,123.29,165,10.6,14.93,2.07,0
20231121:1610,0,3.62,1.38,13.52,2.28,0
20231121:1710,0,0,0,12.65,2.28,0
20231121:1810,0,0,0,11.85,2.76,0
20231121:1910,0,0,0,12,3.79,0
20231121:2010,0,0,0,11.73,4.48,0
20231121:2110,0,0,0,11.55,4.97,0
20231121:2210,0,0,0,11.4,5.24,0
20231121:2310,0,0,0,11.22,5.31,0
20231122:0010,0,0,0,11.07,5.24,0
20231122:0110,0,0,0,10.91,5.1,0
20231122:0210,0,0,0,10.62,4.9,0
20231122:0310,0,0,0,10.37,4.83,0
20231122:0410,0,0,0,10.22,4.97,0
20231122:0510,0,0,0,10.13,5.38,0
20231122:0610,0,0,0,10.11,5.93,0
20231122:0710,34.62,60.37,2.9,10.58,7.03,0
20231122:0810,314.45,382.54,11.89,11.28,7.86,0
20231122:0910,504.91,610.56,19.38,12.06,6.97,0
20231122:1010,632.06,771.54,24.79,12.81,7.86,0
20231122:1110,694.99,853.55,27.55,13.43,8.69,0
20231122:1210,686.74,846.16,27.29,13.83,8.34,0
20231122:1310,617.92,756.15,24.05,14,8.21,0
20231122:1410,461.9,560.81,18.24,13.95,7.72,0
20231122:1510,257.43,321,10.46,13.56,7.31,0
20231122:1610,0,0,0,12.84,7.72,0
20231122:1710,0,0,0,12.08,7.59,0
20231122:1810,0,0,0,11.54,7.24,0
20231122:1910,0,0,0,11.19,6.97,0
20231122:2010,0,0,0,10.77,6.14,0
20231122:2110,0,0,0,10.28,5.45,0
20231122:2210,0,0,0,9.86,5.1,0
20231122:2310,0,0,0,9.38,4.76,0
20231123:0010,0,0,0,8.83,4.48,0
20231123:0110,0,0,0,8.38,4.41,0
20231123:0210,0,0,0,8.01,4.34,0
20231123:0310,0,0,0,7.65,4.14,0
20231123:0410,0,0,0,7.37,3.72,0
20231123:0510,0,0,0,7.03,3.38,0
20231123:0610,0,0,0,6.78,3.31,0
20231123:0710,30.59,54.39,2.7,6.91,3.66,0
20231123:0810,309.4,376.82,11.68,7.59,3.17,0
20231123:0910,478.14,586.55,19.16,9.9,3.03,0
20231123:1010,593.25,745.75,24.57,12.22,3.45,0
20231123:1110,651.88,833.31,27.33,13.89,3.79,0
20231123:1210,644.39,827.63,27.08,15.01,3.79,0
20231123:1310,580.97,739.15,23.87,15.6,3.79,0
20231123:1410,436.35,548.29,18.09,15.77,3.24,0
20231123:1510,250.32,320.04,10.33,15.21,2.55,0
20231123:1610,0,0,0,13.99,1.93,0
20231123:1710,0,0,0,11.93,1.59,0
20231123:1810,0,0,0,10.83,1.86,0
20231123:1910,0,0,0,10.48,2.48,0
20231123:2010,0,0,0,9.27,2.48,0
20231123:2110,0,0,0,8.28,2.41,0
20231123:2210,0,0,0,7.6,2.48,0
20231123:2310,0,0,0,7.24,2.41,0
20231124:0010,0,0,0,7.1,2.34,0
20231124:0110,0,0,0,6.88,2.28,0
20231124:0210,0,0,0,6.7,2.21,0
20231124:0310,0,0,0,6.67,2.34,0
20231124:0410,0,0,0,6.43,2.34,0
20231124:0510,0,0,0,6.12,2.14,0
20231124:0610,0,0,0,5.89,1.93,0
20231124:0710,15.98,33.67,2.5,6.75,2.41,0
20231124:0810,131.46,168.67,11.47,7.73,2.41,0
20231124:0910,423.67,524.73,18.95,10.62,1.72,0
20231124:1010,447.87,572.76,24.35,14.22,0.9,0
20231124:1110,271.38,347.39,27.12,16.64,0.69,0
20231124:1210,610.44,815.57,26.89,17.04,1.52,0
20231124:1310,570.67,745.62,23.69,17.48,2.34,0
20231124:1410,430.4,546.57,17.94,17.31,2.83,0
20231124:1510,287.49,369.8,10.21,16.5,2.34,0
20231124:1610,0,0,0,15.12,1.93,0
20231124:1710,0,0,0,12.99,1.66,0
20231124:1810,0,0,0,11.85,1.79,0
20231124:1910,0,0,0,11.74,2.76,0
20231124:2010,0,0,0,10.51,2.48,0
20231124:2110,0,0,0,9.49,2.21,0
20231124:2210,0,0,0,8.61,2.07,0
20231124:2310,0,0,0,8.08,2.21,0
20231125:0010,0,0,0,7.95,2.55,0
20231125:0110,0,0,0,7.58,2.62,0
20231125:0210,0,0,0,7.49,2.83,0
20231125:0310,0,0,0,7.53,3.31,0
20231125:0410,0,0,0,7.67,3.93,0
20231125:0510,0,0,0,7.87,4.69,0
20231125:0610,0,0,0,8.08,5.17,0
20231125:0710,6.07,18.01,2.3,8.18,4.83,0
20231125:0810,141.74,180.24,11.27,8.59,4.97,0
20231125:0910,133.9,171.31,18.73,9.87,5.45,0
20231125:1010,222.75,273.23,24.14,10.71,5.79,0
20231125:1110,597.83,733.15,26.91,11.36,5.66,0
20231125:1210,610.76,756.16,26.7,12.2,5.24,0
20231125:1310,620.75,774.11,23.53,12.57,4.76,0
20231125:1410,490.4,605.06,17.8,12.79,4.34,0
20231125:1510,222.04,279.67,10.1,12.33,4,0
20231125:1610,0,0,0,11.03,3.79,0
20231125:1710,0,0,0,9.73,3.66,0
20231125:1810,0,0,0,8.78,3.31,0
20231125:1910,0,0,0,8.73,3.31,0
20231125:2010,0,0,0,8.27,3.17,0
20231125:2110,0,0,0,7.95,2.97,0
20231125:2210,0,0,0,7.56,2.69,0
20231125:2310,0,0,0,7.24,2.21,0
20231126:0010,0,0,0,6.94,1.79,0
20231126:0110,0,0,0,6.33,1.52,0
20231126:0210,0,0,0,6.07,1.31,0
20231126:0310,0,0,0,6.2,1.1,0
20231126:0410,0,0,0,6.47,0.9,0
20231126:0510,0,0,0,6.94,0.69,0
20231126:0610,0,0,0,6.97,0.62,0
20231126:0710,0.8,7.57,2.11,6.23,0.83,0
20231126:0810,73.27,101.61,11.07,7.16,0.41,0
20231126:0910,123.7,160.78,18.53,8.78,0.34,0
20231126:1010,586.61,758.43,23.93,10.03,0.76,0
20231126:1110,620.76,811.2,26.71,11.37,1.1,0
20231126:1210,616.57,805.02,26.51,12.41,1.38,0
20231126:1310,550.29,706.71,23.37,13.17,1.59,0
20231126:1410,423.25,532.84,17.67,13.54,1.66,0
20231126:1510,217.83,279.4,9.99,13.61,1.31,0
20231126:1610,0,0,0,12.73,1.38,0
20231126:1710,0,0,0,11.38,1.03,0
20231126:1810,0,0,0,11.14,0.07,0
20231126:1910,0,0,0,8.86,1.24,0
20231126:2010,0,0,0,7.85,1.72,0
20231126:2110,0,0,0,7.35,1.93,0
20231126:2210,0,0,0,6.39,1.93,0
20231126:2310,0,0,0,5.82,1.79,0
20231127:0010,0,0,0,5.62,1.66,0
20231127:0110,0,0,0,5.65,1.52,0
20231127:0210,0,0,0,5.98,1.52,0
20231127:0310,0,0,0,6.31,1.59,0
20231127:0410,0,0,0,6.51,1.72,0
20231127:0510,0,0,0,6.44,1.93,0
20231127:0610,0,0,0,6.45,1.86,0
20231127:0710,0.4,6.62,1.92,6.58,1.86,0
20231127:0810,208.65,258.64,10.87,6.98,1.52,0
20231127:0910,157.91,200.66,18.33,9.91,1.1,0
20231127:1010,167.7,214.69,23.73,11.8,0.69,0
20231127:1110,475.47,617.02,26.52,13.03,0,0
20231127:1210,386.3,489.17,26.34,13.77,0.76,0
20231127:1310,561.41,733.18,23.22,14.2,1.1,0
20231127:1410,399.21,504.33,17.54,14.28,1.38,0
20231127:1510,98.16,134.42,9.88,13.89,1.59,0
20231127:1610,0,0,0,12.78,1.59,0
20231127:1710,0,0,0,11.77,1.24,0
20231127:1810,0,0,0,10.87,0.83,0
20231127:1910,0,0,0,11.4,0.41,0
20231127:2010,0,0,0,9.98,1.1,0
20231127:2110,0,0,0,8.89,1.66,0
20231127:2210,0,0,0,8.79,1.72,0
20231127:2310,0,0,0,8.63,1.59,0
20231128:0010,0,0,0,8.28,1.72,0
20231128:0110,0,0,0,7.84,1.72,0
20231128:0210,0,0,0,7.5,1.79,0
20231128:0310,0,0,0,7.19,1.72,0
20231128:0410,0,0,0,6.93,1.66,0
20231128:0510,0,0,0,6.57,1.66,0
20231128:0610,0,0,0,6.36,1.79,0
20231128:0710,0.4,6.62,1.73,6.57,1.72,0
20231128:0810,42.37,64.82,10.68,7.15,1.45,0
20231128:0910,85.44,117.11,18.13,10.41,1.03,0
20231128:1010,80.47,112.57,23.53,12.97,1.24,0
20231128:1110,538.05,695.37,26.33,14.03,1.38,0
20231128:1210,96.3,132.44,26.17,14.72,1.24,0
20231128:1310,212.61,271.42,23.07,14.95,0.83,0
20231128:1410,76.75,108.67,17.42,14.75,1.66,0
20231128:1510,90.41,125.13,9.79,14.11,2,0
20231128:1610,0,0,0,13.04,2.07,0
20231128:1710,0,0,0,11.81,2.28,0
20231128:1810,0,0,0,11.19,2.55,0
20231128:1910,0,0,0,11.19,1.79,0
20231128:2010,0,0,0,10.58,2.14,0
20231128:2110,0,0,0,10.05,2.28,0
20231128:2210,0,0,0,9.75,2.14,0
20231128:2310,0,0,0,9.29,1.79,0
20231129:0010,0,0,0,8.75,1.38,0
20231129:0110,0,0,0,8.81,0.97,0
20231129:0210,0,0,0,8.6,0.9,0
20231129:0310,0,0,0,8.38,1.1,0
20231129:0410,0,0,0,8.02,1.1,0
20231129:0510,0,0,0,7.96,0.9,0
20231129:0610,0,0,0,8.09,0.69,0
20231129:0710,0,0.95,1.55,7.99,0.83,0
20231129:0810,17.1,33.11,10.49,8.24,0.76,0
20231129:0910,21.95,39.73,17.94,9.6,1.31,0
20231129:1010,32.2,52.97,23.34,10.36,2.21,0
20231129:1110,40.49,63.38,26.15,10.85,2.76,0
20231129:1210,40.43,63.38,26.01,11.24,3.17,0
20231129:1310,29.8,50.14,22.93,11.48,3.24,0
20231129:1410,31.22,52.03,17.31,11.92,3.24,0
20231129:1510,28.45,48.6,9.7,12.39,3.38,0
20231129:1610,0,0,0,12.51,3.1,0
20231129:1710,0,0,0,12.08,3.24,0
20231129:1810,0,0,0,11.61,3.24,0
20231129:1910,0,0,0,11.65,3.79,0
20231129:2010,0,0,0,11.94,4.07,0
20231129:2110,0,0,0,12.14,4,0
20231129:2210,0,0,0,12.11,3.79,0
20231129:2310,0,0,0,12.21,3.59,0
20231130:0010,0,0,0,12.54,3.52,0
20231130:0110,0,0,0,12.93,3.31,0
20231130:0210,0,0,0,13.25,3.1,0
20231130:0310,0,0,0,12.85,2.28,0
20231130:0410,0,0,0,12.29,1.86,0
20231130:0510,0,0,0,11.52,1.79,0
20231130:0610,0,0,0,10.68,1.79,0
20231130:0710,0,2.84,1.37,10.77,3.24,0
20231130:0810,109.72,146.43,10.31,12.32,3.31,0
20231130:0910,364.33,452.04,17.75,14.73,3.38,0
20231130:1010,516.01,658.4,23.16,16.56,2.9,0
20231130:1110,596.04,772.51,25.97,18.02,3.52,0
20231130:1210,521.57,666.19,25.85,18.84,4.14,0
20231130:1310,476.84,605.31,22.8,19.52,4.55,0
20231130:1410,361.48,457.7,17.2,19.32,3.79,0
20231130:1510,176.98,232.36,9.62,18.61,4.14,0
20231130:1610,0,0,0,17.22,4.21,0
20231130:1710,0,0,0,15.98,4.28,0
20231130:1810,0,0,0,15.41,4.62,0
20231130:1910,0,0,0,15.53,3.86,0
20231130:2010,0,0,0,15.66,4.21,0
20231130:2110,0,0,0,15.96,4.55,0
20231130:2210,0,0,0,16.24,4.62,0
20231130:2310,0,0,0,16.62,4,0
20231201:0010,0,0,0,16.52,2.83,0
20231201:0110,0,0,0,16.13,1.03,0
20231201:0210,0,0,0,13.38,1.52,0
20231201:0310,0,0,0,12.23,1.86,0
20231201:0410,0,0,0,11.44,2,0
20231201:0510,0,0,0,10.99,2.14,0
20231201:0610,0,0,0,10.95,2.07,0
20231201:0710,0,0,0,10.29,1.03,0
20231201:0810,7.66,19.87,10.13,10.98,1.03,0
20231201:0910,10.11,23.65,17.57,11.97,1.1,0
20231201:1010,15.97,32.16,22.98,13.29,1.1,0
20231201:1110,101.78,138.38,25.81,13.74,1.17,0
20231201:1210,140.77,185.2,25.7,14.5,1.03,0
20231201:1310,43.4,68.11,22.67,14.67,0.9,0
20231201:1410,46.56,71.89,17.1,14.46,2,0
20231201:1510,30.57,51.52,9.54,13.38,2.9,0
20231201:1610,0,0,0,11.88,3.31,0
20231201:1710,0,0,0,10.6,2.83,0
20231201:1810,0,0,0,9.84,2,0
20231201:1910,0,0,0,9.88,1.79,0
20231201:2010,0,0,0,9.6,1.38,0
20231201:2110,0,0,0,9.14,1.03,0
20231201:2210,0,0,0,9.04,1.17,0
20231201:2310,0,0,0,8.87,1.1,0
20231202:0010,0,0,0,8.92,0.07,0
20231202:0110,0,0,0,8.81,0.69,0
20231202:0210,0,0,0,8.46,0.62,0
20231202:0310,0,0,0,7.56,0.97,0
20231202:0410,0,0,0,7.31,0.97,0
20231202:0510,0,0,0,7.81,0.83,0
20231202:0610,0,0,0,7.65,0.83,0
20231202:0710,0,0,0,6.19,1.1,0
20231202:0810,274.73,340.26,9.95,7.08,0.9,0
20231202:0910,463.77,580.14,17.39,9.35,0.9,0
20231202:1010,575.19,733.89,22.81,10.38,1.38,0
20231202:1110,296.84,367.52,25.64,11.02,1.24,0
20231202:1210,141.41,183.06,25.56,11.37,1.72,0
20231202:1310,570.94,719.12,22.56,11.31,2.48,0
20231202:1410,38.97,61.49,17.01,10.87,3.24,0
20231202:1510,8.95,21.76,9.47,10.19,3.45,0
20231202:1610,0,0,0,9.44,3.17,0
20231202:1710,0,0,0,8.81,3.03,0
20231202:1810,0,0,0,8.41,2.97,0
20231202:1910,0,0,0,7.89,2.83,0
20231202:2010,0,0,0,7.52,2.76,0
20231202:2110,0,0,0,7.04,2.69,0
20231202:2210,0,0,0,6.91,2.28,0
20231202:2310,0,0,0,6.7,2.07,0
20231203:0010,0,0,0,6.36,1.93,0
20231203:0110,0,0,0,5.76,1.79,0
20231203:0210,0,0,0,5.42,1.66,0
20231203:0310,0,0,0,5.52,1.72,0
20231203:0410,0,0,0,5.4,1.79,0
20231203:0510,0,0,0,4.95,1.86,0
20231203:0610,0,0,0,4.86,1.59,0
20231203:0710,0,0,0,4.11,1.93,0
20231203:0810,276.62,336.91,9.78,4.33,1.52,0
20231203:0910,468.54,575.37,17.22,6.66,1.31,0
20231203:1010,580.32,735.59,22.64,8.27,1.17,0
20231203:1110,615.12,798.2,25.49,9.42,0.83,0
20231203:1210,623.59,817.29,25.42,10.7,0.83,0
20231203:1310,554.84,708.2,22.45,11.24,1.38,0
20231203:1410,428.83,532.2,16.93,11.55,2.14,0
20231203:1510,199.5,252.82,9.41,11.28,2.48,0
20231203:1610,0,0,0,10.31,2.62,0
20231203:1710,0,0,0,9.2,2.83,0
20231203:1810,0,0,0,8.83,3.03,0
20231203:1910,0,0,0,8.02,2.76,0
20231203:2010,0,0,0,7.6,3.03,0
20231203:2110,0,0,0,7.34,3.24,0
20231203:2210,0,0,0,7.24,3.38,0
20231203:2310,0,0,0,7.24,3.72,0
20231204:0010,0,0,0,7.84,4.28,0
20231204:0110,0,0,0,8.51,4.76,0
20231204:0210,0,0,0,8.75,4.83,0
20231204:0310,0,0,0,9.01,4.62,0
20231204:0410,0,0,0,9.38,4.69,0
20231204:0510,0,0,0,9.77,5.03,0
20231204:0610,0,0,0,9.92,5.24,0
20231204:0710,0,0,0,9.92,5.52,0
20231204:0810,51.6,76.6,9.62,10.16,5.66,0
20231204:0910,192.85,238.42,17.06,10.64,5.86,0
20231204:1010,535.22,647.71,22.48,11.41,6.41,0
20231204:1110,614.84,754.05,25.34,12.34,6.48,0
20231204:1210,637.32,788.72,25.29,13.25,6.28,0
20231204:1310,561.83,694.55,22.34,13.76,5.45,0
20231204:1410,429.53,529.99,16.85,13.92,4.28,0
20231204:1510,244.2,310.22,9.35,13.6,2.55,0
20231204:1610,0,0,0,12.48,2,0
20231204:1710,0,0,0,11.04,1.79,0
20231204:1810,0,0,0,9.86,1.86,0
20231204:1910,0,0,0,8.96,1.93,0
20231204:2010,0,0,0,7.85,2,0
20231204:2110,0,0,0,7.33,1.93,0
20231204:2210,0,0,0,7,1.86,0
20231204:2310,0,0,0,6.89,1.86,0
20231205:0010,0,0,0,6.9,1.86,0
20231205:0110,0,0,0,7.3,1.86,0
20231205:0210,0,0,0,7.53,2.55,0
20231205:0310,0,0,0,7.59,2.76,0
20231205:0410,0,0,0,7.87,2.55,0
20231205:0510,0,0,0,7.64,2.14,0
20231205:0610,0,0,0,7.21,1.93,0
20231205:0710,0,0,0,7.86,1.79,0
20231205:0810,293,363.6,9.45,7.98,1.45,0
20231205:0910,447.48,555.92,16.9,9.4,1.24,0
20231205:1010,577.91,741.55,22.32,10.38,1.1,0
20231205:1110,576.99,756.68,25.2,11.03,0.28,0
20231205:1210,614.9,815.29,25.17,11.75,0.48,0
20231205:1310,447.5,563.72,22.25,12.08,1.1,0
20231205:1410,361.25,450.35,16.77,12.43,1.38,0
20231205:1510,278.5,354.16,9.3,12.26,1.03,0
20231205:1610,0,0,0,11.37,1.17,0
20231205:1710,0,0,0,10.02,1.03,0
20231205:1810,0,0,0,9.42,0.83,0
20231205:1910,0,0,0,9.59,0.62,0
20231205:2010,0,0,0,9.34,0.34,0
20231205:2110,0,0,0,8.1,1.03,0
20231205:2210,0,0,0,7.29,1.45,0
20231205:2310,0,0,0,7.07,1.59,0
20231206:0010,0,0,0,7.22,1.52,0
20231206:0110,0,0,0,7.17,1.59,0
20231206:0210,0,0,0,7.04,1.79,0
20231206:0310,0,0,0,7.11,2.07,0
20231206:0410,0,0,0,7.46,2,0
20231206:0510,0,0,0,7.58,1.93,0
20231206:0610,0,0,0,7.67,1.93,0
20231206:0710,0,0,0,7.26,1.66,0
20231206:0810,228.39,283.65,9.3,7.21,1.45,0
20231206:0910,453.17,563.3,16.74,8.45,0.9,0
20231206:1010,557.23,710.31,22.18,9.92,1.03,0
20231206:1110,605.8,789.99,25.07,10.82,0.83,0
20231206:1210,605.92,795.77,25.06,11.49,0.69,0
20231206:1310,531.52,688.99,22.16,12.17,0.48,0
20231206:1410,410.19,520.42,16.71,12.66,0.48,0
20231206:1510,222.23,282.84,9.26,12.33,1.52,0
20231206:1610,0,0,0,11.14,1.72,0
20231206:1710,0,0,0,9.92,1.52,0
20231206:1810,0,0,0,8.85,0.97,0
20231206:1910,0,0,0,9.69,0.14,0
20231206:2010,0,0,0,9.16,0.41,0
20231206:2110,0,0,0,8.31,0.9,0
20231206:2210,0,0,0,6.52,1.17,0
20231206:2310,0,0,0,4.84,1.59,0
20231207:0010,0,0,0,4.2,1.66,0
20231207:0110,0,0,0,3.75,1.59,0
20231207:0210,0,0,0,3.5,1.59,0
20231207:0310,0,0,0,3.54,1.72,0
20231207:0410,0,0,0,3.33,1.86,0
20231207:0510,0,0,0,3.09,1.93,0
20231207:0610,0,0,0,2.93,1.93,0
20231207:0710,0,0,0,3.03,1.72,0
20231207:0810,160.2,199.67,9.15,3.42,1.45,0
20231207:0910,454.03,557.6,16.59,6.11,0.9,0
20231207:1010,487.19,616.86,22.04,9.21,0.28,0
20231207:1110,558.26,723.8,24.94,11.11,0.55,0
20231207:1210,600.6,779.3,24.95,12.65,1.52,0
20231207:1310,542.01,687.03,22.07,14.02,2.69,0
20231207:1410,453.42,565.65,16.65,14.66,3.59,0
20231207:1510,177.72,228.67,9.22,14.19,4,0
20231207:1610,0,0,0,13.13,4.07,0
20231207:1710,0,0,0,12.13,4,0
20231207:1810,0,0,0,11.56,4.07,0
20231207:1910,0,0,0,10.98,3.72,0
20231207:2010,0,0,0,10.68,3.45,0
20231207:2110,0,0,0,10.3,2.97,0
20231207:2210,0,0,0,10.24,2.34,0
20231207:2310,0,0,0,10.02,1.59,0
20231208:0010,0,0,0,9.43,1.1,0
20231208:0110,0,0,0,8.76,1.45,0
20231208:0210,0,0,0,8.54,1.59,0
20231208:0310,0,0,0,8.43,1.52,0
20231208:0410,0,0,0,8.43,1.59,0
20231208:0510,0,0,0,8.55,1.72,0
20231208:0610,0,0,0,8.64,1.66,0
20231208:0710,0,0,0,8.18,1.72,0
20231208:0810,44.86,68.13,9,8.07,1.72,0
20231208:0910,81.56,111.74,16.45,9.13,1.59,0
20231208:1010,455.91,570.43,21.9,10.78,1.17,0
20231208:1110,619.74,822.46,24.82,12.58,0.69,0
20231208:1210,610.11,822.09,24.85,13.85,0.28,0
20231208:1310,546.3,724.79,22,14.52,0.21,0
20231208:1410,436.44,558.44,16.6,14.73,0.97,0
20231208:1510,123.65,165.15,9.19,14.24,1.72,0
20231208:1610,0,0,0,12.94,2,0
20231208:1710,0,0,0,11.8,1.93,0
20231208:1810,0,0,0,10.53,1.66,0
20231208:1910,0,0,0,10.04,1.72,0
20231208:2010,0,0,0,9.05,2,0
20231208:2110,0,0,0,8.54,2.14,0
20231208:2210,0,0,0,8.22,2.34,0
20231208:2310,0,0,0,7.28,2.28,0
20231209:0010,0,0,0,6.33,2.21,0
20231209:0110,0,0,0,5.72,2.21,0
20231209:0210,0,0,0,5.01,2.07,0
20231209:0310,0,0,0,4.54,2,0
20231209:0410,0,0,0,4.62,1.86,0
20231209:0510,0,0,0,4.81,1.86,0
20231209:0610,0,0,0,4.56,1.86,0
20231209:0710,0,0,0,4.76,1.72,0
20231209:0810,276.13,339.26,8.86,5.34,1.45,0
20231209:0910,323.94,397.52,16.31,8.51,0.76,0
20231209:1010,576.93,740.86,21.77,11.52,1.38,0
20231209:1110,579.89,739.27,24.71,12.98,2.41,0
20231209:1210,584.42,747.55,24.76,13.78,2.55,0
20231209:1310,272.55,340.22,21.93,14.25,2.28,0
20231209:1410,151.41,196.06,16.56,14.42,2.28,0
20231209:1510,97.27,133.3,9.16,14.17,2.28,0
20231209:1610,0,0,0,12.96,2.48,0
20231209:1710,0,0,0,11.22,2.48,0
20231209:1810,0,0,0,10.23,2.48,0
20231209:1910,0,0,0,11.16,2.14,0
20231209:2010,0,0,0,10.86,2.07,0
20231209:2110,0,0,0,10.58,1.93,0
20231209:2210,0,0,0,10.06,2.07,0
20231209:2310,0,0,0,9.26,2,0
20231210:0010,0,0,0,8.46,1.93,0
20231210:0110,0,0,0,8.19,1.86,0
20231210:0210,0,0,0,8.21,1.72,0
20231210:0310,0,0,0,8.3,1.86,0
20231210:0410,0,0,0,8.29,1.93,0
20231210:0510,0,0,0,8.06,1.86,0
20231210:0610,0,0,0,7.66,1.86,0
20231210:0710,0,0,0,7.62,2.07,0
20231210:0810,278.65,344.79,8.72,7.3,1.86,0
20231210:0910,269.86,333.09,16.18,9.85,0.9,0
20231210:1010,537.94,698.35,21.65,13.6,0.9,0
20231210:1110,525.55,673.07,24.6,15.05,2.14,0
20231210:1210,603.56,779,24.68,16.05,3.1,0
20231210:1310,521.42,663.09,21.87,16.31,3.17,0
20231210:1410,402.22,505.33,16.52,16.3,3.1,0
20231210:1510,203.46,262.4,9.15,15.81,2.9,0
20231210:1610,0,0,0,14.28,2.62,0
20231210:1710,0,0,0,12.69,2.34,0
20231210:1810,0,0,0,11.51,2.34,0
20231210:1910,0,0,0,11.72,2,0
20231210:2010,0,0,0,10.46,1.93,0
20231210:2110,0,0,0,9.32,1.86,0
20231210:2210,0,0,0,8.53,1.79,0
20231210:2310,0,0,0,8.04,1.86,0
20231211:0010,0,0,0,7.65,2,0
20231211:0110,0,0,0,7.77,2.14,0
20231211:0210,0,0,0,7.98,2.28,0
20231211:0310,0,0,0,8.17,2.41,0
20231211:0410,0,0,0,8.28,2.34,0
20231211:0510,0,0,0,7.81,2.41,0
20231211:0610,0,0,0,7.19,2.34,0
20231211:0710,0,0,0,8.15,2.21,0
20231211:0810,129.99,168.84,8.59,8.66,2,0
20231211:0910,191.02,240.25,16.06,11.56,1.59,0
20231211:1010,539.15,704.21,21.54,15.32,1.1,0
20231211:1110,515.89,686.77,24.5,17.77,0.55,0
20231211:1210,514.85,694.58,24.6,18.87,0.21,0
20231211:1310,429.08,564.36,21.82,19.19,0.48,0
20231211:1410,313.07,403.27,16.49,18.9,0.97,0
20231211:1510,141.86,190.3,9.14,17.79,1.17,0
20231211:1610,0,0,0,16.27,1.03,0
20231211:1710,0,0,0,15.27,0.62,0
20231211:1810,0,0,0,14.44,0.76,0
20231211:1910,0,0,0,12.68,1.66,0
20231211:2010,0,0,0,12.24,2.21,0
20231211:2110,0,0,0,11.37,2.28,0
20231211:2210,0,0,0,10.19,2.14,0
20231211:2310,0,0,0,9.62,2.07,0
20231212:0010,0,0,0,9.48,2,0
20231212:0110,0,0,0,9.7,2,0
20231212:0210,0,0,0,9.87,1.93,0
20231212:0310,0,0,0,9.61,1.86,0
20231212:0410,0,0,0,9.16,2,0
20231212:0510,0,0,0,8.95,2.28,0
20231212:0610,0,0,0,8.73,2.34,0
20231212:0710,0,0,0,9.73,2.48,0
20231212:0810,5.33,16.08,8.47,9.78,2.34,0
20231212:0910,50.36,75.68,15.94,11.41,1.72,0
20231212:1010,215.67,273.14,21.43,13.97,1.1,0
20231212:1110,209.97,269.8,24.41,15.84,0.62,0
20231212:1210,289.79,371.61,24.53,17,0.41,0
20231212:1310,210.97,271.88,21.77,17.23,0.9,0
20231212:1410,142.96,189.12,16.46,17.13,1.03,0
20231212:1510,108.27,148.43,9.13,16.47,0.83,0
20231212:1610,0,0,0,15.11,0.69,0
20231212:1710,0,0,0,13.86,0.76,0
20231212:1810,0,0,0,12.19,1.31,0
20231212:1910,0,0,0,12.79,1.1,0
20231212:2010,0,0,0,12.56,0.97,0
20231212:2110,0,0,0,11.93,0.97,0
20231212:2210,0,0,0,11.98,0.76,0
20231212:2310,0,0,0,10.87,1.1,0
20231213:0010,0,0,0,10.83,0.97,0
20231213:0110,0,0,0,11.56,0.62,0
20231213:0210,0,0,0,11.07,0.76,0
20231213:0310,0,0,0,10.39,1.72,0
20231213:0410,0,0,0,10.8,2.34,0
20231213:0510,0,0,0,10.9,2,0
20231213:0610,0,0,0,10.51,1.59,0
20231213:0710,0,0,0,10.86,0.14,0
20231213:0810,7.08,18.92,8.35,10.41,0.48,0
20231213:0910,34.41,55.81,15.83,10.27,0.62,0
20231213:1010,65.25,93.65,21.33,11.09,0.69,0
20231213:1110,113.34,150.61,24.33,11.65,1.31,0
20231213:1210,119.42,157.63,24.47,12.05,2.21,0
20231213:1310,230.99,287.89,21.73,12.23,2,0
20231213:1410,237.32,295.9,16.45,12.56,1.86,0
20231213:1510,236.72,299.85,9.14,12.56,2.07,0
20231213:1610,0,0,0,11.48,1.93,0
20231213:1710,0,0,0,10.44,1.72,0
20231213:1810,0,0,0,9.77,1.45,0
20231213:1910,0,0,0,9.75,0.69,0
20231213:2010,0,0,0,7.78,1.38,0
20231213:2110,0,0,0,6.4,1.52,0
20231213:2210,0,0,0,5.81,1.45,0
20231213:2310,0,0,0,5.1,1.86,0
20231214:0010,0,0,0,5.17,2.07,0
20231214:0110,0,0,0,5.25,1.93,0
20231214:0210,0,0,0,5.24,2.14,0
20231214:0310,0,0,0,5,2.21,0
20231214:0410,0,0,0,5.67,2,0
20231214:0510,0,0,0,5.34,2.28,0
20231214:0610,0,0,0,4.92,2.55,0
20231214:0710,0,0,0,5.12,2.83,0
20231214:0810,235.52,289.17,8.23,5.34,2.76,0
20231214:0910,451.01,549.25,15.72,7.89,2.48,0
20231214:1010,563.54,705.45,21.24,10.25,2.41,0
20231214:1110,631.02,800.39,24.25,11.66,3.03,0
20231214:1210,630.79,791.72,24.42,12.42,4.21,0
20231214:1310,553.87,689,21.7,12.89,4.07,0
20231214:1410,443.46,546.92,16.44,12.82,3.72,0
20231214:1510,245.74,308.63,9.15,12.3,3.38,0
20231214:1610,0,0,0,11,3.03,0
20231214:1710,0,0,0,9.66,2.97,0
20231214:1810,0,0,0,8.86,2.97,0
20231214:1910,0,0,0,8.59,3.17,0
20231214:2010,0,0,0,8.02,3.1,0
20231214:2110,0,0,0,7.43,3.1,0
20231214:2210,0,0,0,6.89,3.1,0
20231214:2310,0,0,0,6.29,2.83,0
20231215:0010,0,0,0,5.61,2.69,0
20231215:0110,0,0,0,5.11,2.69,0
20231215:0210,0,0,0,4.78,2.76,0
20231215:0310,0,0,0,4.63,2.76,0
20231215:0410,0,0,0,4.6,2.69,0
20231215:0510,0,0,0,4.52,2.83,0
20231215:0610,0,0,0,4.7,2.9,0
20231215:0710,0,0,0,5.18,2.76,0
20231215:0810,95.99,127.51,8.13,5.85,2.76,0
20231215:0910,429.93,522.84,15.62,8.42,2.69,0
20231215:1010,524.02,652.07,21.15,11.63,2.97,0
20231215:1110,540.82,674.73,24.19,13.29,3.86,0
20231215:1210,627.78,792.81,24.37,14.06,4.41,0
20231215:1310,537.09,669.97,21.68,14.45,4.41,0
20231215:1410,441.94,548.32,16.44,14.46,4,0
20231215:1510,247.01,312.11,9.16,13.75,3.45,0
20231215:1610,0,0,0,12.37,3.31,0
20231215:1710,0,0,0,11.06,3.17,0
20231215:1810,0,0,0,10.13,2.9,0
20231215:1910,0,0,0,10.06,2.9,0
20231215:2010,0,0,0,9.32,3.1,0
20231215:2110,0,0,0,8.73,3.38,0
20231215:2210,0,0,0,8.04,3.17,0
20231215:2310,0,0,0,7.4,2.83,0
20231216:0010,0,0,0,6.91,3.1,0
20231216:0110,0,0,0,6.31,2.48,0
20231216:0210,0,0,0,5.33,2.48,0
20231216:0310,0,0,0,4.71,2.41,0
20231216:0410,0,0,0,4.26,2.34,0
20231216:0510,0,0,0,3.92,2.48,0
20231216:0610,0,0,0,3.84,2.55,0
20231216:0710,0,0,0,4.41,2.69,0
20231216:0810,235.67,289.16,8.02,4.59,2.34,0
20231216:0910,442.06,538.76,15.53,7.38,2.07,0
20231216:1010,559.44,698.73,21.07,10.42,2.62,0
20231216:1110,628.75,790.8,24.12,11.64,3.66,0
20231216:1210,634.33,801.14,24.33,12.22,3.66,0
20231216:1310,548.92,685.59,21.66,12.4,3.38,0
20231216:1410,455.16,562.91,16.44,12.22,3.17,0
20231216:1510,264.08,330.89,9.18,11.62,2.69,0
20231216:1610,0,0,0,10.43,2.28,0
20231216:1710,0,0,0,9.34,1.72,0
20231216:1810,0,0,0,7.98,1.52,0
20231216:1910,0,0,0,7.81,2.28,0
20231216:2010,0,0,0,7.15,2.21,0
20231216:2110,0,0,0,6.74,2.21,0
20231216:2210,0,0,0,6.26,2.21,0
20231216:2310,0,0,0,5.86,2.28,0
20231217:0010,0,0,0,5.62,2.41,0
20231217:0110,0,0,0,5.68,2.48,0
20231217:0210,0,0,0,5.16,2.48,0
20231217:0310,0,0,0,4.69,2.41,0
20231217:0410,0,0,0,3.94,2.34,0
20231217:0510,0,0,0,3.25,2.21,0
20231217:0610,0,0,0,2.82,2.14,0
20231217:0710,0,0,0,3.58,2.21,0
20231217:0810,232.07,284.1,7.93,3.59,2.07,0
20231217:0910,440.52,536.3,15.44,6.05,1.52,0
20231217:1010,543.52,689.05,21,10.3,1.31,0
20231217:1110,604.5,788.11,24.07,12.31,1.24,0
20231217:1210,603.03,793.44,24.3,13.45,1.1,0
20231217:1310,528.45,684.51,21.65,13.96,1.03,0
20231217:1410,433.68,551.18,16.45,14,1.17,0
20231217:1510,256.48,327.14,9.21,13.39,1.1,0
20231217:1610,0,0,0,11.95,0.97,0
20231217:1710,0,0,0,11.25,0.62,0
20231217:1810,0,0,0,9.88,0.97,0
20231217:1910,0,0,0,7.57,1.24,0
20231217:2010,0,0,0,6.51,2.28,0
20231217:2110,0,0,0,5.51,2.41,0
20231217:2210,0,0,0,4.56,2.34,0
20231217:2310,0,0,0,3.77,2.34,0
20231218:0010,0,0,0,3.14,2.28,0
20231218:0110,0,0,0,2.6,2.28,0
20231218:0210,0,0,0,2.12,2.28,0
20231218:0310,0,0,0,1.75,2.28,0
20231218:0410,0,0,0,1.52,2.28,0
20231218:0510,0,0,0,1.44,2.28,0
20231218:0610,0,0,0,1.4,2.28,0
20231218:0710,0,0,0,2.8,2.28,0
20231218:0810,217.81,266.81,7.84,3.14,2.14,0
20231218:0910,435.11,528.31,15.36,5.8,1.59,0
20231218:1010,536.89,680.65,20.93,10.35,1.24,0
20231218:1110,593.29,779.78,24.02,13.24,0.97,0
20231218:1210,588.57,785.45,24.28,14.75,0.62,0
20231218:1310,510.26,677.41,21.65,15.52,0,0
20231218:1410,429.27,556.33,16.47,15.64,0.34,0
20231218:1510,254.32,328.29,9.25,15.08,0.55,0
20231218:1610,0,0,0,14.22,0.41,0
20231218:1710,0,0,0,11.2,1.31,0
20231218:1810,0,0,0,9.12,1.86,0
20231218:1910,0,0,0,7.98,2.07,0
20231218:2010,0,0,0,7.59,2.41,0
20231218:2110,0,0,0,6.2,2.34,0
20231218:2210,0,0,0,5.05,2.28,0
20231218:2310,0,0,0,4.35,2.21,0
20231219:0010,0,0,0,3.89,2.28,0
20231219:0110,0,0,0,3.46,2.34,0
20231219:0210,0,0,0,3.22,2.34,0
20231219:0310,0,0,0,3.11,2.34,0
20231219:0410,0,0,0,3.02,2.21,0
20231219:0510,0,0,0,3.01,2.14,0
20231219:0610,0,0,0,3.16,2.21,0
20231219:0710,0,0,0,3.24,2.28,0
20231219:0810,200.44,247.09,7.75,3.48,2.07,0
20231219:0910,424.79,517.41,15.29,6.24,1.38,0
20231219:1010,527.31,675.5,20.87,11.16,0.76,0
20231219:1110,575.07,768,23.98,14.22,0.28,0
20231219:1210,582.38,781.6,24.26,15.49,0.48,0
20231219:1310,514.8,675.28,21.66,16.14,0.83,0
20231219:1410,426.25,548.46,16.5,16.1,0.97,0
20231219:1510,257.9,330.97,9.29,15.08,1.31,0
20231219:1610,0,0,0,13.35,1.38,0
20231219:1710,0,0,0,11.87,0.76,0
20231219:1810,0,0,0,11.54,0.55,0
20231219:1910,0,0,0,10.71,0.9,0
20231219:2010,0,0,0,10.34,0.76,0
20231219:2110,0,0,0,10.04,0.69,0
20231219:2210,0,0,0,9.52,0.28,0
20231219:2310,0,0,0,9.03,0.69,0
20231220:0010,0,0,0,8.56,0.97,0
20231220:0110,0,0,0,8.15,0.97,0
20231220:0210,0,0,0,7.99,1.03,0
20231220:0310,0,0,0,6.28,1.45,0
20231220:0410,0,0,0,5.62,2,0
20231220:0510,0,0,0,5.05,2.07,0
20231220:0610,0,0,0,4.54,2.07,0
20231220:0710,0,0,0,5.2,1.79,0
20231220:0810,241.41,299.16,7.67,5.65,1.66,0
20231220:0910,321.53,391.26,15.22,7.6,1.31,0
20231220:1010,161.83,206.54,20.82,11.08,0.97,0
20231220:1110,111.31,148.78,23.95,12.83,1.79,0
20231220:1210,435.96,541.51,24.25,13.32,2.9,0
20231220:1310,532.9,670.66,21.67,13.11,2.76,0
20231220:1410,435.8,544.87,16.53,13.54,2.41,0
20231220:1510,266.65,336.74,9.34,13.25,2.41,0
20231220:1610,0,0,0,11.65,2.76,0
20231220:1710,0,0,0,9.95,2.97,0
20231220:1810,0,0,0,8.77,3.03,0
20231220:1910,0,0,0,8.41,3.1,0
20231220:2010,0,0,0,7.34,2.9,0
20231220:2110,0,0,0,6.54,2.76,0
20231220:2210,0,0,0,5.88,2.69,0
20231220:2310,0,0,0,5.33,2.55,0
20231221:0010,0,0,0,4.79,2.28,0
20231221:0110,0,0,0,4.33,2.14,0
20231221:0210,0,0,0,3.99,2.07,0
20231221:0310,0,0,0,3.85,2.07,0
20231221:0410,0,0,0,3.8,2,0
20231221:0510,0,0,0,3.68,2,0
20231221:0610,0,0,0,3.56,2.07,0
20231221:0710,0,0,0,3.98,2.28,0
20231221:0810,108.14,141.04,7.6,4.06,2,0
20231221:0910,398.99,484.61,15.16,6.01,1.24,0
20231221:1010,153.11,196.14,20.78,10.42,0.55,0
20231221:1110,622.62,823.04,23.93,12.02,0.76,0
20231221:1210,525.24,675.61,24.25,12.81,1.03,0
20231221:1310,333.19,416.09,21.69,13.18,1.24,0
20231221:1410,470.74,600.87,16.57,13.26,1.03,0
20231221:1510,164.84,213.94,9.39,13.03,0.76,0
20231221:1610,0,0,0,12.08,0.83,0
20231221:1710,0,0,0,10.12,1.31,0
20231221:1810,0,0,0,8.52,1.38,0
20231221:1910,0,0,0,8.11,1.31,0
20231221:2010,0,0,0,6.83,1.59,0
20231221:2110,0,0,0,6.05,1.72,0
20231221:2210,0,0,0,5.59,1.79,0
20231221:2310,0,0,0,5.31,1.93,0
20231222:0010,0,0,0,4.76,2,0
20231222:0110,0,0,0,4.71,2.07,0
20231222:0210,0,0,0,4.84,2.21,0
20231222:0310,0,0,0,5.07,2.34,0
20231222:0410,0,0,0,5.18,2.48,0
20231222:0510,0,0,0,5.19,2.34,0
20231222:0610,0,0,0,4.82,2.14,0
20231222:0710,0,0,0,5.75,2.14,0
20231222:0810,68.06,95.29,7.53,5.64,1.86,0
20231222:0910,269.11,329.03,15.1,7.67,0.9,0
20231222:1010,412.64,520.71,20.74,12.11,0.55,0
20231222:1110,599.98,789.72,23.91,14.2,1.24,0
20231222:1210,584.29,764.59,24.26,15.05,1.59,0
20231222:1310,471.61,600.57,21.72,15.39,1.93,0
20231222:1410,400.76,505.43,16.62,15.26,2,0
20231222:1510,78.59,110.97,9.45,14.55,1.86,0
20231222:1610,0,0,0,13.07,1.66,0
20231222:1710,0,0,0,11.62,1.24,0
20231222:1810,0,0,0,10.47,1.1,0
20231222:1910,0,0,0,11.13,0.97,0
20231222:2010,0,0,0,9.49,1.31,0
20231222:2110,0,0,0,7.98,1.93,0
20231222:2210,0,0,0,7.08,2,0
20231222:2310,0,0,0,6.05,1.72,0
20231223:0010,0,0,0,5.37,1.66,0
20231223:0110,0,0,0,5.08,1.66,0
20231223:0210,0,0,0,5.06,1.66,0
20231223:0310,0,0,0,4.97,1.72,0
20231223:0410,0,0,0,4.73,1.79,0
20231223:0510,0,0,0,4.41,1.79,0
20231223:0610,0,0,0,4.03,1.79,0
20231223:0710,0,0,0,4.15,1.52,0
20231223:0810,177.43,222.5,7.47,4.87,1.52,0
20231223:0910,421.12,517.36,15.06,7.36,1.1,0
20231223:1010,521.75,666.35,20.71,10.87,0.76,0
20231223:1110,574.49,759.89,23.91,12.38,0.21,0
20231223:1210,589.31,770.22,24.27,12.98,1.1,0
20231223:1310,526.03,672,21.76,13.4,1.66,0
20231223:1410,422.54,531.97,16.67,13.4,1.52,0
20231223:1510,262.56,333.01,9.52,13.12,1.45,0
20231223:1610,0,0,0,12.24,1.24,0
20231223:1710,0,0,0,10.79,1.03,0
20231223:1810,0,0,0,10.88,0.48,0
20231223:1910,0,0,0,10.71,0.34,0
20231223:2010,0,0,0,10.33,0.48,0
20231223:2110,0,0,0,9.08,1.1,0
20231223:2210,0,0,0,6.87,1.59,0
20231223:2310,0,0,0,5.95,1.79,0
20231224:0010,0,0,0,5.33,1.79,0
20231224:0110,0,0,0,5.01,1.72,0
20231224:0210,0,0,0,5.11,1.59,0
20231224:0310,0,0,0,5.73,1.38,0
20231224:0410,0,0,0,5.71,1.45,0
20231224:0510,0,0,0,4.8,1.72,0
20231224:0610,0,0,0,4.34,2.07,0
20231224:0710,0,0,0,4.18,2.21,0
20231224:0810,180.21,223.48,7.42,2.95,2.07,0
20231224:0910,425.87,519.58,15.01,5.98,1.17,0
20231224:1010,526.02,676.36,20.69,10.93,0.48,0
20231224:1110,592.42,779.33,23.91,12.66,0.76,0
20231224:1210,589.48,774.5,24.29,13.58,1.03,0
20231224:1310,528.61,684.94,21.8,13.99,1.03,0
20231224:1410,430.3,547.98,16.73,14.04,0.97,0
20231224:1510,268.73,343.07,9.6,13.67,0.83,0
20231224:1610,0,0,0,12.5,0.55,0
20231224:1710,0,0,0,11.3,0.48,0
20231224:1810,0,0,0,8.85,1.66,0
20231224:1910,0,0,0,8.13,2,0
20231224:2010,0,0,0,7.09,2.14,0
20231224:2110,0,0,0,6.25,2,0
20231224:2210,0,0,0,5.99,2,0
20231224:2310,0,0,0,5.77,2.14,0
20231225:0010,0,0,0,5.32,2.14,0
20231225:0110,0,0,0,4.38,2.21,0
20231225:0210,0,0,0,3.7,2.21,0
20231225:0310,0,0,0,3.33,2.21,0
20231225:0410,0,0,0,3.01,2.28,0
20231225:0510,0,0,0,2.74,2.28,0
20231225:0610,0,0,0,2.44,2.28,0
20231225:0710,0,0,0,2.73,2.21,0
20231225:0810,173.83,216.15,7.37,2.92,2.07,0
20231225:0910,432.98,527.09,14.98,5.79,1.38,0
20231225:1010,524.61,671.94,20.67,10.98,0.69,0
20231225:1110,579.95,775.15,23.91,14.05,0.28,0
20231225:1210,571.12,769.98,24.32,15.37,0.14,0
20231225:1310,529.48,701.84,21.85,16.09,0.48,0
20231225:1410,432.17,558.64,16.8,16.24,0.76,0
20231225:1510,273.72,352.76,9.68,15.69,0.83,0
20231225:1610,0,0,0,13.78,0.97,0
20231225:1710,0,0,0,11.24,1.45,0
20231225:1810,0,0,0,9.53,2,0
20231225:1910,0,0,0,8.42,2.07,0
20231225:2010,0,0,0,7.59,2.34,0
20231225:2110,0,0,0,6.48,2.34,0
20231225:2210,0,0,0,5.52,2.34,0
20231225:2310,0,0,0,4.75,2.34,0
20231226:0010,0,0,0,4.12,2.34,0
20231226:0110,0,0,0,3.66,2.28,0
20231226:0210,0,0,0,3.34,2.28,0
20231226:0310,0,0,0,3.08,2.21,0
20231226:0410,0,0,0,2.69,2.21,0
20231226:0510,0,0,0,2.44,2.21,0
20231226:0610,0,0,0,2.36,2.21,0
20231226:0710,0,0,0,2.65,2.21,0
20231226:0810,179.84,223.43,7.33,3.21,2.14,0
20231226:0910,421.5,512.95,14.95,6.31,1.52,0
20231226:1010,527.98,676.17,20.66,11.27,0.83,0
20231226:1110,583.22,780.71,23.93,14.42,0.34,0
20231226:1210,576.87,777.53,24.36,15.59,0.28,0
20231226:1310,531.82,701.53,21.91,16.12,0.76,0
20231226:1410,426.26,547.7,16.88,16.03,1.03,0
20231226:1510,311.16,399.34,9.76,15.09,1.1,0
20231226:1610,0,0,0,13.47,0.9,0
20231226:1710,0,0,0,12.53,0.21,0
20231226:1810,0,0,0,9.38,1.59,0
20231226:1910,0,0,0,8.55,2.07,0
20231226:2010,0,0,0,7.81,2.34,0
20231226:2110,0,0,0,6.14,2.07,0
20231226:2210,0,0,0,4.89,1.86,0
20231226:2310,0,0,0,4.11,1.86,0
20231227:0010,0,0,0,3.58,2.07,0
20231227:0110,0,0,0,3.4,2.07,0
20231227:0210,0,0,0,3.27,2,0
20231227:0310,0,0,0,3.12,2,0
20231227:0410,0,0,0,2.85,2,0
20231227:0510,0,0,0,2.57,2,0
20231227:0610,0,0,0,2.37,2,0
20231227:0710,0,0,0,2.39,2.14,0
20231227:0810,182.79,226.46,7.29,2.65,2.07,0
20231227:0910,436.96,530.85,14.93,5.84,1.66,0
20231227:1010,547.03,691.55,20.66,10.95,1.79,0
20231227:1110,605.3,782.67,23.95,14.17,2.34,0
20231227:1210,604.1,780.72,24.41,16.05,3.1,0
20231227:1310,568.66,726.57,21.98,16.82,3.79,0
20231227:1410,458.93,575.74,16.96,16.54,4.14,0
20231227:1510,291.66,368.1,9.85,15.46,3.93,0
20231227:1610,0,0,0,13.29,3.52,0
20231227:1710,0,0,0,10.77,3.24,0
20231227:1810,0,0,0,8.96,3.03,0
20231227:1910,0,0,0,8.09,2.9,0
20231227:2010,0,0,0,7.11,2.55,0
20231227:2110,0,0,0,6.06,2.28,0
20231227:2210,0,0,0,5.23,2.21,0
20231227:2310,0,0,0,4.58,2.14,0
20231228:0010,0,0,0,4.2,2,0
20231228:0110,0,0,0,3.71,2,0
20231228:0210,0,0,0,3.32,2,0
20231228:0310,0,0,0,3.2,1.86,0
20231228:0410,0,0,0,2.89,1.79,0
20231228:0510,0,0,0,2.54,1.79,0
20231228:0610,0,0,0,2.62,1.79,0
20231228:0710,0,0,0,2.92,1.79,0
20231228:0810,237.23,291.73,7.26,3.19,1.72,0
20231228:0910,223.82,271.95,14.92,5.43,1.31,0
20231228:1010,310.06,378.42,20.67,9.2,1.72,0
20231228:1110,462.66,574.19,23.98,11.32,2.28,0
20231228:1210,501.27,627.7,24.46,12.79,2.69,0
20231228:1310,120.09,159.08,22.05,13.51,2.76,0
20231228:1410,120.86,159.54,17.05,13.52,2.76,0
20231228:1510,94.94,129.35,9.95,12.85,2.48,0
20231228:1610,0,0,0,11.63,1.93,0
20231228:1710,0,0,0,9.85,1.1,0
20231228:1810,0,0,0,8.7,1.52,0
20231228:1910,0,0,0,8.2,1.66,0
20231228:2010,0,0,0,7.14,1.66,0
20231228:2110,0,0,0,6.21,1.72,0
20231228:2210,0,0,0,5.35,2,0
20231228:2310,0,0,0,5.1,2.07,0
20231229:0010,0,0,0,5.02,2.14,0
20231229:0110,0,0,0,4.54,2.14,0
20231229:0210,0,0,0,4.05,2.07,0
20231229:0310,0,0,0,4.14,2,0
20231229:0410,0,0,0,4.14,2.07,0
20231229:0510,0,0,0,3.89,2.07,0
20231229:0610,0,0,0,3.95,2.07,0
20231229:0710,0,0,0,4.3,2,0
20231229:0810,47.12,70.28,7.24,4.86,1.86,0
20231229:0910,48.47,71.89,14.91,6.23,1.52,0
20231229:1010,171.34,215.03,20.68,8.43,1.03,0
20231229:1110,134.67,175.18,24.02,10.69,0.69,0
20231229:1210,356.15,448.83,24.52,11.82,0,0
20231229:1310,396.76,499.84,22.13,12.43,0.62,0
20231229:1410,56.18,83.25,17.14,12.7,1.03,0
20231229:1510,134.32,176.05,10.06,12.34,1.24,0
20231229:1610,0,0,0,11.51,1.38,0
20231229:1710,0,0,0,10.46,1.1,0
20231229:1810,0,0,0,9.4,1.03,0
20231229:1910,0,0,0,8.16,1.38,0
20231229:2010,0,0,0,7.49,1.52,0
20231229:2110,0,0,0,7.36,1.66,0
20231229:2210,0,0,0,7.45,1.79,0
20231229:2310,0,0,0,7.13,1.93,0
20231230:0010,0,0,0,6.48,1.93,0
20231230:0110,0,0,0,5.98,1.79,0
20231230:0210,0,0,0,5.64,1.79,0
20231230:0310,0,0,0,5.23,1.86,0
20231230:0410,0,0,0,4.87,1.93,0
20231230:0510,0,0,0,4.64,1.86,0
20231230:0610,0,0,0,4.73,1.86,0
20231230:0710,0,0,0,5.52,1.93,0
20231230:0810,168.78,213.24,7.22,5.43,1.79,0
20231230:0910,413.06,507.24,14.92,7.45,1.1,0
20231230:1010,522.32,667.92,20.71,10.93,0.69,0
20231230:1110,589.79,778.43,24.06,12.4,0.48,0
20231230:1210,592.77,780.45,24.59,13.16,0.83,0
20231230:1310,555.27,719.37,22.22,13.61,1.24,0
20231230:1410,453.19,571.77,17.24,13.82,1.86,0
20231230:1510,280.74,353.84,10.17,13.62,2.34,0
20231230:1610,0,1.81,1.53,12.27,2.55,0
20231230:1710,0,0,0,10.65,2.62,0
20231230:1810,0,0,0,9.55,2.62,0
20231230:1910,0,0,0,9.16,2.69,0
20231230:2010,0,0,0,8.49,2.76,0
20231230:2110,0,0,0,7.93,2.9,0
20231230:2210,0,0,0,7.63,3.1,0
20231230:2310,0,0,0,7.48,3.38,0
20231231:0010,0,0,0,7.49,3.66,0
20231231:0110,0,0,0,7.76,4,0
20231231:0210,0,0,0,8.22,4.55,0
20231231:0310,0,0,0,8.74,5.03,0
20231231:0410,0,0,0,9.39,5.66,0
20231231:0510,0,0,0,10,5.93,0
20231231:0610,0,0,0,10.24,5.59,0
20231231:0710,0,0,0,10.36,5.17,0
20231231:0810,32.77,53.88,7.21,10.56,4.21,0
20231231:0910,90.65,122.7,14.92,10.8,3.24,0
20231231:1010,97.22,131.14,20.74,11.42,2.41,0
20231231:1110,180.53,230.59,24.11,13.22,1.38,0
20231231:1210,214.51,272.45,24.66,14.11,1.1,0
20231231:1310,221.02,278.9,22.31,14.18,1.86,0
20231231:1410,447.95,560.5,17.35,13.75,2.55,0
20231231:1510,244,306.13,10.28,12.95,3.17,0
20231231:1610,0,0.91,1.65,11.7,2.97,0
20231231:1710,0,0,0,10.81,1.59,0
20231231:1810,0,0,0,10.51,0.55,0
20231231:1910,0,0,0,9.88,1.03,0
20231231:2010,0,0,0,9.79,1.38,0
20231231:2110,0,0,0,9.53,1.59,0
20231231:2210,0,0,0,9.09,1.66,0
20231231:2310,0,0,0,8.71,1.59,0
